"","index","recnoise1","recnoise2","meanpeaks","varprey","meanPeriod","sdperiod"
"1","1",1.74932844593254,-1.89696517119276,0.4,87331.8357160648,36.82,2.55808316394995
"2","2",0.697497842210002,0.551410379953441,0.1,8740.54303738882,20.5194444444444,0.0271866936072004
"3","3",-0.837569630775158,-0.894155146472527,1.15,447.862678175261,7.04424603174603,0.0153087958356776
"4","4",2.03800687265614,-0.579092871155075,0.5,120528.669869236,46.7291666666667,1.60565407233314
"5","5",-0.148319043200921,0.222171233720813,1.45,1191.458929034,6.22724597939085,0.190113821620387
"6","6",NA,NA,NA,NA,NA,NA
"7","7",NA,NA,NA,NA,NA,NA
"8","8",0.0210980790396432,-1.50773505320999,0.75,4745.91635527138,27.3392857142857,2.00521272888373
"9","9",NA,NA,NA,NA,NA,NA
"10","10",0.103089616224841,-1.80396302986784,0.35,6713.10365436935,29.84,0.541343358303164
"11","11",NA,NA,NA,NA,NA,NA
"12","12",NA,NA,NA,NA,NA,NA
"13","13",1.5031067078743,0.859248183161152,0.25,58747.3319799045,31.0791666666667,5.89208973889808
"14","14",0.111519918629236,0.518624909964195,1.3,1621.84705752316,11.6568911427943,3.64322225312244
"15","15",NA,NA,NA,NA,NA,NA
"16","16",0.0417752469971142,0.355859986016453,1.3,1605.0577791443,6.19007824500768,0.316494837433273
"17","17",0.458015809788654,0.113892154731572,1.2,3255.95401509043,6.94166666666667,0.0187011127710815
"18","18",NA,NA,NA,NA,NA,NA
"19","19",-0.470189637926784,0.139800377482787,0.65,631.632648384618,14.7835364300469,6.28980879120763
"20","20",NA,NA,NA,NA,NA,NA
"21","21",1.81432634149823,0.00130253363687442,0.4,105730.707749538,60.8416666666667,2.86972246350477
"22","22",-0.723155655032079,-0.946280881747254,1.1,529.753672665361,7.43853846153846,0.0182748659538351
"23","23",NA,NA,NA,NA,NA,NA
"24","24",0.470278603473781,0.0480356908414508,1,3387.49854454332,7,0
"25","25",0.193006676057548,-1.70244783593179,0.45,6025.64231224167,23.6964285714286,0.182292066262158
"26","26",NA,NA,NA,NA,NA,NA
"27","27",1.57573537670953,0.400697088942656,0.4,56522.9501108959,25.9778571428571,3.80608500023332
"28","28",NA,NA,NA,NA,NA,NA
"29","29",0.651202853233859,-1.6312419933014,0.3,12532.3089024684,46.1666666666667,0.341992784028386
"30","30",-0.755028819407737,-1.22030923317705,1,494.852681790702,8.08514492753623,0.00185865643493677
"31","31",0.163086106088516,-0.0487387639314035,1.15,1997.03294701508,6.825,0.0109926252009123
"32","32",-0.400719990046676,-0.587892289934036,1,802.873685271955,7,0
"33","33",NA,NA,NA,NA,NA,NA
"34","34",1.25934397112559,-0.468461934157069,0.8,26629.6752726898,33.2541666666667,1.90791575910983
"35","35",-0.361298575782253,0.0500453981819302,1.1,834.095030532759,6.78543217035678,0.651169306355327
"36","36",-1.4786796946869,-2.25071095146267,0.8,294.098872580988,11.4305147058824,0.082673490204036
"37","37",0.0808507552212542,0.454638860422846,1.15,1663.33590008716,9.58613825934069,2.335316743276
"38","38",-0.28141790310735,-0.968527685369756,0.95,762.947113243521,8.56333992094862,0.0215775430753993
"39","39",-0.753631904729772,-0.734629075872903,1.15,493.442399059498,6.85152116402116,0.0130231710063347
"40","40",NA,NA,NA,NA,NA,NA
"41","41",NA,NA,NA,NA,NA,NA
"42","42",0.564272634987534,-0.133172704370858,0.1,13462.1489424459,22.1666666666667,0
"43","43",NA,NA,NA,NA,NA,NA
"44","44",0.423230944122151,0.300632137054782,1.3,3400.506822727,6.6932881773399,0.0154308609289034
"45","45",NA,NA,NA,NA,NA,NA
"46","46",-0.0791560916356361,-0.724497156866023,0.95,1105.54244186845,8.56788537549407,0.0221399124579153
"47","47",NA,NA,NA,NA,NA,NA
"48","48",1.03278135156546,1.48441320267098,1.2,10896.4330029138,32.5413445378151,12.8716922330787
"49","49",-0.203456478344507,-0.202414732276175,1.2,1151.78343111257,6.64987684729064,0.010935837963281
"50","50",1.76913322178666,0.993230630405245,0.3,97902.3730453222,44.8875,2.77813557637164
"51","51",0.332766791308137,1.04687602962779,0.6,2624.28097778027,25.9112273850183,14.6162081670765
"52","52",-0.572426398272656,-0.665619893559965,1.15,628.663244575999,6.92387566137566,0.0113744875149622
"53","53",-0.872531737660295,-0.351199344149869,1.25,372.880179297085,6.5135632183908,0.014026062559136
"54","54",0.449521352644156,-1.23960867976261,0.35,11859.1998470246,27,0
"55","55",-1.11580644609357,-1.07164761161942,1.1,326.916062657314,7.11360398860399,0.0082788311688367
"56","56",-0.0181851455285255,-1.20157708622503,0.85,532.461368585565,9.18523809523809,0.0185653225615405
"57","57",0.501459119945453,0.12036047536118,1.15,3625.53897822843,7,0
"58","58",0.204410155420858,-0.086302098318778,1.15,2093.30533611928,6.92738095238095,0.0013503116019422
"59","59",0.0435414340812004,0.647672917143187,0.95,1595.55602427417,17.0414791003198,6.44758851602523
"60","60",0.295321881737362,-0.177412154799548,1,2639.84611836727,8,0
"61","61",0.538459371045783,-1.60770166467004,0.8,9451.89986932828,26.2,0.134332098851893
"62","62",0.512693001083114,-0.882191401509993,0.4,10916.9738266795,26.4571428571429,0.41091446576387
"63","63",0.231760967500357,1.24408054757786,0.4,2410.43115429682,37.6977272727273,16.3501735000343
"64","64",-0.856550278140317,-1.54445127589116,0.9,370.496657994779,8.51798418972332,0.0202853742788537
"65","65",NA,NA,NA,NA,NA,NA
"66","66",-0.185490661664479,-1.37168614091587,0.9,424.951965543388,9.09642857142857,0.00211553170628247
"67","67",NA,NA,NA,NA,NA,NA
"68","68",-0.229976405644902,-0.961397912178631,0.9,783.307617077521,8.64080086580087,0.0141583662224445
"69","69",1.20609617097931,-0.0293861407194107,0.1,40879.9827904733,54.55,5.48898418365557
"70","70",1.00130543587582,0.0209904528569814,0.7,23113.9270739669,26.3183333333333,0.212056210136157
"71","71",0.503557161634153,0.972089267377594,1.25,3535.04684784331,35.5542804717805,27.2480792217842
"72","72",0.705179774680734,-0.0934199750370898,0.35,13188.9254373859,30.01,0.838900700896663
"73","73",0.635134404761258,-0.785881296425822,0.35,14784.2896333885,37.5,1.68772659297399
"74","74",0.509559592639397,-0.129493504023709,0.9,3369.20993113185,8.71883116883117,0.0139906138920702
"75","75",NA,NA,NA,NA,NA,NA
"76","76",0.406049226160485,-0.355826251684077,0.95,2279.95852544984,8.93387445887446,0.0235174928225116
"77","77",-0.325567497794779,-1.24966711634367,0.85,523.401043122679,8.85909090909091,0.00305300224663355
"78","78",0.0310557042296468,0.822546519801877,0.35,1534.70416500907,41.2879851183299,37.578462779599
"79","79",-0.0374379753899928,-0.457245234870939,1,1364.40371540158,7.91666666666667,0
"80","80",0.703742354469499,1.50957788702896,0.95,7231.9541414225,15.8733333333333,1.62536905390853
"81","81",0.537615319890676,-0.375509606527138,0.35,11414.0477775557,31.6666666666667,0.592348877759092
"82","82",0.720228767941738,-0.129491929267877,0.1,18052.7713763896,32.4125,1.81237522256524
"83","83",-0.692779601222379,-0.428552885687611,1.2,540.919986308363,6.5817816091954,0.0111645079190733
"84","84",-0.834818187895881,-1.71730689263859,0.9,304.860846256321,12.359136002886,3.64704973947336
"85","85",0.324400948046787,-1.06307953465741,0.4,8732.00287478443,23.6214285714286,0.398776323759295
"86","86",0.775272104517164,0.586084568982739,0.6,17844.2618787081,40.56,3.15138231992181
"87","87",1.66562960387231,0.679229073371777,0.5,72887.4169007983,50.7166666666667,1.26537330090502
"88","88",NA,NA,NA,NA,NA,NA
"89","89",0.666804439932098,1.02594807973101,1,4566.74902755151,20.3827101636109,11.3782499848293
"90","90",0.429532535408638,0.217036327925186,1.15,3300.36557308246,6.77124384236453,0.0182353360775379
"91","91",1.13254586964528,0.339455023515847,0,27457.4498714059,21.8214285714286,0.698125463073217
"92","92",-0.409496304334804,-0.800159496171846,1.05,784.088701968347,7.85925,0.0204301334033138
"93","93",NA,NA,NA,NA,NA,NA
"94","94",0.818242558392543,-0.443125804838811,0.1,17847.7934112343,27,0
"95","95",-1.07208283212748,-3.34808186416755,0.7,818.154835973501,15.4878787878788,0.596770909024566
"96","96",NA,NA,NA,NA,NA,NA
"97","97",-0.523699367558747,-0.357383183436322,1.15,707.954745980569,6.58965517241379,0.0106135691595015
"98","98",0.735226775804005,1.72588564776257,0.95,7290.8988855496,31.2827067669173,9.58485818741985
"99","99",1.97739948281191,-1.19845839759146,0.4,153063.173747712,103.2,25.4467452163388
"100","100",0.779017042910116,0.816317722561939,1.3,11339.1909285344,6.31724456370938,0.474863970368111
"101","101",0.343389827733014,-1.58441827918333,0.4,9125.00640563013,29.05,0.359092423229804
"102","102",-0.533576740213432,-0.438869537924324,1.1,694.704425702148,6.65387931034483,0.00768023832875082
"103","103",1.0044653673415,-0.888185891267122,0.3,26794.2989755422,34.3975,1.35767554840501
"104","104",NA,NA,NA,NA,NA,NA
"105","105",-0.176627581723983,-0.0529879507354168,1.2,1217.98905161087,6.53586206896552,0.0216282368384916
"106","106",NA,NA,NA,NA,NA,NA
"107","107",0.278749106798945,-1.06736938489731,0.35,7737.70384006479,28.4583333333333,0.814479706918751
"108","108",0.420945566906165,1.53434948212665,0.6,3459.33136095055,33.5575641025641,14.1629692532723
"109","109",0.783247751847369,-0.485476643408078,0,19222.1395995304,30.52,0.125376625595102
"110","110",1.25103401603091,-1.35145968659202,0.25,39113.6553359074,29.7125,1.74015085552949
"111","111",0.703525840039769,-0.260990233526716,0.45,15254.1863772191,26.5535714285714,0.195099743142927
"112","112",NA,NA,NA,NA,NA,NA
"113","113",NA,NA,NA,NA,NA,NA
"114","114",1.32536089453626,0.440481325846589,0.55,44802.6910497232,42.8125,0.457934435665654
"115","115",1.18176173788431,0.310980515869876,0.4,21125.8165448856,34.485,1.51701750328174
"116","116",NA,NA,NA,NA,NA,NA
"117","117",NA,NA,NA,NA,NA,NA
"118","118",NA,NA,NA,NA,NA,NA
"119","119",NA,NA,NA,NA,NA,NA
"120","120",1.58602319077916,-0.34826951196142,0.1,61190.8397383387,25.8333333333333,0
"121","121",0.610592591584647,-0.165552699188851,0.5,10060.2045159657,28.2452380952381,1.0194755853034
"122","122",0.949367367028591,0.320011571395721,0.55,20788.3456485735,32.565,1.06389304963076
"123","123",-1.07012076896346,-1.03212145611122,1.15,337.682252879703,7.09480056980057,0.0189741462097951
"124","124",0.794100829101481,0.954322393065553,0.25,14930.1117460544,28.0732142857143,4.9008960861448
"125","125",1.65360399352425,0.638476022700506,0.5,60406.7218521758,37.665,1.93098693064344
"126","126",-0.722596589760967,-0.557089398659469,1.2,521.180527743479,6.66668719211823,0.0164562281127367
"127","127",-0.582203743959654,-0.890607711680853,1.1,628.350274661995,7.628,0.0188064938392651
"128","128",NA,NA,NA,NA,NA,NA
"129","129",1.0584039472409,0.290975000093684,0.25,19904.6394297512,21.375,0
"130","130",0.908391464640302,-0.499056030331742,0.45,21148.56240002,28.9238095238095,0.236536249447692
"131","131",0.220792437588588,-0.646794494620945,0.9,1360.80945068018,9,0
"132","132",0.263582037779414,-1.07843914127336,0.3,7695.74955140726,30.6466666666667,0.714871272099051
"133","133",NA,NA,NA,NA,NA,NA
"134","134",0.0254763653499602,0.711255984267031,0.75,1551.13782350327,17.4912559175717,6.61510906537383
"135","135",0.52919120847391,1.49012700971924,0.8,4751.8702230168,28.0966863180679,7.69336325017822
"136","136",0.640438428320936,-0.777767393687069,0.6,15616.1893336632,44.1666666666667,2.56494588021289
"137","137",-0.785365700429038,-0.692378273258431,1.15,471.630035415198,6.76995073891626,0.0172811497309327
"138","138",-0.376204184090863,-0.17681565953276,1.35,887.742553668133,6.51362068965517,0.0116878731686326
"139","139",1.05163203128155,0.803077401010124,1.3,16034.7215221698,6.75880541871921,0.0122911028088107
"140","140",0.351849519965453,-0.892301228756868,0.9,9167.58727888114,34.795,2.89049713444081
"141","141",NA,NA,NA,NA,NA,NA
"142","142",0.0810960694940568,-0.767840372099167,0.85,1085.58279391635,8.90562770562771,0.00177658589105607
"143","143",-0.430274034601964,-1.35037628761254,0.9,458.730522570484,8.81774891774892,0.0141082062670008
"144","144",-0.325527108107886,-1.31571655751577,0.9,476.171351146675,8.9271645021645,0.0236825775451704
"145","145",NA,NA,NA,NA,NA,NA
"146","146",NA,NA,NA,NA,NA,NA
"147","147",-0.167970216064412,-1.05414920958761,0.9,688.114891794789,8.88950216450217,0.022389509155491
"148","148",0.261143630306817,-0.492280137635285,0.9,1748.58179268603,8.85909090909091,0.00305300224663355
"149","149",0.0662567365332831,-1.5327366259735,0.4,5773.61124285711,23.1455357142857,0.73174789915395
"150","150",-0.821486224280954,-2.06893699424959,0.4,1331.40818237889,22.1321428571429,0.184706635921353
"151","151",0.348358111551182,-1.4151232359729,0.45,7352.66516682901,29.6833333333333,0.530088815243995
"152","152",-0.481333310102534,0.195869518256558,0.65,645.512987937449,15.5231138102798,6.37362272292862
"153","153",0.137358199346067,0.250445244411511,1.1,2014.48129570085,6.49224137931034,0.0189490111309928
"154","154",0.0252860715381728,-2.27676677365078,0.5,5038.95370088626,22.9571428571429,0.174040256093636
"155","155",NA,NA,NA,NA,NA,NA
"156","156",2.57230286368826,0.118426583651329,0.1,404868.788189817,35.8575,0.689064010470955
"157","157",-0.689493744641086,-0.176114671025151,1.35,457.179954430188,8.19670246686295,1.53242715819221
"158","158",NA,NA,NA,NA,NA,NA
"159","159",0.0574959773495909,-0.232760384729094,1.2,1626.70438339852,7,0
"160","160",0.491156675778363,1.02545876944857,1.3,3333.83562992669,22.8965845484924,11.7902281331289
"161","161",2.10001825520384,-0.0755006175453395,0.8,96668.8461789476,28.235,3.02510886179837
"162","162",0.0806469975638058,0.486522136977581,1.15,1571.5310343146,11.9028570818413,4.07108082955245
"163","163",1.92059435083578,-0.397890086318624,0.4,133281.704895923,32.8,0.251312344975017
"164","164",1.10322061073437,-0.395806574102975,0.25,16626.6876180406,23.4285714285714,0
"165","165",NA,NA,NA,NA,NA,NA
"166","166",-0.151147571693803,-0.58350132275232,1,1167.60159447226,8.00208333333333,0.00931694990624899
"167","167",0.836688992647004,0.63626671626875,0.4,16767.210413404,27.325,0.193163221331567
"168","168",0.0802342498312224,0.983015457715541,0.3,1645.94831200102,35.1032738095238,18.30853156578
"169","169",NA,NA,NA,NA,NA,NA
"170","170",1.23410121854642,0.771702890723314,0.45,34111.0628164787,26.8761904761905,0.382952144723835
"171","171",-1.67453907484689,-0.753408013529998,0.3,307.624448574956,29.1516666666667,0.052398607186525
"172","172",1.46145887780279,0.370645569075751,0.3,55214.6961487913,34.835,0.156524758424986
"173","173",-0.624096693457278,-0.37951406569149,1.25,604.11065044007,6.56603448275862,0.0160550739774497
"174","174",-0.155725206760126,0.598976439287229,0.95,1117.41322011033,18.6012887127806,7.13844529737646
"175","175",-0.0399334801001248,-0.828790029894373,0.9,970.020518684262,8.80746753246753,0.0155209175756128
"176","176",0.691751170839722,-0.404573086116873,0.4,15673.6754205867,30.9916666666667,0.279070093272397
"177","177",NA,NA,NA,NA,NA,NA
"178","178",1.07879555630006,1.76868028361732,0.8,15470.538345758,41.5458333333333,17.9753387551549
"179","179",NA,NA,NA,NA,NA,NA
"180","180",NA,NA,NA,NA,NA,NA
"181","181",-0.212862789523332,-1.13593377537092,0.85,613.057323615215,8.87337662337662,0.0212599606546483
"182","182",-1.09847160167376,-1.84505209707618,0.65,300.739525974288,11.4398897058824,0.0153809362304825
"183","183",-0.293965950192205,-0.86509079558978,1,848.437533263158,8.34802371541502,0.0120451859722029
"184","184",-0.227450505383149,-1.30053987835354,0.9,479.165851772455,9,0
"185","185",NA,NA,NA,NA,NA,NA
"186","186",1.01369485195329,-0.0206856040948201,0.85,20608.2739182857,21.8071428571429,0.475698367274141
"187","187",NA,NA,NA,NA,NA,NA
"188","188",-0.866284449297009,-0.445996032327288,1.25,387.718297282888,6.55390804597701,0.014037460424845
"189","189",-0.190166049724912,-1.87242121287834,0.3,2703.30804287335,20.525,0.0283565436407808
"190","190",-0.212293635708506,0.261765102652197,0.95,929.731680742529,11.3243989331521,3.94124015866871
"191","191",NA,NA,NA,NA,NA,NA
"192","192",-0.423031034641929,-0.847108037191078,1,765.165040346945,7.9580615942029,0.000663673095167577
"193","193",NA,NA,NA,NA,NA,NA
"194","194",NA,NA,NA,NA,NA,NA
"195","195",-0.86009970888203,-0.111465359843972,0.3,433.567330127005,23.9878571428571,6.15658885155948
"196","196",-0.254397973720699,-0.16719563160852,1.3,1076.13091025897,6.57885057471264,0.016545337209606
"197","197",-1.30039010916974,-0.650639481089239,0.6,294.353238464055,28.1642857142857,0.00732841680060876
"198","198",NA,NA,NA,NA,NA,NA
"199","199",-1.3623295314717,-1.12866215578076,1.15,285.187858698018,6.92738095238095,0.0013503116019422
"200","200",-1.33992066624827,-1.26689730219769,1.15,289.894987136964,7.26858974358974,0.00768473717091026
"201","201",1.05753976409545,-1.91360262097744,0.45,23735.8662291939,29.3916666666667,0.27505980211009
"202","202",-0.923418325620829,-0.866330289200692,1.15,382.991524070642,6.92738095238095,0.0013503116019422
"203","203",0.758999923580491,0.116546907456624,0.25,11831.7298478198,26.3047619047619,0.0697804854347661
"204","204",-0.796993432233747,-0.612695487787486,1.25,463.538365905086,6.68879310344828,0.0100931456500821
"205","205",0.855234756548595,-0.601049110851601,0.05,24297.8486042064,58.4583333333333,0.186338998124983
"206","206",-0.0525522593698528,-0.757877125912587,0.95,1071.21254114953,8.68116883116883,0.00955431226248901
"207","207",-0.0564611174289772,-0.328653522917898,1.15,1360.66409552918,7,0
"208","208",0.202034348925687,-1.19550423036673,0.2,7202.69085625123,31.54,2.78424136884718
"209","209",0.243289792757134,0.0535267410968193,1.2,2379.36191691659,6.77524630541872,0.0165781353721434
"210","210",-0.888244302635353,-1.35344101395989,1,431.465330669719,8.1258152173913,0.00954044926207219
"211","211",0.273032215156844,0.121817657196065,1.25,2564.08851705296,6.73596059113301,0.0167358000091168
"212","212",NA,NA,NA,NA,NA,NA
"213","213",NA,NA,NA,NA,NA,NA
"214","214",2.55975441165699,0.292934355678956,0,289113.571284834,41.685,2.72886294680699
"215","215",-0.15254970071031,0.160444678808459,1.4,1226.71958077218,6.26228059999491,0.277658788862276
"216","216",NA,NA,NA,NA,NA,NA
"217","217",0.494411379876951,-1.33798242483855,0.2,9242.47519012943,23.9083333333333,0.529603127342305
"218","218",0.591968188436857,0.79604718449576,1.2,4058.09941730614,6.90938859599584,0.924496943690275
"219","219",-0.36809905896895,-0.708884455516385,1.05,829.36248266824,7.66133333333333,0.0185560633050256
"220","220",NA,NA,NA,NA,NA,NA
"221","221",-0.399563147584976,-0.15692912160428,1.35,854.825315467447,6.49074712643678,0.0159158761925726
"222","222",0.140179470500992,0.347484916628763,1.25,1924.85146588268,6.20116818415206,0.459955300299701
"223","223",1.16852043375153,0.832780638308375,0.5,33325.0678602817,37.5125,0.367020363697195
"224","224",1.9923517997239,-1.79471396925923,0.4,140177.822177999,39.9,5.12886567945533
"225","225",-0.109708820520965,-0.0923066279459515,1.3,1338.18214859257,6.61588669950739,0.0109635402836878
"226","226",-0.0249358513442277,-1.21259702901506,0.85,523.319400304728,9.19523809523809,0.00488561120040548
"227","227",-0.563962640842167,-0.639914175460734,1.15,638.832016264533,6.87956349206349,0.0169474987415893
"228","228",0.700896724839239,-0.280462810190898,0.3,13806.9350688365,24.4285714285714,0
"229","229",-1.24971867782387,-1.86792301498506,0.75,298.473315047186,11.4435661764706,0.0261677236490394
"230","230",NA,NA,NA,NA,NA,NA
"231","231",0.175074462369133,-0.971548666576723,0.85,785.986278349636,9.22202380952381,0.0249940319884566
"232","232",1.0961794413409,-0.980776869090079,0.3,26844.485121983,33.6,0
"233","233",0.300943178604463,0.654375572720465,1,2511.74411721985,11.5301890424566,3.98228680934497
"234","234",0.36927366578905,-1.52313130459274,0.4,8056.05518567079,26.1107142857143,0.692709851796198
"235","235",NA,NA,NA,NA,NA,NA
"236","236",NA,NA,NA,NA,NA,NA
"237","237",1.3572977333807,-1.65930658085182,0,33628.8030350222,30.2,0
"238","238",1.4571323601223,-0.421332326802601,0,54732.866282093,29,3.59092423229804
"239","239",-1.06786284279198,-2.04650954005872,0.65,484.134881947471,17.125,0
"240","240",0.49031014031566,0.566192700016548,1.2,3993.00544933507,6.50258620689655,0.0258015019761312
"241","241",-0.400925504074351,-0.264669313727008,1.3,855.101541358865,6.56948275862069,0.0163256515915732
"242","242",NA,NA,NA,NA,NA,NA
"243","243",0.138505487713855,0.0610786777454806,1.2,2039.27122600105,6.6753078817734,0.0171311851392534
"244","244",1.96539727684115,-0.974377866445654,0,133157.390935997,37.3333333333333,0
"245","245",NA,NA,NA,NA,NA,NA
"246","246",NA,NA,NA,NA,NA,NA
"247","247",2.12969450286434,0.380630643078183,0,187859.732330714,27.5,0
"248","248",0.165933760781159,-0.336399688694258,0.95,1963.0749986647,8.22300724637681,0.016550393674863
"249","249",1.23447478876753,0.0853133664812354,0.4,26857.9911537715,25.255,1.00182727789617
"250","250",NA,NA,NA,NA,NA,NA
"251","251",-0.251583316627736,-0.925861233115518,0.95,811.049121515661,8.56333992094862,0.0215775430753993
"252","252",NA,NA,NA,NA,NA,NA
"253","253",0.614732764230927,1.07072058746896,0.45,4223.75875103347,23.0830595711478,12.9020080914966
"254","254",NA,NA,NA,NA,NA,NA
"255","255",-0.0623879863306882,-1.75635554957258,0.05,4630.177731373,26.3333333333333,0
"256","256",0.0338510459160368,0.285803015998192,1.3,1619.68467950927,6.2286952764977,0.32846307055844
"257","257",0.904589312079381,0.792931788966847,1.15,8915.1709267591,6.66379310344828,0.015516109608878
"258","258",1.45128456914829,0.357313171446115,0.4,47128.7864941932,29.12,1.94925086824873
"259","259",0.433033394926837,-0.0671662874966726,1,3300.72462019077,8,0
"260","260",-1.23319167611724,-1.72744280668607,0.95,316.733150479207,8.38932806324111,0.0149550245522042
"261","261",-0.393972644795429,-0.421427991367307,1.2,841.256758012324,6.7301724137931,0.0164689562669426
"262","262",0.520235011339594,0.114578730711254,1.1,3793.4912233741,7,0
"263","263",-0.136325653353867,-1.44012610607356,0.8,376.532477814957,9.16797619047619,0.0251677152692199
"264","264",-0.883796328265412,-0.272625807355255,0.15,336.920990822785,23.5317725752508,6.79699918568007
"265","265",0.542246204005466,-0.303252395515078,0.4,7765.46488540768,24.0133928571429,1.29000010147878
"266","266",0.656411020082156,-0.878964984772766,0.9,15722.2107515805,25.46,1.41585012587751
"267","267",0.775315657235995,-0.856658359061266,0.4,11851.6727048242,29.2,0.909983612730799
"268","268",-0.895277129949089,-0.204117661641351,0.5,350.275440147198,25.4354329004329,3.96990939475066
"269","269",-0.295667065847262,-1.02021249813995,0.9,714.13339743437,8.61504329004329,0.0227153349936631
"270","270",NA,NA,NA,NA,NA,NA
"271","271",0.0359941596103144,-1.29881075978629,0.85,463.482530031177,9.30119047619048,0.0121528044174771
"272","272",-0.329087195990506,0.280293230431699,0.85,779.68974329439,14.2315249062532,5.12848155408362
"273","273",-0.312493530077798,-1.06777698305396,0.9,670.817075076602,8.65443722943723,0.0230172776436127
"274","274",-0.0262097702470636,-1.91325763989021,0.15,4023.00294167949,25.8761904761905,0.382952144723835
"275","275",-0.83212390239118,-0.678133015086554,1.2,440.056832253929,6.73466748768473,0.0165924538917856
"276","276",1.34176268935997,-1.21204223535907,0.4,48755.2097644101,44.8333333333333,0.418853908291697
"277","277",NA,NA,NA,NA,NA,NA
"278","278",1.60595315046114,-0.802487513939805,0,58378.5165676106,47.625,3.03578799851535
"279","279",NA,NA,NA,NA,NA,NA
"280","280",0.286299972959055,0.2878751517124,1.2,2694.97980837311,6.57563218390805,0.022039075342182
"281","281",-0.00343650007819194,0.735380516497364,0.7,1417.22866142056,23.9598724592401,12.2340615910747
"282","282",1.33748413597054,-2.14149135741819,0.3,47859.0128277835,35.6833333333333,4.13811268674346
"283","283",0.776107201314646,-0.5918197680192,0.5,16728.1324565151,38.9075,1.70989958153904
"284","284",0.841843253608365,-1.13213399828322,0.15,20505.2479011621,27,0
"285","285",-0.266499420140841,-0.360863013689934,1.25,1009.64840058964,6.773460591133,0.0172990396623444
"286","286",NA,NA,NA,NA,NA,NA
"287","287",0.505619259931568,-0.870767246995462,0.55,8709.10351812057,32.4208333333333,0.763989892312428
"288","288",NA,NA,NA,NA,NA,NA
"289","289",0.0989164590264779,0.815776718990176,0.9,1856.73719456175,22.9940916352559,11.2264582890252
"290","290",NA,NA,NA,NA,NA,NA
"291","291",-0.155958388736701,0.355379033830119,1.2,1092.88922085878,13.4472157580981,5.03113864067116
"292","292",-0.139870438750246,0.492010614069808,0.85,1124.10888547457,15.7310125383545,5.75038897767525
"293","293",NA,NA,NA,NA,NA,NA
"294","294",NA,NA,NA,NA,NA,NA
"295","295",0.444647955065288,1.49783958648756,1,3747.60386688866,39.8636904761905,14.1565387203158
"296","296",-0.053492088167458,0.249066405119601,1.3,1441.70343273834,6.13200326530972,0.422427708195629
"297","297",NA,NA,NA,NA,NA,NA
"298","298",-0.474973099932165,-0.157397002004171,1.4,749.213555786178,6.46637931034483,0.0158300131125275
"299","299",NA,NA,NA,NA,NA,NA
"300","300",NA,NA,NA,NA,NA,NA
"301","301",1.23643742371885,-1.01503391758928,0.35,38849.5356470328,51.5,2.66556994991592
"302","302",0.0461556387838041,0.408313252332085,1.35,1635.99571656857,7.56995437321469,1.42635808530024
"303","303",NA,NA,NA,NA,NA,NA
"304","304",NA,NA,NA,NA,NA,NA
"305","305",0.630510939933446,-0.663085120910382,0.2,13963.3804922073,30.8133333333333,0.544445637902976
"306","306",0.743798629336302,0.0697322952058139,0.2,17033.3151680224,29.6,0
"307","307",-0.293935117112617,0.0322408693966692,1.3,982.529189550204,6.38163851038191,0.101831787977286
"308","308",0.0684810001475764,-2.08841461060907,0.4,5244.10604737135,20.4201388888889,0.0339833670089987
"309","309",NA,NA,NA,NA,NA,NA
"310","310",NA,NA,NA,NA,NA,NA
"311","311",NA,NA,NA,NA,NA,NA
"312","312",0.835625981063624,0.582424347238468,0.35,12965.1632390146,29.56,0.123117402250219
"313","313",NA,NA,NA,NA,NA,NA
"314","314",0.0591012439026605,-0.757973543778637,0.9,1098.59833292002,8.85909090909091,0.00305300224663355
"315","315",NA,NA,NA,NA,NA,NA
"316","316",0.0923608145492629,-0.370437212664532,1,1767.30232314252,8,0
"317","317",0.387598648063271,-0.152913772788891,0.95,2894.70563994648,8.36501976284585,0.017074241632246
"318","318",1.03891795431978,-1.12759751002757,0.1,27041.7326471155,40.1791666666667,1.18262117191318
"319","319",-1.49022953340793,-0.663925870093048,0.5,304.200569105298,28.55,0.0783603909969384
"320","320",-0.0280387995566537,-0.403042839184909,1.1,1348.98423555105,7.54761538461538,0.0186526878892458
"321","321",1.31767272785966,-0.808666025625914,0.15,53238.720379089,64.2666666666667,2.3485717944496
"322","322",NA,NA,NA,NA,NA,NA
"323","323",-0.174146636902336,-0.854292675772569,0.95,906.423400754205,8.59416996047431,0.0155252416323459
"324","324",NA,NA,NA,NA,NA,NA
"325","325",NA,NA,NA,NA,NA,NA
"326","326",0.81925480482483,1.29779816916791,0.9,10835.2828310447,34.8440593434343,21.7852584285208
"327","327",0.510636151931415,0.0888194036464347,1.1,3711.81959561348,7,0
"328","328",1.04157650223995,-0.272539669107384,0.55,30952.9091125069,32.4875,1.62155505286551
"329","329",-1.29652176722701,-2.35960546033928,0.3,586.086264384405,14.0448717948718,0.331524731140891
"330","330",NA,NA,NA,NA,NA,NA
"331","331",NA,NA,NA,NA,NA,NA
"332","332",0.16361726737245,0.284523274586399,1.35,2111.25909930922,6.38401253918495,0.486674359516313
"333","333",NA,NA,NA,NA,NA,NA
"334","334",NA,NA,NA,NA,NA,NA
"335","335",-0.118061770251617,0.33039115463578,0.75,1107.42091935718,10.6167020086467,3.51005281697593
"336","336",0.493564541010351,0.427641566734647,1.2,3911.33262602501,6.62900246305419,0.0177922075771541
"337","337",1.89245137169643,-0.0267811178868196,0.1,90078.1570891817,25,0
"338","338",0.223755493518277,-0.934174193496685,0.85,830.951257619223,9.24821428571429,0.010417785475184
"339","339",NA,NA,NA,NA,NA,NA
"340","340",0.140004377324792,-0.530301702606619,0.9,1584.72791323648,8.68744588744589,0.0163099148182633
"341","341",NA,NA,NA,NA,NA,NA
"342","342",1.16227404481231,-0.30860737445364,0.2,31718.121133217,38.125,1.41072023411709
"343","343",NA,NA,NA,NA,NA,NA
"344","344",NA,NA,NA,NA,NA,NA
"345","345",1.32436147396131,-0.423360415600031,0.4,49699.1292274707,44.0166666666667,3.68293837685608
"346","346",1.92024154249567,0.894061635682038,0.4,135844.896573819,33.6616666666667,0.923271262718278
"347","347",0.799134915850847,-1.27426691694295,0.35,17945.2905524798,34.575,1.91032513077307
"348","348",1.69430424667967,-0.327136038564824,0.4,73897.8533323935,77.8833333333333,7.36934935672889
"349","349",0.235291835162595,-1.0250625705211,0.9,725.495041327288,9.31369047619048,0.0246937924798724
"350","350",0.928481641506031,1.01597226032922,1.35,9199.5507405648,6.15309169901969,0.572144304521904
"351","351",1.44773088898621,0.702026532718846,0.1,47678.7719079913,31.845,1.39188437208813
"352","352",0.103528707712476,-0.224383688328753,1.15,1782.39819323498,7,0
"353","353",NA,NA,NA,NA,NA,NA
"354","354",0.997192314712121,0.559790618967559,0.25,24439.6648357159,26.8333333333333,0
"355","355",NA,NA,NA,NA,NA,NA
"356","356",0.223705053439422,0.351636384774209,1.45,2342.65109290676,6.2326410230903,0.581525485219652
"357","357",NA,NA,NA,NA,NA,NA
"358","358",NA,NA,NA,NA,NA,NA
"359","359",NA,NA,NA,NA,NA,NA
"360","360",-0.0424553037959239,-1.08163590982098,0.9,649.784421044472,9.04785714285714,0.000732841680061095
"361","361",NA,NA,NA,NA,NA,NA
"362","362",NA,NA,NA,NA,NA,NA
"363","363",-0.53267165404448,-2.0786731904778,0.65,1851.22363595561,15.4969696969697,0.281774447396231
"364","364",NA,NA,NA,NA,NA,NA
"365","365",1.35229676852105,-0.671307027800787,0.35,43619.6497423482,35.3325,1.74990789231289
"366","366",1.30183566566557,0.00901232979673865,0.4,37989.7312936542,36.6075,0.269148266711275
"367","367",0.409076536868381,-1.42321872369924,0.4,9197.43373103308,31.5316666666667,0.901815906837178
"368","368",0.095217589648235,-0.473118889136479,0.95,1633.57433342594,8.45316205533597,0.0137684560186984
"369","369",NA,NA,NA,NA,NA,NA
"370","370",1.13073079356388,-1.30518487113639,0.65,33728.5456689671,37.365,0.153125335660211
"371","371",0.10853122776788,-0.00296298911606329,1.1,1912.31232724243,6.71305418719212,0.0109424053773234
"372","372",0.185939377604035,0.14844270209436,1.3,2238.32263530211,6.62740147783251,0.0142025227841002
"373","373",1.00911569122823,0.366553742017736,0.4,22361.0252219119,23.8952380952381,0.742323566485712
"374","374",0.130851285461367,0.541826031294722,1.65,1688.78704665047,12.8934875288136,4.75502139925073
"375","375",NA,NA,NA,NA,NA,NA
"376","376",NA,NA,NA,NA,NA,NA
"377","377",0.279152402548636,0.780758857263961,0.8,2328.41856008659,38.1049587074848,31.1586111696008
"378","378",0.0974548693834543,0.0173271521363965,1.15,1887.40175004727,6.68577586206897,0.00542394626153458
"379","379",-1.18083485236834,-0.875446952569439,1.2,287.930478114042,6.75264778325123,0.0107010160437486
"380","380",NA,NA,NA,NA,NA,NA
"381","381",-0.325855232715088,-0.0564617599725429,1.3,949.90539494319,6.44540229885058,0.0261165805575083
"382","382",0.864038297063745,1.06434676565341,0.3,17030.0350496389,23.8627651515152,6.22140882558438
"383","383",-0.0790395088220476,-1.23785302107865,0.9,506.502497877903,9.14571428571429,0.0035901763567864
"384","384",-0.385932952979602,0.11590859131847,0.8,685.079246691446,13.0449660004465,5.03932898518205
"385","385",0.162939074066124,0.474131199779899,1.4,1933.39215789971,6.03515035736098,0.415512035833479
"386","386",0.601775305383456,-1.58610830110544,0.35,15565.6301481724,32.9233333333333,0.946096937530546
"387","387",-0.552927677493153,-0.0959611717059812,1.35,582.02121681054,7.48693600003195,1.01106582905116
"388","388",0.794463061340529,-1.2736880646613,0.1,18826.3391389837,32.4,0
"389","389",1.57150064579001,0.359915715017001,0.35,51345.7151766164,40.6,1.23117402250218
"390","390",-0.133707389360615,-1.0760998020424,0.85,664.885484502428,8.90584415584416,0.00192321064207447
"391","391",NA,NA,NA,NA,NA,NA
"392","392",NA,NA,NA,NA,NA,NA
"393","393",1.07984859143799,0.107469366522555,0.4,24518.8648153475,39.875,0.886670294149023
"394","394",1.15482476557223,-1.24674013200747,0.3,31200.0376042175,57.3166666666667,3.17561063796817
"395","395",0.459223006075531,-1.04750932472227,0.35,10683.2728369496,32.605,2.27300519831763
"396","396",1.75229145420726,0.0580225949397982,0.4,92653.4371170619,33.3716666666667,0.126710518724987
"397","397",0.735589421629223,-1.88911408622428,0.35,17073.9376892135,29.125,4.9609218512324
"398","398",-0.267188614588459,-1.39778442468561,0.9,418.731998357669,9.04785714285714,0.000732841680061095
"399","399",-0.685043322982102,-2.59141666715035,0.4,1417.76900672557,18.7244444444444,0.346552687815429
"400","400",-0.351595464650925,-1.60039476848351,0.75,329.624963876503,11.4724264705882,0.0265784052967581
"401","401",-0.658634579225029,-0.613096583236713,1.2,569.195129400435,6.75837438423645,0.0124480783052209
"402","402",0.174400741292124,0.663234162037793,1.2,1888.64667759096,19.6550001739676,10.48573371296
"403","403",-0.697920042796905,-0.0423881466034522,0.6,474.376962104682,18.6166951328399,8.44863098406436
"404","404",-0.288037492727818,-0.560955715821043,1.15,905.300137063739,7.17450142450142,0.0182863749819382
"405","405",0.575525004502548,-0.243471011400551,0.5,13604.7836494916,27.04,2.13403497233712
"406","406",0.59452730808311,-0.375446720369084,0.35,13712.2823542368,32.9,0.447213595499958
"407","407",0.424485497091671,0.585756180951663,1.25,3397.64277213427,6.16035611168978,0.563155970748187
"408","408",0.815289884444959,-1.06851110337029,0.2,18734.4869691543,28.6666666666667,0
"409","409",-1.12178375559281,-1.45209203175671,1,374.372062974685,7.95815217391304,0.00055759693048103
"410","410",0.560571702488423,0.60063942880155,1.25,4328.26171228175,6.46889587968113,0.109017207038701
"411","411",NA,NA,NA,NA,NA,NA
"412","412",0.814446101041497,1.53815653139079,1.1,7398.30055391858,21.6728442028985,5.06980878777059
"413","413",-1.03983505648412,-1.43949335676468,1,389.250075576613,8.04239130434783,0.000910551974547112
"414","414",0.411545197436271,-0.743100424602697,0.5,6875.28750242133,26.6142857142857,0.337743825279606
"415","415",-0.868358745938119,-0.647752651708382,1.25,413.322614720395,6.68879310344828,0.0100931456500821
"416","416",NA,NA,NA,NA,NA,NA
"417","417",0.303522129665467,-0.518460485025859,0.9,1704.65792611413,9,0
"418","418",0.0187267731075372,0.149823301602708,1.1,1657.29610297914,6.49396551724138,0.0170359816235879
"419","419",0.350982996279184,0.636770314622659,1.3,2797.3076464438,5.98043605965807,0.357630975966501
"420","420",NA,NA,NA,NA,NA,NA
"421","421",NA,NA,NA,NA,NA,NA
"422","422",-1.32516764947544,-1.34546170152639,1.1,314.670630899902,7.43753846153846,0.0145558129646534
"423","423",2.31280106481528,-0.0679941820369937,0.4,182038.357492163,57.1083333333333,13.2712672751218
"424","424",NA,NA,NA,NA,NA,NA
"425","425",1.35226327594715,1.05453393924738,1.15,35594.9473209896,6.79405902207626,0.033994881706183
"426","426",0.348839454921514,-1.34518612675418,0.3,7638.65041782937,24.2857142857143,0
"427","427",0.725503946196056,0.899707261895547,1.1,10051.0901130728,12.6673891441721,4.69739418948432
"428","428",-0.0914356714145038,-0.947128747969156,0.95,806.949501666327,8.87099567099567,0.0202001214266787
"429","429",-1.13028114989776,-1.38009372829222,1.05,376.709244673198,7.76125,0.0139115312512458
"430","430",NA,NA,NA,NA,NA,NA
"431","431",1.24470234286253,-1.08942713657648,0.35,33625.5613293009,41.2833333333333,2.49391071277118
"432","432",NA,NA,NA,NA,NA,NA
"433","433",-0.448917685479791,0.119287177773316,0.5,629.854190320602,13.5734665430355,5.44884687403301
"434","434",-0.0291893916043174,-2.14986192261202,0.4,5228.85105342078,22.2642857142857,0.369413271842707
"435","435",NA,NA,NA,NA,NA,NA
"436","436",0.145000782388082,0.018688470869427,1.15,2036.3123120938,6.73368226600985,0.0175027185996208
"437","437",0.841535460832898,-0.372215389318186,0.25,18629.5617733344,31.805,0.0122115849510834
"438","438",1.2330623649589,-0.136719183831855,0.4,27349.3583700481,28.4,1.75918641482512
"439","439",-0.844147647976333,-0.383325878088966,1.25,393.989658789272,6.52212643678161,0.014667177745231
"440","440",2.21553817837839,-0.0326217236095554,0,173310.72315368,35,0
"441","441",0.700595613926068,-0.208067675987658,0.4,12802.3629233291,33.2,0
"442","442",0.116124559829859,-2.56243862381806,0.4,4538.43364098759,23.8011904761905,2.56587950181885
"443","443",0.0288950288405881,-1.34430526401402,0.85,432.276840263391,9.32416666666667,0.0232423036371732
"444","444",-0.215720926832965,-0.0811633050702451,1.25,1142.58411473945,6.52896551724138,0.0136898738403328
"445","445",1.1989424635739,0.107658511176694,0.4,41384.3644380764,35.385,0.916816574664174
"446","446",0.648719019419462,0.814187534246028,1.35,4900.37771500543,6.0469790594585,0.59010657513648
"447","447",1.93904864926084,-0.757537356820655,0,100673.778579882,42,0
"448","448",NA,NA,NA,NA,NA,NA
"449","449",-0.626475297795797,-0.139616487516387,1.45,499.082693692445,8.11894335065458,1.5304916947929
"450","450",NA,NA,NA,NA,NA,NA
"451","451",2.2259710541588,0.535971632061791,0.4,155744.948384328,39.57,1.08608422664562
"452","452",1.54112249852363,-0.0976703483041311,0,59571.3488579037,37,0
"453","453",NA,NA,NA,NA,NA,NA
"454","454",0.126365080120192,0.671942730611702,1.2,1782.59334666569,22.1213962271818,12.022636859693
"455","455",NA,NA,NA,NA,NA,NA
"456","456",NA,NA,NA,NA,NA,NA
"457","457",2.12776233186306,1.93461558743256,0.2,141956.626252082,46.025,3.56539779036067
"458","458",1.11283643281902,-0.269915859807145,0.05,27250.1875167084,30,0
"459","459",-0.668874491705833,-0.191459964736238,1.4,486.76047439161,6.83190439700785,0.481617795243969
"460","460",0.534253500623656,0.389352700815946,1.25,4137.76407194023,6.70708128078818,0.0149836388324394
"461","461",NA,NA,NA,NA,NA,NA
"462","462",1.59895305808577,-1.16216213326525,0.05,71054.4746336442,34.7166666666667,1.26710518724988
"463","463",NA,NA,NA,NA,NA,NA
"464","464",-0.968983167300266,-0.24437023400263,0.1,346.811825274932,26.9345238095238,0.0824333789458796
"465","465",0.193064989091562,0.68146577126921,1.05,1933.32529382227,29.6333175059236,22.8729361804494
"466","466",NA,NA,NA,NA,NA,NA
"467","467",-1.14895235672417,-0.691897863422759,1.2,288.637200938359,6.60794334975369,0.0166347356851122
"468","468",1.73140194399294,-1.70908843923702,0.1,87598.2687458266,33.25,0
"469","469",NA,NA,NA,NA,NA,NA
"470","470",-0.234534343392492,0.162734501992851,1.4,1021.09465459874,7.36077898927724,1.16875181712522
"471","471",NA,NA,NA,NA,NA,NA
"472","472",0.421485667552615,-0.281063031680947,0.9,2574.75892717265,8.81385281385282,0.00444146472764109
"473","473",NA,NA,NA,NA,NA,NA
"474","474",0.83136224300456,-1.14138916490493,0,17972.6486068026,27.6,0
"475","475",-0.807617395054391,-1.39586530584259,0.95,427.024772235524,8.32747035573123,0.0214113765097509
"476","476",1.71320046378667,0.625886147956394,0,67040.9491624898,32.5,0
"477","477",-0.175100772922352,0.0870447901240902,1.25,1205.21319927769,6.29816855164218,0.30660640456864
"478","478",0.80295366593014,-0.272979673182694,0.2,19975.0226754687,25.3392857142857,0.0951989267827117
"479","479",NA,NA,NA,NA,NA,NA
"480","480",-1.04690526482669,-1.08025202819027,1.05,363.769741167263,7.21367521367521,0.0188415486026068
"481","481",NA,NA,NA,NA,NA,NA
"482","482",NA,NA,NA,NA,NA,NA
"483","483",0.406135088655893,0.43716140961276,1.2,3370.07844453202,6.5149035965888,0.0965107983135885
"484","484",1.08305420048983,-0.30455425565028,0.4,28477.9749050565,40.0916666666667,1.82612218162483
"485","485",-0.533554302980901,-1.66916201358542,0.75,324.510016336836,11.4707720588235,0.0277047959056175
"486","486",NA,NA,NA,NA,NA,NA
"487","487",-0.158707105474393,-2.05901782028488,0.5,2944.63854065751,21.3747023809524,1.17119909712585
"488","488",NA,NA,NA,NA,NA,NA
"489","489",0.774498774502361,1.49951338493525,0.4,6770.35263306587,85.3439869281046,61.4836537553603
"490","490",NA,NA,NA,NA,NA,NA
"491","491",NA,NA,NA,NA,NA,NA
"492","492",0.209090231460613,-1.08774115408898,0.9,652.265802268786,9.34821428571428,0.0102735877183558
"493","493",0.387406501088231,0.885358026406107,1.35,2710.9213892041,25.1265744109494,15.6519832553211
"494","494",NA,NA,NA,NA,NA,NA
"495","495",0.668885638383959,0.350144157919626,0.4,13603.0407923709,30.3816666666667,0.571186822296271
"496","496",0.597493138147689,-0.981314293343656,0.05,13926.5386757597,27.8333333333333,0
"497","497",0.583076467532687,-1.97317229180504,0.25,9514.73152170824,27.8654761904762,0.430396767242337
"498","498",0.702901868973947,0.340485759303108,0.35,17071.6429815366,37.98,1.26620028348391
"499","499",NA,NA,NA,NA,NA,NA
"500","500",-1.23119622518941,-0.615570733953543,0.3,293.147928236463,27.9678571428571,0.0661251728850661
"501","501",NA,NA,NA,NA,NA,NA
"502","502",0.49161018425121,-0.277081407527732,0.85,2736.9821538854,9,0
"503","503",0.362774212916948,-0.17380614873889,1,2767.89392853353,8.34950592885376,0.00979313586131536
"504","504",NA,NA,NA,NA,NA,NA
"505","505",0.235606360714532,0.665429399046062,1.05,2101.6027216509,12.5688060291513,3.75534543189879
"506","506",-0.634805357879564,-0.0224311907105631,0.2,491.778204680986,18.4587577700078,8.44231075025358
"507","507",1.4896903464574,1.17024191755956,0.05,39005.2487582159,39.615,3.89510826820676
"508","508",0.788675751258857,-0.579023478782891,0.05,17565.7445607903,41.5,0
"509","509",-0.34573939801842,-0.189618435271019,1.4,930.295459532312,6.54068965517241,0.0187257757839361
"510","510",0.076874954166806,0.677299633437405,1.05,1771.62656189738,17.7982327484344,6.57011785297443
"511","511",1.40492540411455,-1.11035387073993,0.45,56985.1322007401,46.325,2.46835231640354
"512","512",NA,NA,NA,NA,NA,NA
"513","513",2.09812762346975,-0.154162738466363,0,140441.008520387,40.95,0.102597835208515
"514","514",1.60171546248053,-1.83618434645049,0.4,70593.5209425306,51.2083333333333,20.2754334541678
"515","515",1.86094024349904,-0.789423345334067,0.15,108435.926945247,33.535,0.156524758424986
"516","516",NA,NA,NA,NA,NA,NA
"517","517",0.223205096127413,0.150637670145497,1.2,2396.08854085128,6.66551724137931,0.0163057751120906
"518","518",-1.22939162739443,-0.799603271443287,1.1,287.292178295059,6.63472906403941,0.0180970315571382
"519","519",-1.30721842336314,-0.792255860643705,0.25,286.611142139939,23.5208242377411,7.99472175077754
"520","520",NA,NA,NA,NA,NA,NA
"521","521",NA,NA,NA,NA,NA,NA
"522","522",0.992565541061085,-0.446032057432674,0.45,19254.3019801044,26.7733333333333,0.218875381778165
"523","523",-2.00941862288886,-1.77993961034038,1,285.226368965634,8,0
"524","524",0.836946960624713,0.551225679996127,0.45,15096.5985608583,21.3125,0.152644811888552
"525","525",NA,NA,NA,NA,NA,NA
"526","526",NA,NA,NA,NA,NA,NA
"527","527",NA,NA,NA,NA,NA,NA
"528","528",0.504891134409988,-1.70589241944136,0.5,10225.0702880196,43.5666666666667,2.15238206134778
"529","529",NA,NA,NA,NA,NA,NA
"530","530",1.83310431713913,-0.507905418466674,0.35,118268.625571842,29.8125,3.66515868113438
"531","531",1.59163589921375,-0.410996186690469,0.45,51080.7809040001,45.8333333333333,3.76192062431223
"532","532",NA,NA,NA,NA,NA,NA
"533","533",-0.249642138850589,-1.32277213778978,0.9,465.503504102298,9,0
"534","534",1.2313068111088,0.452216426727197,0.55,38624.2635059152,26.2488095238095,0.200321230272201
"535","535",-1.01155753996945,-0.580242325831429,1.25,310.779051596903,6.60344827586207,0.0176892819325026
"536","536",1.26339548899465,-0.517889930675252,0.45,37344.6408804231,32.5516666666667,0.569956908189541
"537","537",-1.31551435960035,-0.691893757657845,0.5,291.572940474731,28.3,0.068398556805676
"538","538",-0.641104534507336,-0.814147727349978,1.05,569.132467255231,7.17542735042735,0.0177756521926931
"539","539",NA,NA,NA,NA,NA,NA
"540","540",NA,NA,NA,NA,NA,NA
"541","541",-1.86025456065865,-0.945580059324925,0.1,296.220641472102,30.0383333333333,0.0789366464454043
"542","542",NA,NA,NA,NA,NA,NA
"543","543",-0.157210891548736,0.631147969553363,1.15,1105.79470631035,21.3916111228747,9.72847800742626
"544","544",-0.140155251964199,-0.426332026928845,1.15,1133.27952980795,7.05171957671958,0.0187306346471278
"545","545",1.3163624630523,1.30143862758169,0,29223.2853192406,14.0735386072261,5.5301033219747
"546","546",NA,NA,NA,NA,NA,NA
"547","547",0.126864170495527,0.0702057001619567,1.2,2000.02961561318,6.66206896551724,0.0142581963427554
"548","548",-0.201196149350764,-0.625354287448182,1,1072.93320772078,8,0
"549","549",NA,NA,NA,NA,NA,NA
"550","550",NA,NA,NA,NA,NA,NA
"551","551",1.39753772542042,-0.639864878699828,0.4,41759.4653684766,39.4375,2.25054817883625
"552","552",0.432729350229597,-0.31042001203944,0.9,2472.84195649014,8.90562770562771,0.00177658589105607
"553","553",0.42045624374705,-0.634574380909244,0.85,1407.25484542962,9.2272619047619,0.0221673672524153
"554","554",NA,NA,NA,NA,NA,NA
"555","555",NA,NA,NA,NA,NA,NA
"556","556",0.215216926725122,-0.0592323900835301,1.15,2157.11968525078,6.90231481481482,0.0171355488665968
"557","557",NA,NA,NA,NA,NA,NA
"558","558",-1.51172018722965,-2.61608782892463,0.4,523.060642971612,11.9045238095238,0.272167244448976
"559","559",-1.44215271207349,-0.564429735437088,0.05,322.993630002898,28.2416666666667,0.0850696309223389
"560","560",-0.468406040694901,-1.49842186417412,0.9,378.761664087665,8.90584415584416,0.00192321064207447
"561","561",NA,NA,NA,NA,NA,NA
"562","562",0.0811406658498449,0.363173860655484,1.3,1701.94201785028,6.06529349793038,0.479176235762638
"563","563",1.87242643072015,-0.291399512750286,0.35,120826.910076167,37.4375,0.777457902058809
"564","564",-1.27612987163214,-0.72334623204097,0.35,287.608639453176,23.282900040291,7.80236807761626
"565","565",-0.264105485873907,-2.23782732593582,0.45,2955.55635662279,23.0714285714286,0.907067370016504
"566","566",0.459794877877756,-0.427818867887602,0.9,2091.60349527013,9.04785714285714,0.000732841680061095
"567","567",-0.19809380733723,0.121136676607058,1.3,1137.83192535731,6.33368810462804,0.141323471463401
"568","568",NA,NA,NA,NA,NA,NA
"569","569",NA,NA,NA,NA,NA,NA
"570","570",1.50072063444741,-0.308509169240317,0.1,62431.0723551229,28.2,0
"571","571",NA,NA,NA,NA,NA,NA
"572","572",0.273406661221395,-0.985078732352004,0.85,758.201365400405,9.32916666666667,0.022861776368284
"573","573",0.651040631984741,1.39040165830337,0.75,4946.00796617902,28.9621209106985,10.0803718218918
"574","574",0.426973262633365,1.38690574072329,0.8,3542.94004401536,30.1574577572965,10.9614162914166
"575","575",-0.0905331449124081,0.543734794509739,0.9,1225.90844019837,16.5983294319292,6.25239534240461
"576","576",1.58995815405463,-0.740822580574429,0,67285.961222496,32,0
"577","577",NA,NA,NA,NA,NA,NA
"578","578",0.486509512877864,-1.23703312477679,0.05,11633.8285842333,26.6,0
"579","579",1.27598983180444,-0.487167185854825,0.5,43609.0930808874,29.7433333333333,0.342863756549967
"580","580",NA,NA,NA,NA,NA,NA
"581","581",0.345240322901179,0.296591216503997,1.15,3011.38215044489,6.63041871921182,0.0154640618669256
"582","582",NA,NA,NA,NA,NA,NA
"583","583",-0.337696966113856,-1.79653220013994,0.4,2259.81167848566,22.125,0
"584","584",0.452818976448888,0.347120815561502,1.3,3577.73037622882,6.66724137931034,0.0170533096095956
"585","585",-0.518992340786026,-0.770408127160415,1.05,665.594238772976,7.35784615384615,0.0166027842460619
"586","586",0.123749933859568,-1.08999525234071,0.85,646.805772207677,9.25488095238095,0.0185793794431921
"587","587",NA,NA,NA,NA,NA,NA
"588","588",-0.245243917061294,-0.0862173068883542,1.25,1091.84376032388,6.51540229885058,0.013422113009268
"589","589",0.896038149381139,0.210286614915772,0.6,22839.817698405,25.9166666666667,0.148087219439773
"590","590",1.89937202821816,-0.417147167415942,0.1,87304.1266649124,30.35,1.58750604364093
"591","591",0.743221408659219,-2.07132205355102,0.35,15052.2143466107,27.6666666666667,0
"592","592",0.657992776582997,-0.225144459409752,0.45,12349.9865353508,28.2083333333333,0.367841022105826
"593","593",2.51018731452413,0.123310556715859,0,306267.921870016,52.3333333333333,0
"594","594",0.097328977458575,-0.55291223798643,0.9,1501.39789234912,8.63463203463203,0.00532975767316986
"595","595",0.20532342650575,-1.84411323139622,0.35,6217.44148790083,24.8642857142857,0.290283020530986
"596","596",NA,NA,NA,NA,NA,NA
"597","597",NA,NA,NA,NA,NA,NA
"598","598",-0.938427083792401,-0.719654100397555,1.2,371.584378585346,6.72752463054187,0.016111120457569
"599","599",0.911052690893636,-1.70163443808209,0.25,20146.0203768371,30.53,0.203737016592039
"600","600",0.505101156403825,-0.821480331223541,0.4,7570.60650366697,25.9757142857143,1.20635713183871
"601","601",0.999972781081408,-0.828561085087469,0.35,21031.8093250861,25.24,4.33715890513837
"602","602",-0.039949588609191,-1.19455304459222,0.9,539.395698071854,9.14571428571429,0.0035901763567864
"603","603",1.52043159944595,1.20229635298878,0.45,51200.0215507515,26.2190476190476,0.0957380361809586
"604","604",NA,NA,NA,NA,NA,NA
"605","605",NA,NA,NA,NA,NA,NA
"606","606",NA,NA,NA,NA,NA,NA
"607","607",NA,NA,NA,NA,NA,NA
"608","608",1.19205084150404,-1.43262928155734,0.4,31923.3726321554,31.3616666666667,0.447772263544762
"609","609",NA,NA,NA,NA,NA,NA
"610","610",NA,NA,NA,NA,NA,NA
"611","611",1.25315337838182,-1.46728002097838,0.5,32571.3413312311,27.4952380952381,0.413736564569963
"612","612",0.203769196310672,0.523157224632421,1.25,2067.41412667193,8.97006597736627,2.87340635188376
"613","613",-0.860008731773132,-0.493841754882875,1.15,402.259332938088,6.5817816091954,0.0111645079190733
"614","614",1.28539148418616,-0.979027779341934,0.1,42594.5224084998,35.375,0.587702932477034
"615","615",NA,NA,NA,NA,NA,NA
"616","616",NA,NA,NA,NA,NA,NA
"617","617",NA,NA,NA,NA,NA,NA
"618","618",NA,NA,NA,NA,NA,NA
"619","619",NA,NA,NA,NA,NA,NA
"620","620",0.69039888913878,0.473616554526579,0.6,11459.3516157427,25.2193452380952,3.14326609027233
"621","621",0.269388192007971,0.591111999307255,1.2,2350.36612447319,8.9166289061171,2.74505568039835
"622","622",-0.021861836112763,0.370226839036716,1.1,1392.01232713785,9.59699231445942,2.15560901125512
"623","623",1.10872229736486,-0.66706605110599,0,22078.2560003281,28,0
"624","624",0.0630687615814394,-0.083081359268119,1.25,1732.80951105767,6.75658866995074,0.0107679421986685
"625","625",0.503518242660734,-1.10602571895279,0.3,14633.8011203497,30.5333333333333,0.313441563987752
"626","626",NA,NA,NA,NA,NA,NA
"627","627",0.149785065193241,0.0286886892340977,1.1,2064.06282597076,6.71958128078818,0.0129355091829386
"628","628",-0.357788478759697,-0.900111140696014,0.95,787.232598737651,8.26798418972332,0.01589327082846
"629","629",-0.729040756324756,-0.86871821400075,1.1,513.624258162766,7.15413105413105,0.010972019668315
"630","630",1.41503151721714,0.848309425988545,0,49988.4882521893,29.52,3.63196336638145
"631","631",1.74503672406722,-0.0526871817082343,0.4,119329.442969913,40.8875,0.12760444638351
"632","632",-0.599000150809182,-2.28821951639503,0.8,1499.85559972954,21.125,0
"633","633",0.0859478441463357,-1.16839284199795,0.9,569.898656274898,9.2925,0.0121472791594433
"634","634",0.70262753931081,-1.75984850710226,0.5,16243.8664893851,26.9095238095238,0.428264997662589
"635","635",0.130667330326957,-1.56191746225647,0.4,6943.48445906484,32.545,0.279990601346016
"636","636",0.502453006039514,-0.875913489781458,0.45,8358.8219322453,31.24,0.527556432501475
"637","637",NA,NA,NA,NA,NA,NA
"638","638",-0.486958930735061,-0.104721812075358,1.3,712.889228974584,6.42701149425287,0.0236872042357395
"639","639",2.19648753127273,0.321835900557078,0.35,141162.091231583,29.8566666666667,0.358864355615034
"640","640",NA,NA,NA,NA,NA,NA
"641","641",0.788561579756517,0.0526801713373327,0.35,16746.6333847606,28.6016666666667,0.459146806014901
"642","642",0.191887491593322,0.508364617939998,1.25,2014.62961196428,8.56612813814901,2.61695427887815
"643","643",1.12792950861589,-2.55163802539739,0.45,33268.7978797012,39.0666666666667,0.136797113611355
"644","644",-0.421175395427949,-1.18467588466253,0.9,569.922716524771,8.63463203463203,0.00532975767316986
"645","645",NA,NA,NA,NA,NA,NA
"646","646",-0.661421480222278,-0.969182386564956,1.05,574.807781126328,7.66333333333333,0.0182894210946276
"647","647",0.478065001405393,0.418118339118883,1.2,3814.34322227659,6.63084975369458,0.0197686397215987
"648","648",-1.75175215299851,-1.83245598326545,1,287.11700973213,8.04248188405797,0.000924669901329731
"649","649",-0.232961321670848,0.128995590115867,1.2,1047.60239360016,6.26912594504887,0.230631498127557
"650","650",NA,NA,NA,NA,NA,NA
"651","651",0.117560212262186,-0.45205439251266,0.9,1703.69112120414,8.45533596837945,0.0141411413596822
"652","652",0.256290273375249,-1.67021177240404,0.25,7651.32312744343,27,0
"653","653",NA,NA,NA,NA,NA,NA
"654","654",0.00658971726549525,0.0257703371121322,1.25,1612.76221466991,6.5948275862069,0.0153193675282523
"655","655",NA,NA,NA,NA,NA,NA
"656","656",-0.490556890204937,-0.761357806023844,1.1,693.468565419246,7.423,0.0120155095454012
"657","657",1.8471380089908,-0.101473493959281,0.8,74971.4129856865,23.7348214285714,1.30743806755171
"658","658",NA,NA,NA,NA,NA,NA
"659","659",-0.30829822214715,-0.677923849444954,1,903.107620304053,7.7555,0.0051041778553403
"660","660",NA,NA,NA,NA,NA,NA
"661","661",0.197755339421616,-0.397287897523052,0.95,1927.2175427265,8.54407114624506,0.00881725589173394
"662","662",1.37963615966078,0.365432245720318,0.4,43865.4407691359,28.2809523809524,0.234254740499978
"663","663",-0.317252341209006,-0.130760073513241,1.35,972.78723977604,6.49229885057471,0.0196771121046213
"664","664",0.153633736318259,0.242200575392967,1.15,2068.94855970876,6.50172413793103,0.0123824973527521
"665","665",-0.412737203503541,-0.879631588322749,1,764.900682180838,8.08532608695652,0.00184933980265946
"666","666",2.98283957286078,1.92089114563793,0.25,556915.212551222,54.6,32.1679801568022
"667","667",NA,NA,NA,NA,NA,NA
"668","668",-0.105063307392918,0.193747412201366,1.3,1333.21673244328,6.2072493028743,0.391677201284274
"669","669",1.12636995896849,0.286507107480115,0.5,31038.9407580014,23.2473214285714,0.929714359510097
"670","670",0.744450377841066,-0.342412665882926,0.4,15384.5256066733,31.6983333333333,1.57389058671414
"671","671",NA,NA,NA,NA,NA,NA
"672","672",-0.0671852128148868,-1.51544506640563,0.75,1625.79360239437,24.975,0.111803398874989
"673","673",-0.210424994688077,-0.833296742986372,0.95,914.805404575315,8.47658102766798,0.017291672838721
"674","674",0.793416437220659,0.468213917261175,1.05,9341.49201766566,6.85456349206349,0.00803424227847999
"675","675",-0.322425603668852,-0.833611337348411,1,850.066995898314,8.2116847826087,0.0133289772300776
"676","676",0.6051404312206,0.527945349890807,1.35,4763.69594174412,6.63947044334975,0.0177742526485038
"677","677",0.982809231185699,-0.0956214197504938,0.5,24502.1794920378,58.6041666666667,3.3650763787896
"678","678",0.930014818332119,-0.963106035548372,0.1,19322.9152536612,36,0
"679","679",NA,NA,NA,NA,NA,NA
"680","680",-0.513512001569353,-0.884372892287967,1.05,684.88247497597,7.81525,0.0202417769023309
"681","681",0.918222224351868,-0.520482423046941,0.2,20363.8448256505,36.94,3.93959655962785
"682","682",-0.0182569358346761,0.758011089977498,0.35,1420.4523518842,31.548572954823,19.6379915146289
"683","683",-0.0523226043757613,0.50909888443868,0.4,3469.1094607568,22.5343253968254,1.35133455118289
"684","684",0.29221584853822,-0.452393356124549,0.9,1884.41739082367,8.85909090909091,0.00305300224663355
"685","685",NA,NA,NA,NA,NA,NA
"686","686",NA,NA,NA,NA,NA,NA
"687","687",0.577061212965101,0.152987243847137,0.2,14286.8755659696,24.4571428571429,0.263279599497638
"688","688",0.109116076080463,0.321475919631524,1.4,1789.93890594993,6.21145539740367,0.43669553979979
"689","689",NA,NA,NA,NA,NA,NA
"690","690",NA,NA,NA,NA,NA,NA
"691","691",0.288736236801277,0.745746027855401,1.05,2359.86312120899,22.6679098717561,15.7781029259711
"692","692",0.552658422819441,-0.39562785614454,0.35,9909.0571079664,25.117619047619,2.0154109088223
"693","693",0.205757359298979,-0.78593088857203,0.9,1076.95303518549,9.09619047619048,0.00195424448016219
"694","694",NA,NA,NA,NA,NA,NA
"695","695",-1.85667340286455,-1.07673915082506,0.2,289.512430357858,30.4333333333333,0.0816496580927736
"696","696",NA,NA,NA,NA,NA,NA
"697","697",-1.04477722774759,-0.681830785204304,1.2,302.785289343956,6.66551724137931,0.0163985249327675
"698","698",0.517227099530529,0.0896254351933928,1.15,3727.34708078508,7,0
"699","699",0.388399022641537,0.576359022507253,1.4,3166.62202932091,6.11477677019873,0.538705089225469
"700","700",0.543572135074958,-1.20061245977524,0,12247.0127582604,37.25,0
"701","701",0.392533096348033,-2.43948972292096,0.3,8083.70902077684,27.0857142857143,0.134332098851893
"702","702",NA,NA,NA,NA,NA,NA
"703","703",-0.0709758083366031,0.67923239067643,0.7,1288.07294347472,18.0592748015873,6.56423775987867
"704","704",-0.67297184564787,-0.846900696889456,1.15,549.441104471468,7.22692307692308,0.0043625451755046
"705","705",-0.338542189392452,-0.404574020450148,1.2,908.796086735801,6.76151477832512,0.0148175684553637
"706","706",1.28456546696849,-1.35704809635703,0.55,39105.0343354163,26.6666666666667,0
"707","707",-1.54246950065237,-0.629033689070699,0.55,321.191968973624,28.6166666666667,0.0783603909969384
"708","708",NA,NA,NA,NA,NA,NA
"709","709",0.258366336541312,0.801419879756808,0.5,2228.08070923274,20.4179918781935,10.6845214991903
"710","710",0.181735973894908,-1.92779714795943,0.3,7144.80686572923,29.8533333333333,0.260992258629115
"711","711",1.33943210029133,-0.36881105590841,0.4,49366.4901916566,32.8666666666667,0.488463398043365
"712","712",1.42804351928358,-1.08805019193832,0.35,52933.6649422515,52.6333333333333,4.24112420272314
"713","713",0.838625758231048,-1.00369075621718,0.4,20969.9833056934,35.2,0
"714","714",-0.23899306141987,-1.1692239966545,0.85,583.990403038824,8.90562770562771,0.00177658589105607
"715","715",NA,NA,NA,NA,NA,NA
"716","716",1.00044139000794,-0.0177992614747917,0.3,25833.1663023593,41.0333333333333,3.21800490297258
"717","717",1.31141186872003,-0.691333081011477,0,42965.936436612,74.5,0
"718","718",NA,NA,NA,NA,NA,NA
"719","719",1.04550357979378,-1.54054725501741,0.4,26679.4377103243,24.9940476190476,1.2798966823009
"720","720",NA,NA,NA,NA,NA,NA
"721","721",-0.207386673501602,-0.477940180280767,1.15,1022.45049801029,7.07222222222222,0.00828173324999926
"722","722",-0.532422249208302,-0.175869837064287,1.4,675.068916944282,6.46126436781609,0.0169345556612966
"723","723",-0.2766010664767,-0.922761770525097,0.95,807.728308310347,8.5,0.012216336672805
"724","724",NA,NA,NA,NA,NA,NA
"725","725",0.507620114966119,0.03303332031345,1.15,3285.49475243123,7.08532763532764,0.0173291914871644
"726","726",NA,NA,NA,NA,NA,NA
"727","727",2.56542236740887,0.567224395614879,0,371456.70972782,32,0
"728","728",NA,NA,NA,NA,NA,NA
"729","729",0.848752766005785,0.0390485583014988,0.55,14110.9534649551,24.0428571428571,3.0571358302217
"730","730",NA,NA,NA,NA,NA,NA
"731","731",0.103224169534222,-1.47385541716912,0.25,4772.76074667362,29.1,1.00699309219046
"732","732",0.473602606307622,0.366736134803182,1.3,3700.59227807611,6.66262315270936,0.0152225338380397
"733","733",0.224075749438855,0.24939182563029,1.2,2402.04232088633,6.56948275862069,0.0227344552633109
"734","734",1.11528523839587,0.107747062713331,0.4,25630.799637469,23.9733333333333,0.396711629472927
"735","735",NA,NA,NA,NA,NA,NA
"736","736",NA,NA,NA,NA,NA,NA
"737","737",NA,NA,NA,NA,NA,NA
"738","738",-1.08391998698888,-1.72132935159769,0.9,316.596109280527,8.52579051383399,0.0222066619214692
"739","739",NA,NA,NA,NA,NA,NA
"740","740",NA,NA,NA,NA,NA,NA
"741","741",0.687294906552706,0.688384188773067,0.35,9144.13786142747,25.1642857142857,0.263313595184975
"742","742",0.452443851520953,-0.61525775691502,0.4,8138.42134276915,24.2571428571429,1.11648776695626
"743","743",NA,NA,NA,NA,NA,NA
"744","744",0.207119088070309,0.565413801325052,0.95,2052.39146823643,12.3967398931713,4.73845796822758
"745","745",NA,NA,NA,NA,NA,NA
"746","746",0.534240745485783,-0.0343575248815131,0.95,3721.96332189862,8.45879446640316,0.0178876883847825
"747","747",NA,NA,NA,NA,NA,NA
"748","748",NA,NA,NA,NA,NA,NA
"749","749",NA,NA,NA,NA,NA,NA
"750","750",NA,NA,NA,NA,NA,NA
"751","751",-2.13664814146696,-1.56085149633037,0.95,285.633730014658,11.2003676470588,0.312162903233493
"752","752",NA,NA,NA,NA,NA,NA
"753","753",1.14903391500581,-0.689789126856387,0.5,38315.379172941,34,0
"754","754",0.343862445047269,-0.23768913627776,0.95,2572.41250074736,8.52361660079051,0.0201794553186194
"755","755",0.530767326101161,-0.0493646810512287,0.95,3669.11936690048,8.49782608695652,0.0120110054663717
"756","756",1.01893961745656,-0.595090817775349,0.1,25007.9354642815,30,0
"757","757",NA,NA,NA,NA,NA,NA
"758","758",2.00418971291201,0.114501433421312,0.3,98056.6538549385,44.7,2.03737016592039
"759","759",NA,NA,NA,NA,NA,NA
"760","760",NA,NA,NA,NA,NA,NA
"761","761",NA,NA,NA,NA,NA,NA
"762","762",-0.14453202680834,-0.207486017921172,1.15,1244.28778928557,6.70954433497537,0.0138427555057874
"763","763",-1.19533456335789,-3.46640195365332,0.4,838.210669717943,14.3416666666667,0.395423379585486
"764","764",NA,NA,NA,NA,NA,NA
"765","765",NA,NA,NA,NA,NA,NA
"766","766",NA,NA,NA,NA,NA,NA
"767","767",-0.309528312793295,-2.05005906178271,0.4,2742.23555841946,24.5904761904762,0.833766446702967
"768","768",2.06666239225987,-0.425815187375707,0.25,164160.988453752,32.7716666666667,1.8414104370457
"769","769",-0.755202672992017,-0.828064962718972,1.15,495.16518444891,7.02943121693122,0.0151053275256308
"770","770",NA,NA,NA,NA,NA,NA
"771","771",-0.691128176391954,-0.949160311302943,1.05,552.980439794324,7.51984615384615,0.0142924040038068
"772","772",-0.142852729209688,-0.0120329753969296,1.25,1281.72520786115,6.51367816091954,0.0103810617692526
"773","773",NA,NA,NA,NA,NA,NA
"774","774",-0.0896338781444484,0.00810555404509569,1.25,1387.38948186614,6.53586206896552,0.0147462562202017
"775","775",NA,NA,NA,NA,NA,NA
"776","776",NA,NA,NA,NA,NA,NA
"777","777",NA,NA,NA,NA,NA,NA
"778","778",0.0679838363707522,-0.748428269610378,0.9,1118.13950342562,8.86861471861472,0.0187661739805206
"779","779",0.714250413143932,-2.3519850253583,0.1,16547.8080900857,28,0
"780","780",NA,NA,NA,NA,NA,NA
"781","781",NA,NA,NA,NA,NA,NA
"782","782",-0.293680521026589,-1.21981642533985,0.85,544.552112247977,8.85909090909091,0.00305300224663355
"783","783",NA,NA,NA,NA,NA,NA
"784","784",-0.969944867497063,-0.93565811480353,1.15,368.712546572307,7,0
"785","785",-0.429892447248793,0.0619770521968882,1,644.006011831755,11.5586673745931,3.61560853247606
"786","786",0.986813920570396,-0.0507107540213317,0.4,17312.1743546817,28.0116666666667,1.80558830379658
"787","787",0.583356832101209,0.108838558121099,0.2,12562.6924797747,29.2466666666667,2.67517065094844
"788","788",-0.378756726304876,-0.427337142163919,1.25,855.42477461303,6.75658866995074,0.0107679421986685
"789","789",NA,NA,NA,NA,NA,NA
"790","790",-0.509039807358889,-1.16325062313527,0.95,575.362795421967,8.45217391304348,0.0143603969364306
"791","791",0.941077623380716,-0.649032962815394,0.35,13158.2579935,24.5571428571429,0.219974610389238
"792","792",1.46079636071975,0.349130839421155,0.35,45973.6993503884,50.9583333333333,2.03900202053997
"793","793",-0.871282900645834,-0.583583883085882,1.2,406.542160451145,6.64064039408867,0.0157388158347992
"794","794",NA,NA,NA,NA,NA,NA
"795","795",-0.0238281587341694,0.179567784256051,1.2,1524.27223775384,6.29259459500679,0.371736405211962
"796","796",0.701580951522507,-0.280421424747494,0.2,13751.7793554345,27.935,2.49193963769084
"797","797",-1.10453386944145,-0.795528869055336,1.15,289.811763890061,6.7320197044335,0.0155490001801986
"798","798",-1.10993495436088,-2.65273444888332,0.45,949.412050342587,14.1599358974359,0.310675449777803
"799","799",-0.233504058648311,0.454631728950286,0.75,962.511420218755,16.030443047943,5.55661013949394
"800","800",0.0909900719628781,-0.337975523282123,1,1691.47656255883,7.9125,0.0128247294010645
"801","801",NA,NA,NA,NA,NA,NA
"802","802",1.83801886992285,0.625488917758379,0.3,114628.039969954,34.65,12.7727437325009
"803","803",-1.48046620072322,-0.933571150094837,0.2,286.084013186332,29.24,0.088257995015808
"804","804",-0.00778491269251727,0.329996872340481,1.25,1531.41406313896,6.14370131923737,0.371573922020033
"805","805",1.96161134917886,-0.348467555857682,0,119419.067796437,49.5,0
"806","806",NA,NA,NA,NA,NA,NA
"807","807",0.100776717499613,0.386088672278642,1.5,1763.2761139291,6.06693065093267,0.475304565187085
"808","808",0.644453247065238,1.32810009991659,0.6,7199.71044260995,22.7441125541126,2.61391341664491
"809","809",-0.0321779047271858,0.329817592076339,1.3,1434.09478138662,6.38461444520955,0.338070827388632
"810","810",NA,NA,NA,NA,NA,NA
"811","811",1.97311965472616,-1.12156923404529,0.4,109954.8525817,36.935,1.48679273322778
"812","812",0.0107187769144011,-1.20329348237207,0.8,532.46648004501,9.19523809523809,0.00488561120040548
"813","813",-2.46656932598532,-2.22377755840641,0.55,290.839500321496,22.3964285714286,1.26794671221613
"814","814",-0.443158263251904,0.0575952795954776,1.1,628.503515123312,12.4102602258852,4.22415814412777
"815","815",1.16388335704059,-1.39012472855408,0.25,32295.4298244842,33,0
"816","816",NA,NA,NA,NA,NA,NA
"817","817",1.52242864504201,0.531915101876233,0.2,64913.1500975817,30.9833333333333,0.0745355992499927
"818","818",0.819747454526597,0.515110217944773,0.5,22395.1926021943,31.775,1.2319753073397
"819","819",-1.11334079223785,-1.34691275548644,1.05,381.341556173758,7.712,0.016601627483103
"820","820",NA,NA,NA,NA,NA,NA
"821","821",1.46653554031199,0.620864719273295,0.55,50142.377991092,44,0
"822","822",-0.205659573658898,-0.577139539910971,1.05,1048.47707445466,7.72566666666667,0.016387129452589
"823","823",NA,NA,NA,NA,NA,NA
"824","824",-0.300814885457459,0.246674167364266,0.8,812.442630793944,13.5596187186996,5.20007403686344
"825","825",0.145663095856598,-1.30162343178192,0.25,6075.7533459762,29.68,0.369352206750655
"826","826",-0.631581777927851,-0.479603310365078,1.15,599.70302211228,6.64064039408867,0.0157388158347992
"827","827",NA,NA,NA,NA,NA,NA
"828","828",NA,NA,NA,NA,NA,NA
"829","829",-0.367295951875747,-0.162752495222395,1.35,898.863550634153,6.51367816091954,0.0141999877479985
"830","830",-0.179993661964389,-0.510337556580791,1.05,1055.53829400753,7.37515384615385,0.0153300652324493
"831","831",NA,NA,NA,NA,NA,NA
"832","832",0.605510962328004,0.400747915540877,1.15,4599.61272811413,6.75437192118227,0.00839528078082057
"833","833",NA,NA,NA,NA,NA,NA
"834","834",0.519207567082042,0.244698529788442,1.15,3845.17780026463,6.85634920634921,0.0117482518016095
"835","835",0.340526253300489,0.343373596359436,1.25,2989.90780457916,6.56086206896552,0.0211663672640399
"836","836",-0.980340845430903,-1.39187629168387,1,407.384738276494,8.04239130434783,0.000910551974547112
"837","837",2.32835498176918,0.273798696291903,0.1,195722.204252479,51,0
"838","838",NA,NA,NA,NA,NA,NA
"839","839",0.706172778843757,-0.938635275797917,0.5,16588.0743310568,29.175,0.0148087219439765
"840","840",0.618966969880095,-0.0561489287514141,0.15,9666.18182477677,29.6866666666667,0.501273232679713
"841","841",-0.480492746521837,-0.591465357016082,1.1,713.107150194837,6.89166666666667,0.00186572359516518
"842","842",NA,NA,NA,NA,NA,NA
"843","843",NA,NA,NA,NA,NA,NA
"844","844",1.7588088032901,-1.60749773403938,0.35,88323.9371511219,44.075,1.91960110988003
"845","845",-0.76090695748745,-0.0498969025274919,0.4,449.836590350211,19.2465753859667,8.47185326557355
"846","846",NA,NA,NA,NA,NA,NA
"847","847",NA,NA,NA,NA,NA,NA
"848","848",1.20926596774508,-1.3783902550333,0.45,40005.42946114,48,2.51312344975017
"849","849",-0.309484986169034,-0.763314731831714,1,892.542733859484,8.04221014492754,0.00085174338040145
"850","850",NA,NA,NA,NA,NA,NA
"851","851",0.445641645088312,0.311139870478613,1.2,3531.99564545691,6.70160098522167,0.0165134879722778
"852","852",NA,NA,NA,NA,NA,NA
"853","853",0.749180462429359,0.774199314268383,1.35,8884.94043797463,6.43275731452456,0.223010180874133
"854","854",NA,NA,NA,NA,NA,NA
"855","855",NA,NA,NA,NA,NA,NA
"856","856",NA,NA,NA,NA,NA,NA
"857","857",NA,NA,NA,NA,NA,NA
"858","858",NA,NA,NA,NA,NA,NA
"859","859",1.02274996910634,0.272534256176906,0.4,24108.8211648342,30.8916666666667,2.30526666265856
"860","860",0.326788827796921,0.165677715122254,1.25,2829.26364883273,6.73860837438424,0.0170779832971187
"861","861",-0.107811545417565,-0.274402252430728,1.2,1271.8234134808,6.82857142857143,0.0146568336012164
"862","862",NA,NA,NA,NA,NA,NA
"863","863",0.951413164579035,-0.54963682036531,0.4,20993.0333069914,42.95,0.879593207412561
"864","864",-0.707881323997206,-0.313682145741404,1.3,502.88472817597,6.50080459770115,0.0140928313366948
"865","865",-0.593931489040661,-0.0882552715020159,1.4,501.6400831057,12.2887488231078,5.3080156133241
"866","866",-1.04783410846938,-0.289902892618833,0.2,340.735393069051,27.0559523809524,0.0785030461141125
"867","867",0.0542319067090305,0.344455155309323,1.2,1660.82764751498,6.17119087470131,0.323035180081353
"868","868",NA,NA,NA,NA,NA,NA
"869","869",NA,NA,NA,NA,NA,NA
"870","870",NA,NA,NA,NA,NA,NA
"871","871",0.51840755965786,0.0904439669650656,1.15,3739.13541948989,7,0
"872","872",NA,NA,NA,NA,NA,NA
"873","873",-0.436524568470554,-1.24480674022451,0.9,528.03654952279,8.69264069264069,0.0211378260990547
"874","874",0.717028759644651,0.720146027255422,0.95,7145.95463788851,7.03991631382111,0.760853113302648
"875","875",0.235082685564745,-0.731638364168215,0.9,1184.26419671899,9.09619047619048,0.00195424448016219
"876","876",1.93082037547616,0.720546042481127,0.05,85371.9481630876,39,0
"877","877",NA,NA,NA,NA,NA,NA
"878","878",NA,NA,NA,NA,NA,NA
"879","879",NA,NA,NA,NA,NA,NA
"880","880",-0.376087765530202,0.151209654223712,1,708.944256193172,13.3160904659954,5.03113722247736
"881","881",NA,NA,NA,NA,NA,NA
"882","882",0.104228443216216,-1.50566888022479,0.45,5570.85400143979,22.1776785714286,0.0850449666236217
"883","883",0.0578799814072504,0.0617912535259943,1.25,1760.95630825051,6.60794334975369,0.020046912715642
"884","884",-0.452616896468344,0.118951477466171,0.55,625.406257192495,14.3566574582821,6.55031175900542
"885","885",0.670633324005952,-1.0444391011947,0.1,20163.8196768686,46.925,2.69148266711276
"886","886",0.860016779216836,0.176737300624191,0.35,18511.3025419296,34.8775,0.7363628610664
"887","887",0.396292359645954,0.126161557548974,1.2,3052.09823583784,6.86706349206349,0.0174245221800951
"888","888",-0.341227442289925,-0.289837334604031,1.15,933.122464730169,6.62690886699507,0.014807868447698
"889","889",NA,NA,NA,NA,NA,NA
"890","890",NA,NA,NA,NA,NA,NA
"891","891",NA,NA,NA,NA,NA,NA
"892","892",-1.03142409875572,-0.440617024531454,0.25,298.410638502043,22.4658620689655,8.01793246116969
"893","893",NA,NA,NA,NA,NA,NA
"894","894",NA,NA,NA,NA,NA,NA
"895","895",-0.475323484180695,-0.738379621188705,1.1,704.367947596561,7.36561538461538,0.0199237099925996
"896","896",1.12465073904801,-0.348938291757796,0.1,28814.6167117823,30.5,0
"897","897",1.96790560949839,-0.289719058105452,0.45,106798.941639827,50.9916666666667,4.16841191519466
"898","898",NA,NA,NA,NA,NA,NA
"899","899",0.0587952659686302,0.527334416328252,0.75,1515.38265041366,15.6801356001356,6.86809221505064
"900","900",NA,NA,NA,NA,NA,NA
"901","901",0.164066839554579,-0.423838248178627,0.95,1827.21054065726,8.51798418972332,0.0202853742788537
"902","902",0.990374347604321,-1.25984769505238,0.1,28126.8591709399,36.625,1.99917746243694
"903","903",1.07295759131032,-0.508231516341834,0.25,38271.7757371666,32.8,0
"904","904",1.30806178689105,0.0513444743522885,0.1,41152.3874372528,30.6666666666667,0
"905","905",NA,NA,NA,NA,NA,NA
"906","906",0.142523375792901,-0.0487607906185347,1.25,1941.85143426062,6.79396551724138,0.0143346902599706
"907","907",NA,NA,NA,NA,NA,NA
"908","908",1.3279297389074,-0.0461971423737944,0.5,35170.1765520419,32.35,1.80666407716523
"909","909",-0.660578176427661,-0.345721091528169,1.25,562.455677128282,6.53586206896552,0.0147462562202017
"910","910",-0.204635346012133,-0.131438683600754,1.35,1164.09606629065,6.57540229885057,0.0144162522952047
"911","911",1.42264283878333,0.211543923429159,0.1,51266.7042563013,37.505,0.0223606797749982
"912","912",0.442814678613555,0.0355324259402287,1.1,3262.24280212985,7,0
"913","913",0.683896016188026,-0.685541337740146,0.35,15197.1371271024,31.4616666666667,0.861541865474285
"914","914",0.207059756315347,0.00128453942227817,1.2,2186.13740695431,6.80966748768473,0.0165683820749468
"915","915",NA,NA,NA,NA,NA,NA
"916","916",NA,NA,NA,NA,NA,NA
"917","917",NA,NA,NA,NA,NA,NA
"918","918",NA,NA,NA,NA,NA,NA
"919","919",-1.22966527989395,-0.5291379706889,0.7,299.547169478984,27.7702380952381,0.0785030461141112
"920","920",NA,NA,NA,NA,NA,NA
"921","921",1.15809541231907,-1.10335278916829,0.1,27388.0048247375,36.405,0.477079933719596
"922","922",0.162323029883122,0.907239336386294,0.95,2077.06485050686,21.2631401168276,8.8660675550501
"923","923",2.00872473364648,-0.172575365601106,0,125181.276959679,68.15,15.0202494898335
"924","924",1.21341438819683,0.0686250914314854,0.5,39432.6144335075,39.77,1.39778019505365
"925","925",NA,NA,NA,NA,NA,NA
"926","926",NA,NA,NA,NA,NA,NA
"927","927",NA,NA,NA,NA,NA,NA
"928","928",0.385582564101579,-0.569130966102312,0.85,1588.06672063341,9.10595238095238,0.0190397853565422
"929","929",NA,NA,NA,NA,NA,NA
"930","930",NA,NA,NA,NA,NA,NA
"931","931",1.0872608986297,0.515710195881349,0.55,32936.9604427492,30.4,0
"932","932",2.24829774714972,-0.787024483913332,0,156845.43868347,56.8416666666667,3.50708347532875
"933","933",0.772985231129646,-0.556498314128168,0.1,15013.6793732559,27.8416666666667,0.0372677996249968
"934","934",0.0550773646194998,0.0462016024769988,1.35,1748.86224243592,6.61933497536946,0.00416961645551857
"935","935",NA,NA,NA,NA,NA,NA
"936","936",1.05337540996158,-0.787282018188903,0.1,24356.6057776085,33.6125,0.377622409571422
"937","937",0.924576517807436,0.553746750088515,0.4,24575.085110958,35.105,1.31928010672488
"938","938",NA,NA,NA,NA,NA,NA
"939","939",NA,NA,NA,NA,NA,NA
"940","940",NA,NA,NA,NA,NA,NA
"941","941",1.01867802422502,-0.202257943213786,0.45,20956.9887018647,43.75,0
"942","942",-0.670497568227008,-0.78324279286581,1.15,549.771289047993,7.03683862433862,0.000484586704408206
"943","943",0.477790722111853,0.0763093533135428,1.15,3502.12257149844,7,0
"944","944",NA,NA,NA,NA,NA,NA
"945","945",NA,NA,NA,NA,NA,NA
"946","946",NA,NA,NA,NA,NA,NA
"947","947",2.17977035385882,0.57083635353333,0.4,192693.162981804,40.875,1.2760444638351
"948","948",0.420154264800771,0.0263194264803789,1.1,3151.45884907658,7,0
"949","949",NA,NA,NA,NA,NA,NA
"950","950",0.254470316813165,0.91590224508578,0.75,2236.25147678778,17.6642757936508,13.0976817706275
"951","951",0.489801201021634,0.133023168922915,1.15,3458.12932998096,6.9505291005291,0.0185304492736607
"952","952",0.698644183644395,-0.566516077742866,0.35,13632.9742165405,27.1904761904762,0.48856112004055
"953","953",1.82133875668396,0.661447926315524,0.4,118051.611410764,40.8,1.00524937990007
"954","954",0.170216819313441,0.639444879805168,0.95,1839.50172180658,20.021114560192,11.1879499015617
"955","955",0.621727323271653,0.416624936890787,0.5,12261.8414321023,27.1595238095238,0.0111943415709919
"956","956",-0.584378104462889,-0.192174206333971,1.35,609.614417192104,6.46201149425287,0.0159377059854277
"957","957",0.0393998640972889,-0.344097586419102,1.1,1492.69743116298,7.42792307692308,0.0183890276412195
"958","958",0.996869197207502,1.04284138350328,1.25,10044.1634134051,6.25527849957743,0.52929013854083
"959","959",1.27130316320127,-0.979387759454677,0.1,40800.013770415,28.2,0
"960","960",NA,NA,NA,NA,NA,NA
"961","961",NA,NA,NA,NA,NA,NA
"962","962",1.54668607838014,1.23351358300964,0.15,66157.5542611891,54,0
"963","963",1.14478337876581,1.19542806303035,1.05,23168.9461062644,9.55472710217926,4.08186173563369
"964","964",0.533421870976695,-1.04420469469311,0.4,12187.0589018667,27.2866666666667,1.6602120628303
"965","965",NA,NA,NA,NA,NA,NA
"966","966",-0.590219969327561,-0.786978144870337,1.15,605.681827807386,7.22314814814815,0.0125236365727298
"967","967",NA,NA,NA,NA,NA,NA
"968","968",-0.22863051323747,-0.343245538194003,1.25,1063.70779474666,6.78725369458128,0.010577972963675
"969","969",0.619003236467131,-0.741650677497707,0.4,11157.3054261214,26.275,0.106051247837636
"970","970",0.116153358346145,-1.13491609814836,0.85,601.265253904115,9.27107142857143,0.0260279188559398
"971","971",2.77121407953752,0.87525760141725,0,425470.205216991,34.1775,0.807444800133828
"972","972",-0.753783821998782,-2.30486093825591,0.35,1341.56148529626,19.035,0.0587142948612403
"973","973",NA,NA,NA,NA,NA,NA
"974","974",0.339415258803843,-0.469817149440962,0.9,1838.18131815771,9,0
"975","975",-0.816113412070248,-0.653538462146752,1.25,450.802358112445,6.71804187192118,0.0127325909217322
"976","976",1.79992324508451,0.301504112125722,0.4,64756.4753918762,29.925,0.755244819142842
"977","977",-1.16211558108331,-0.332747339053694,0.6,370.407573863783,27.2904761904762,0.0935310677142079
"978","978",1.13289978677839,0.402242492453019,0.05,38864.8646515659,37.4,2.68328157299975
"979","979",NA,NA,NA,NA,NA,NA
"980","980",NA,NA,NA,NA,NA,NA
"981","981",-0.482471356384041,-0.916707911877307,1,706.700516754797,8,0
"982","982",NA,NA,NA,NA,NA,NA
"983","983",NA,NA,NA,NA,NA,NA
"984","984",-0.352150786470314,-1.82866873275455,0.15,2208.73722005727,22.3035714285714,0.458026050038015
"985","985",NA,NA,NA,NA,NA,NA
"986","986",0.663884039621842,-0.428562667089984,0.25,15555.1745106709,24.6571428571429,0.430821162814317
"987","987",NA,NA,NA,NA,NA,NA
"988","988",-0.357362359791307,-1.207027317797,0.9,555.877236093121,8.76385281385281,0.0135610217801193
"989","989",NA,NA,NA,NA,NA,NA
"990","990",0.668001754257504,-0.98604271751095,0.4,14195.3267083448,31.2466666666667,0.908980535564479
"991","991",-0.719079982095013,-0.763366853172146,1.15,518.298915096153,6.93630952380952,0.016303879105027
"992","992",NA,NA,NA,NA,NA,NA
"993","993",1.22107942923994,-2.03530068336695,0.1,37097.8148657229,27.3466666666667,0.569641315276706
"994","994",NA,NA,NA,NA,NA,NA
"995","995",-0.354720998065715,0.281827616735857,0.7,770.70964807904,14.3553606387288,5.25827840314559
"996","996",NA,NA,NA,NA,NA,NA
"997","997",0.347014780363061,-0.318006881643507,0.9,2362.76089214212,8.73733766233766,0.0208710448348262
"998","998",NA,NA,NA,NA,NA,NA
"999","999",NA,NA,NA,NA,NA,NA
"1000","1000",NA,NA,NA,NA,NA,NA
