"","index","recnoise","meanpeaks","varprey","meanPeriod","sdperiod","count0peaks"
"1","1",1.74932844593254,0.45,NA,14.5205128205128,0.356954021647074,14
"2","2",-1.89696517119276,0.65,NA,11.3768382352941,0.0202249854492713,7
"3","3",0.697497842210002,0.55,NA,13.8752747252747,0.0362321751295901,9
"4","4",0.551410379953441,0.7,NA,13.6332417582418,0.0134439693661976,6
"5","5",-0.837569630775158,0.8,NA,12.0645833333333,0.00213745490017728,4
"6","6",-0.894155146472527,0.75,NA,12,0,5
"7","7",2.03800687265614,0.65,NA,15.9643181818182,0.847498782655686,12
"8","8",-0.579092871155075,0.6,NA,12.2914583333333,0.0334011098232812,8
"9","9",-0.148319043200921,0.6,NA,12.7114285714286,0.0245450306023552,8
"10","10",0.222171233720813,0.7,NA,13.142380952381,0.00212958854999979,6
"11","11",-1.58898421882175,0.75,NA,11.5246323529412,0.0278743906084751,5
"12","12",0.180586496525547,0.7,NA,13.0957142857143,0.0345430332789169,6
"13","13",-1.36583527006595,0.7,NA,11.6864583333333,0.00465847495312469,6
"14","14",1.9795201097841,0.6,NA,14.7523358585859,0.975693750557657,13
"15","15",0.0210980790396432,0.55,NA,12.8609523809524,0.00478690180904793,9
"16","16",-1.50773505320999,0.8,NA,11.5650735294118,0.00792115639477499,4
"17","17",-0.604940189015407,0.55,NA,12.2283333333333,0.0324893144826973,9
"18","18",0.814234181304254,0.45,NA,14.0763736263736,0.00169117310783267,11
"19","19",0.103089616224841,0.65,NA,13,0,7
"20","20",-1.80396302986784,0.65,NA,11.4022058823529,0.024746023707048,7
"21","21",-0.905397065839847,0.7,NA,12,0,6
"22","22",0.203213590577353,0.75,NA,13.142380952381,0.00212958854999979,5
"23","23",-0.705035181669629,0.65,NA,12.13125,0.00370218048599412,7
"24","24",1.41408202367388,0.3,NA,21.6236111111111,0.0185246091348707,14
"25","25",1.5031067078743,0.3,NA,19.36,0.0820782681668131,14
"26","26",0.859248183161152,0.55,NA,14.1538461538462,0,9
"27","27",0.111519918629236,0.65,NA,13.0704761904762,0.00195424448016219,7
"28","28",0.518624909964195,0.65,NA,13.614010989011,0.0280095006185808,7
"29","29",NA,NA,NA,NA,NA,6
"30","30",1.47757764846983,0.3,NA,19.4572222222222,0.0571439594249948,14
"31","31",0.0417752469971142,0.55,NA,12.9302380952381,0.00233028802347424,9
"32","32",0.355859986016453,0.5,NA,13.3626373626374,0.0112744873855511,10
"33","33",0.458015809788654,0.55,NA,13.5,0.0249571417124249,9
"34","34",0.113892154731572,0.65,NA,13.0704761904762,0.00195424448016219,7
"35","35",-0.381215658613734,0.65,NA,12.4645238095238,0.0143669370201588,7
"36","36",0.46145680599887,0.55,NA,13.5458791208791,0.025164784652208,9
"37","37",-0.470189637926784,0.55,NA,12.3566666666667,0.0326240323286394,9
"38","38",0.139800377482787,0.7,NA,13.0704761904762,0.00195424448016219,6
"39","39",0.0640406867773407,0.6,NA,12.9304761904762,0.00239345090452397,8
"40","40",1.07755650619148,0.5,NA,14.5439102564103,0.0270588920610641,10
"41","41",1.81432634149823,0.35,NA,14.75,0,13
"42","42",0.00130253363687442,0.5,NA,12.8957142857143,0.0348868219376584,10
"43","43",-0.723155655032079,0.7,NA,12.1741666666667,0.0311100668162243,6
"44","44",-0.946280881747254,0.7,NA,11.9360416666667,0.00203900202053985,6
"45","45",0.348516810394529,0.5,NA,13.3549450549451,0.0182144918061455,10
"46","46",1.78525934453369,0.45,NA,16.1363636363636,0.0807748469671497,12
"47","47",0.470278603473781,0.55,NA,13.5260989010989,0.026672861433736,9
"48","48",0.0480356908414508,0.6,NA,12.9411904761905,0.025446249944411,8
"49","49",0.193006676057548,0.75,NA,13.142380952381,0.00212958854999979,5
"50","50",-1.70244783593179,0.7,NA,11.4466911764706,0.0289853964134518,6
"51","51",2.60975107329571,0.4,NA,17.4163636363636,0.0256452188717252,12
"52","52",1.65177121506419,0.6,NA,14.55,0.421774464309898,12
"53","53",1.57573537670953,0.5,NA,17.6018181818182,0.096010003828485,12
"54","54",0.400697088942656,0.45,NA,13.4247252747253,0.0237233540284732,11
"55","55",-0.284429141995884,0.8,NA,12.5690476190476,0.031492302664357,4
"56","56",1.634495508352,0.6,NA,12.5152380952381,0.317675950158312,12
"57","57",0.651202853233859,0.65,NA,13.8489010989011,0.00488199624526723,7
"58","58",-1.6312419933014,0.75,NA,11.4985294117647,0.0150122878098247,5
"59","59",-0.755028819407737,0.7,NA,12.1008333333333,0.0318645708772766,6
"60","60",-1.22030923317705,0.65,NA,11.7689583333333,0.030692393623108,7
"61","61",0.163086106088516,0.75,NA,13.0704761904762,0.00195424448016219,5
"62","62",-0.0487387639314035,0.5,NA,12.7907142857143,0.00699086407042273,10
"63","63",-0.400719990046676,0.65,NA,12.4597619047619,0.0235055787625695,7
"64","64",-0.587892289934036,0.6,NA,12.2641666666667,0.00610579247554236,8
"65","65",-0.782824842879912,0.75,NA,12.11375,0.0281333239793781,5
"66","66",0.981630973451012,0.7,NA,14.3461538461538,0.0367359179185321,6
"67","67",1.25934397112559,0.65,NA,14.8153846153846,0.0312379946834731,7
"68","68",-0.468461934157069,0.55,NA,12.3566666666667,0.0326240323286394,9
"69","69",-0.361298575782253,0.7,NA,12.5066666666667,0.0298142396999971,6
"70","70",0.0500453981819302,0.6,NA,12.9304761904762,0.00239345090452397,8
"71","71",-1.4786796946869,0.8,NA,11.5963235294118,0.0303544741254966,4
"72","72",-2.25071095146267,0.8,NA,11.49,0.0967906041546984,4
"73","73",0.0808507552212542,0.65,NA,12.9830952380952,0.0300564373461961,7
"74","74",0.454638860422846,0.55,NA,13.5,0.0249571417124249,9
"75","75",-0.28141790310735,0.8,NA,12.5690476190476,0.031492302664357,4
"76","76",-0.968527685369756,0.65,NA,11.9358333333333,0.00209426954145836,7
"77","77",-0.753631904729772,0.7,NA,12.1008333333333,0.0318645708772766,6
"78","78",-0.734629075872903,0.7,NA,12.1308333333333,0.00391801954984667,6
"79","79",-1.2658106914981,0.6,NA,11.725625,0.0292846922769283,8
"80","80",0.175808084439602,0.75,NA,13.1419047619048,0.00293136672024329,5
"81","81",-0.998549506637062,0.65,NA,11.9010416666667,0.0322713221141333,7
"82","82",-0.0477858002816901,0.5,NA,12.7907142857143,0.00699086407042273,10
"83","83",0.564272634987534,0.7,NA,13.6815934065934,0.030538827933753,6
"84","84",-0.133172704370858,0.6,NA,12.6980952380952,0.0271316425849801,8
"85","85",-0.827097090737077,0.8,NA,12.0645833333333,0.00213745490017728,4
"86","86",1.68994824221879,0.35,NA,13.6153846153846,0,13
"87","87",0.423230944122151,0.5,NA,13.4739010989011,0.026672861433736,10
"88","88",0.300632137054782,0.6,NA,13.2868131868132,0.00491443511538414,8
"89","89",-0.372038301045854,0.7,NA,12.4645238095238,0.0143669370201588,6
"90","90",1.15388845732866,0.45,NA,14.6144230769231,0.0305147908729993,11
"91","91",-0.0791560916356361,0.5,NA,12.79,0.00671660494259465,10
"92","92",-0.724497156866023,0.7,NA,12.134375,0.0129576317009802,6
"93","93",-0.28227573633908,0.8,NA,12.5690476190476,0.031492302664357,4
"94","94",1.8455299515688,0.3,NA,13.0179487179487,0.531328817466008,14
"95","95",1.03278135156546,0.6,NA,14.4692307692308,0.0157842823397715,8
"96","96",1.48441320267098,0.35,NA,21.8590277777778,0.0393547183911804,13
"97","97",-0.203456478344507,0.7,NA,12.6307142857143,0.0298971862760561,6
"98","98",-0.202414732276175,0.7,NA,12.6307142857143,0.0298971862760561,6
"99","99",1.76913322178666,0.45,NA,14.7712121212121,0.17127174301682,13
"100","100",0.993230630405245,0.7,NA,14.3894230769231,0.0117419086068113,6
"101","101",0.332766791308137,0.55,NA,13.3574175824176,0.0144246260425618,9
"102","102",1.04687602962779,0.55,NA,14.4503205128205,0.0199348180015082,9
"103","103",-0.572426398272656,0.55,NA,12.3079166666667,0.0316718601466063,9
"104","104",-0.665619893559965,0.6,NA,12.205,0.0153896752812775,8
"105","105",-0.872531737660295,0.75,NA,12.0645833333333,0.00213745490017728,5
"106","106",-0.351199344149869,0.7,NA,12.4645238095238,0.0143669370201588,6
"107","107",0.449521352644156,0.5,NA,13.4980769230769,0.0263974131212791,10
"108","108",-1.23960867976261,0.65,NA,11.7508333333333,0.0126525775752711,7
"109","109",-1.11580644609357,0.65,NA,11.825,0.0271044115008428,7
"110","110",-1.07164761161942,0.6,NA,11.8716666666667,0.00418853908291672,8
"111","111",-0.0181851455285255,0.55,NA,12.8783333333333,0.0300564373461961,9
"112","112",-1.20157708622503,0.6,NA,11.7564583333333,0.0213092569045608,8
"113","113",0.501459119945453,0.6,NA,13.5659340659341,0.0226894681850005,8
"114","114",0.12036047536118,0.7,NA,13,0,6
"115","115",0.204410155420858,0.75,NA,13.142380952381,0.00212958854999979,5
"116","116",-0.086302098318778,0.5,NA,12.7433333333333,0.0295932565063071,10
"117","117",0.0435414340812004,0.55,NA,12.9302380952381,0.00233028802347424,9
"118","118",0.647672917143187,0.65,NA,13.8423076923077,0.0198587861956884,7
"119","119",0.295321881737362,0.6,NA,13.2868131868132,0.00491443511538414,8
"120","120",-0.177412154799548,0.65,NA,12.6654761904762,0.0196566177971879,7
"121","121",0.538459371045783,0.65,NA,13.6318681318681,0.0138083706030229,7
"122","122",-1.60770166467004,0.75,NA,11.4985294117647,0.0150122878098247,5
"123","123",0.512693001083114,0.65,NA,13.614010989011,0.0280095006185808,7
"124","124",-0.882191401509993,0.75,NA,12,0,5
"125","125",0.231760967500357,0.7,NA,13.1821428571429,0.0364584132524313,6
"126","126",1.24408054757786,0.65,NA,14.8237179487179,0.0284783114307255,7
"127","127",-0.856550278140317,0.75,NA,12.06125,0.0145660925656669,5
"128","128",-1.54445127589116,0.8,NA,11.5604779411765,0.012074753033027,4
"129","129",-1.0984338507549,0.6,NA,11.828125,0.0291157136388884,8
"130","130",1.37688985094824,0.35,NA,21.7416666666667,0.0256494588021285,13
"131","131",-0.185490661664479,0.65,NA,12.6583333333333,0.0116514401173712,7
"132","132",-1.37168614091587,0.7,NA,11.65625,0.0320618235026611,6
"133","133",-1.15434602627127,0.6,NA,11.80875,0.00587702932477001,8
"134","134",0.107946472095285,0.65,NA,13.0597619047619,0.0258279766456974,7
"135","135",-0.229976405644902,0.7,NA,12.5942857142857,0.0117254668809731,6
"136","136",-0.961397912178631,0.65,NA,12,0,7
"137","137",1.20609617097931,0.6,NA,14.7596153846154,0.00986517646235767,8
"138","138",-0.0293861407194107,0.5,NA,12.86,0.00447773662839643,10
"139","139",1.00130543587582,0.65,NA,14.4217948717949,0.0353926334086919,7
"140","140",0.0209904528569814,0.55,NA,12.8609523809524,0.00478690180904793,9
"141","141",0.503557161634153,0.6,NA,13.5659340659341,0.0226894681850005,8
"142","142",0.972089267377594,0.65,NA,14.3384615384615,0.0358781517510549,7
"143","143",0.705179774680734,0.55,NA,13.9239010989011,0.00201289861831056,9
"144","144",-0.0934199750370898,0.55,NA,12.7466666666667,0.0320594387704125,9
"145","145",0.635134404761258,0.65,NA,13.775,0.00806638161971854,7
"146","146",-0.785881296425822,0.75,NA,12.074375,0.0218930063735015,5
"147","147",0.509559592639397,0.6,NA,13.5956043956044,0.0344010458076889,8
"148","148",-0.129493504023709,0.6,NA,12.7416666666667,0.0272840718230927,8
"149","149",-1.71256729857784,0.7,NA,11.4373161764706,0.0176710282906417,6
"150","150",0.494146635202801,0.6,NA,13.5277472527473,0.0284373662178057,8
"151","151",0.406049226160485,0.45,NA,13.4247252747253,0.0237233540284732,11
"152","152",-0.355826251684077,0.7,NA,12.5066666666667,0.0298142396999971,6
"153","153",-0.325567497794779,0.75,NA,12.505,0.0311100668162242,5
"154","154",-1.24966711634367,0.6,NA,11.7466666666667,0.00683985568056803,8
"155","155",0.0310557042296468,0.55,NA,12.9302380952381,0.00233028802347424,9
"156","156",0.822546519801877,0.5,NA,14.0763736263736,0.00169117310783267,10
"157","157",-0.0374379753899928,0.5,NA,12.86,0.00447773662839643,10
"158","158",-0.457245234870939,0.6,NA,12.3866666666667,0.0273594227222707,8
"159","159",0.703742354469499,0.55,NA,13.9239010989011,0.00201289861831056,9
"160","160",1.50957788702896,0.35,NA,21.7375,0.0305289623777098,13
"161","161",0.537615319890676,0.65,NA,13.6318681318681,0.0138083706030229,7
"162","162",-0.375509606527138,0.65,NA,12.4883333333333,0.0291697993305139,7
"163","163",0.720228767941738,0.5,NA,13.9239010989011,0.00201289861831056,10
"164","164",-0.129491929267877,0.6,NA,12.7416666666667,0.0272840718230927,8
"165","165",-0.692779601222379,0.65,NA,12.1714583333333,0.0322259872523087,7
"166","166",-0.428552885687611,0.6,NA,12.4147619047619,0.0273725060526059,8
"167","167",-0.834818187895881,0.8,NA,12.0645833333333,0.00213745490017728,4
"168","168",-1.71730689263859,0.7,NA,11.4373161764706,0.0176710282906417,6
"169","169",0.324400948046787,0.55,NA,13.3093406593407,0.0327785240856457,9
"170","170",-1.06307953465741,0.65,NA,11.8820833333333,0.0223402385240163,7
"171","171",0.775272104517164,0.4,NA,14,0,12
"172","172",0.586084568982739,0.7,NA,13.7043956043956,0.0112179733084404,6
"173","173",1.66562960387231,0.5,NA,14.8028846153846,0.371654511874144,13
"174","174",0.679229073371777,0.6,NA,13.8714285714286,0.0349509108952084,8
"175","175",0.202647661082588,0.75,NA,13.142380952381,0.00212958854999979,5
"176","176",1.72722981448149,0.6,NA,13.8307692307692,0.426175623173833,12
"177","177",0.666804439932098,0.6,NA,13.8483516483516,0.00450979495422044,8
"178","178",1.02594807973101,0.6,NA,14.4503205128205,0.0199348180015082,8
"179","179",0.429532535408638,0.5,NA,13.4739010989011,0.026672861433736,10
"180","180",0.217036327925186,0.7,NA,13.1714285714286,0.0359017635678595,6
"181","181",1.13254586964528,0.4,NA,14.6211538461538,0.033464136589223,12
"182","182",0.339455023515847,0.5,NA,13.3321428571429,0.0353610686502084,10
"183","183",-0.409496304334804,0.65,NA,12.4395238095238,0.0318540351609169,7
"184","184",-0.800159496171846,0.75,NA,12.0647916666667,0.00212674077305838,5
"185","185",-1.33413005043911,0.65,NA,11.659375,0.0319011115958775,7
"186","186",0.538197118926719,0.65,NA,13.6318681318681,0.0138083706030229,7
"187","187",0.818242558392543,0.45,NA,14.1346153846154,0.0341739737168706,11
"188","188",-0.443125804838811,0.6,NA,12.3978571428571,0.00958314847499906,8
"189","189",-1.07208283212748,0.6,NA,11.8716666666667,0.00418853908291672,8
"190","190",NA,NA,NA,NA,NA,20
"191","191",-0.696604854206193,0.65,NA,12.1316666666667,0.00341992784028365,7
"192","192",0.711164386200785,0.55,NA,13.8791208791209,0.0370517463922427,9
"193","193",-0.523699367558747,0.55,NA,12.3322916666667,0.00465847495312469,9
"194","194",-0.357383183436322,0.7,NA,12.5066666666667,0.0298142396999971,6
"195","195",0.735226775804005,0.5,NA,14,0,10
"196","196",1.72588564776257,0.6,NA,13.8307692307692,0.426175623173833,12
"197","197",1.97739948281191,0.65,NA,15.3183333333333,0.339672184587517,12
"198","198",-1.19845839759146,0.6,NA,11.7564583333333,0.0213092569045608,8
"199","199",0.779017042910116,0.4,NA,14,0,12
"200","200",0.816317722561939,0.45,NA,14.15,0.0172005229038445,11
"201","201",0.343389827733014,0.5,NA,13.3510989010989,0.0196819743813136,10
"202","202",-1.58441827918333,0.75,NA,11.5215073529412,0.0268917253970046,5
"203","203",-0.533576740213432,0.55,NA,12.31125,0.0305917515542652,9
"204","204",-0.438869537924324,0.6,NA,12.4395238095238,0.0318540351609169,8
"205","205",1.0044653673415,0.65,NA,14.3894230769231,0.0117419086068113,7
"206","206",-0.888185891267122,0.75,NA,12,0,5
"207","207",-1.35320203606618,0.7,NA,11.653125,0.0319011115958775,6
"208","208",-0.145502752669067,0.6,NA,12.7238095238095,0.00977122240081096,8
"209","209",-0.176627581723983,0.65,NA,12.7090476190476,0.0264861415460405,7
"210","210",-0.0529879507354168,0.55,NA,12.8121428571429,0.0308403602370152,9
"211","211",0.403258787020511,0.45,NA,13.4247252747253,0.0237233540284732,11
"212","212",2.25085897091223,0.4,NA,16.6327272727273,0.0111924911136559,12
"213","213",0.278749106798945,0.6,NA,13.2508241758242,0.0359758186673801,8
"214","214",-1.06736938489731,0.65,NA,11.8595833333333,0.0244493449367516,7
"215","215",0.420945566906165,0.5,NA,13.4436813186813,0.0207029645375442,10
"216","216",1.53434948212665,0.3,NA,19.4627777777778,0.0611004775437592,14
"217","217",0.783247751847369,0.4,NA,14.0766483516484,0.00122860877884603,12
"218","218",-0.485476643408078,0.55,NA,12.3733333333333,0.0335083126633355,9
"219","219",1.25103401603091,0.65,NA,14.7669871794872,0.024544273549263,7
"220","220",-1.35145968659202,0.7,NA,11.653125,0.0319011115958775,6
"221","221",0.703525840039769,0.55,NA,13.9239010989011,0.00201289861831056,9
"222","222",-0.260990233526716,0.75,NA,12.5942857142857,0.0117254668809731,5
"223","223",-0.632141418175952,0.6,NA,12.265,0.00512989176042603,8
"224","224",0.751398894310665,0.45,NA,14,0,11
"225","225",-1.25073479849908,0.6,NA,11.7466666666667,0.00683985568056803,8
"226","226",-0.316354245307031,0.75,NA,12.5354761904762,0.0143669370201588,5
"227","227",1.32536089453626,0.55,NA,15,0,9
"228","228",0.440481325846589,0.5,NA,13.4489010989011,0.0236562819292276,10
"229","229",1.18176173788431,0.55,NA,14.7086538461538,0.0323852372512509,9
"230","230",0.310980515869876,0.55,NA,13.3271978021978,0.0345427828420297,9
"231","231",-1.01085994375204,0.65,NA,11.9202083333333,0.0268427233760961,7
"232","232",1.53309567678585,0.3,NA,19.4627777777778,0.0611004775437592,14
"233","233",-0.728453253818613,0.7,NA,12.134375,0.0129576317009802,6
"234","234",2.68566673124903,0.4,NA,17.5863636363636,0.0242324540901447,12
"235","235",-0.453108021382359,0.6,NA,12.4,0,8
"236","236",0.8762733931559,0.6,NA,14.1538461538462,0,8
"237","237",-0.855866718621541,0.75,NA,12.06125,0.0145660925656669,5
"238","238",0.994815439475536,0.65,NA,14.374358974359,0.0210457097863621,7
"239","239",1.58602319077916,0.3,NA,19.4572222222222,0.0571439594249948,14
"240","240",-0.34826951196142,0.7,NA,12.4916666666667,0.0303488489333441,6
"241","241",0.610592591584647,0.7,NA,13.710989010989,0.0225771433951662,6
"242","242",-0.165552699188851,0.65,NA,12.6883333333333,0.0335821362614139,7
"243","243",0.949367367028591,0.65,NA,14.2990384615385,0.0211354354922612,7
"244","244",0.320011571395721,0.55,NA,13.2868131868132,0.00491443511538414,9
"245","245",-1.07012076896346,0.6,NA,11.8716666666667,0.00418853908291672,8
"246","246",-1.03212145611122,0.6,NA,11.8975,0.0319447622664077,8
"247","247",0.794100829101481,0.45,NA,14,0,11
"248","248",0.954322393065553,0.7,NA,14.3102564102564,0.00789214116988577,6
"249","249",1.65360399352425,0.45,NA,15.7094696969697,0.442328340253664,14
"250","250",0.638476022700506,0.65,NA,13.775,0.00806638161971854,7
"251","251",-0.722596589760967,0.7,NA,12.1741666666667,0.0311100668162243,6
"252","252",-0.557089398659469,0.55,NA,12.2672916666667,0.0118064155173541,9
"253","253",-0.582203743959654,0.6,NA,12.2914583333333,0.0334011098232812,8
"254","254",-0.890607711680853,0.75,NA,12,0,5
"255","255",-1.25244851241545,0.6,NA,11.7466666666667,0.00683985568056803,8
"256","256",-0.0617991593044066,0.55,NA,12.8566666666667,0.0139817281408455,9
"257","257",1.0584039472409,0.55,NA,14.4884615384615,0.030819796507155,9
"258","258",0.290975000093684,0.6,NA,13.2436813186813,0.035396997858589,8
"259","259",0.908391464640302,0.65,NA,14.2326923076923,0.0059191058774146,7
"260","260",-0.499056030331742,0.6,NA,12.3489583333333,0.0305850303080995,8
"261","261",0.220792437588588,0.7,NA,13.142380952381,0.00212958854999979,6
"262","262",-0.646794494620945,0.6,NA,12.198125,0.00457934435665628,8
"263","263",0.263582037779414,0.65,NA,13.2142857142857,0,7
"264","264",-1.07843914127336,0.6,NA,11.8716666666667,0.00418853908291672,8
"265","265",-0.791960254937473,0.75,NA,12.0647916666667,0.00212674077305838,5
"266","266",0.528344877069407,0.65,NA,13.6046703296703,0.02985478085969,7
"267","267",0.0254763653499602,0.55,NA,12.9302380952381,0.00233028802347424,9
"268","268",0.711255984267031,0.55,NA,13.8791208791209,0.0370517463922427,9
"269","269",0.52919120847391,0.65,NA,13.6046703296703,0.02985478085969,7
"270","270",1.49012700971924,0.35,NA,19.4488888888889,0.0715919416405389,13
"271","271",0.640438428320936,0.65,NA,13.775,0.00806638161971854,7
"272","272",-0.777767393687069,0.75,NA,12.1304166666667,0.00407800404107971,5
"273","273",-0.785365700429038,0.75,NA,12.074375,0.0218930063735015,5
"274","274",-0.692378273258431,0.65,NA,12.1714583333333,0.0322259872523087,7
"275","275",-0.376204184090863,0.65,NA,12.4883333333333,0.0291697993305139,7
"276","276",-0.17681565953276,0.65,NA,12.7090476190476,0.0264861415460405,7
"277","277",1.05163203128155,0.55,NA,14.4669871794872,0.0196507227570795,9
"278","278",0.803077401010124,0.45,NA,14.0763736263736,0.00169117310783267,11
"279","279",0.351849519965453,0.5,NA,13.3549450549451,0.0182144918061455,10
"280","280",-0.892301228756868,0.75,NA,12,0,5
"281","281",-1.17003042920404,0.65,NA,11.7658333333333,0.0291697993305142,7
"282","282",1.29943765489132,0.4,NA,14.8740384615385,0.0398574291437192,12
"283","283",0.0810960694940568,0.65,NA,12.9830952380952,0.0300564373461961,7
"284","284",-0.767840372099167,0.75,NA,12.1304166666667,0.00407800404107971,5
"285","285",-0.430274034601964,0.6,NA,12.3978571428571,0.00958314847499906,8
"286","286",-1.35037628761254,0.7,NA,11.653125,0.0319011115958775,6
"287","287",-0.325527108107886,0.75,NA,12.505,0.0311100668162242,5
"288","288",-1.31571655751577,0.65,NA,11.6864583333333,0.00465847495312469,7
"289","289",-1.07925991038715,0.6,NA,11.8716666666667,0.00418853908291672,8
"290","290",1.34903077328205,0.5,NA,15,0,10
"291","291",-1.21414955741751,0.6,NA,11.7466666666667,0.00683985568056803,8
"292","292",2.30688334185524,0.4,NA,16.7231818181818,0.00999129677815975,12
"293","293",-0.167970216064412,0.65,NA,12.6883333333333,0.0335821362614139,7
"294","294",-1.05414920958761,0.6,NA,11.8716666666667,0.00418853908291672,8
"295","295",0.261143630306817,0.65,NA,13.2142857142857,0,7
"296","296",-0.492280137635285,0.55,NA,12.3733333333333,0.0335083126633355,9
"297","297",0.0662567365332831,0.6,NA,12.9759523809524,0.0336531382673366,8
"298","298",-1.5327366259735,0.8,NA,11.5246323529412,0.0278743906084751,4
"299","299",-0.821486224280954,0.8,NA,12.0645833333333,0.00213745490017728,4
"300","300",-2.06893699424959,0.7,NA,11.3672727272727,0.0111924911136564,6
"301","301",0.348358111551182,0.5,NA,13.3549450549451,0.0182144918061455,10
"302","302",-1.4151232359729,0.75,NA,11.6231617647059,0.00822083815257283,5
"303","303",-0.481333310102534,0.55,NA,12.3833333333333,0.0296174438879545,9
"304","304",0.195869518256558,0.75,NA,13.142380952381,0.00212958854999979,5
"305","305",0.137358199346067,0.7,NA,13.0704761904762,0.00195424448016219,6
"306","306",0.250445244411511,0.65,NA,13.1785714285714,0.0366420840030411,7
"307","307",0.0252860715381728,0.55,NA,12.9302380952381,0.00233028802347424,9
"308","308",-2.27676677365078,0.8,NA,11.48,0.041039134083406,4
"309","309",1.15080103506565,0.45,NA,14.6730769230769,0.0183679589592661,11
"310","310",0.858184760781908,0.55,NA,14.1538461538462,0,9
"311","311",2.57230286368826,0.45,NA,17.3309090909091,0.0397250226553406,11
"312","312",0.118426583651329,0.7,NA,13,0,6
"313","313",-0.689493744641086,0.65,NA,12.198125,0.00457934435665628,7
"314","314",-0.176114671025151,0.65,NA,12.7090476190476,0.0264861415460405,7
"315","315",-0.213006679948412,0.7,NA,12.6595238095238,0.0111943415709911,6
"316","316",1.66942114285894,0.5,NA,17.3840909090909,0.562198157378758,13
"317","317",0.0574959773495909,0.6,NA,12.9304761904762,0.00239345090452397,8
"318","318",-0.232760384729094,0.7,NA,12.5942857142857,0.0117254668809731,6
"319","319",0.491156675778363,0.6,NA,13.5774725274725,0.0253299871133127,8
"320","320",1.02545876944857,0.6,NA,14.4503205128205,0.0199348180015082,8
"321","321",2.10001825520384,0.4,NA,16.3606060606061,0.00932707592804712,12
"322","322",-0.0755006175453395,0.5,NA,12.79,0.00671660494259465,10
"323","323",0.0806469975638058,0.65,NA,12.9830952380952,0.0300564373461961,7
"324","324",0.486522136977581,0.6,NA,13.543956043956,0.0271525612361029,8
"325","325",1.92059435083578,0.4,NA,16.0753787878788,0.0326517047993097,12
"326","326",-0.397890086318624,0.65,NA,12.4645238095238,0.0143669370201588,7
"327","327",1.10322061073437,0.45,NA,14.5647435897436,0.0253782077273839,11
"328","328",-0.395806574102975,0.65,NA,12.4645238095238,0.0143669370201588,7
"329","329",0.0185765181035014,0.55,NA,12.8609523809524,0.00478690180904793,9
"330","330",1.74073969109291,0.45,NA,13.7153846153846,0.468968533612363,14
"331","331",-0.151147571693803,0.6,NA,12.7114285714286,0.0245450306023552,8
"332","332",-0.58350132275232,0.6,NA,12.2914583333333,0.0334011098232812,8
"333","333",0.836688992647004,0.5,NA,14.1538461538462,0,10
"334","334",0.63626671626875,0.65,NA,13.775,0.00806638161971854,7
"335","335",0.0802342498312224,0.6,NA,13,0,8
"336","336",0.983015457715541,0.7,NA,14.3461538461538,0.0367359179185321,6
"337","337",-1.57706066326256,0.8,NA,11.4985294117647,0.0150122878098247,4
"338","338",1.85492398027573,0.45,NA,14.8833333333333,0.459149990145151,12
"339","339",1.23410121854642,0.65,NA,14.8205128205128,0.0308478527683196,7
"340","340",0.771702890723314,0.4,NA,14,0,12
"341","341",-1.67453907484689,0.75,NA,11.4786764705882,0.0248378460028846,5
"342","342",-0.753408013529998,0.7,NA,12.140625,0.0203619926729689,6
"343","343",1.46145887780279,0.3,NA,21.7527777777778,0.00854981960070986,14
"344","344",0.370645569075751,0.45,NA,13.4010989010989,0.029829489781903,11
"345","345",-0.624096693457278,0.6,NA,12.265,0.00512989176042603,8
"346","346",-0.37951406569149,0.65,NA,12.4645238095238,0.0143669370201588,7
"347","347",-0.155725206760126,0.6,NA,12.6678571428571,0.0224884105092459,8
"348","348",0.598976439287229,0.75,NA,13.7483516483516,0.0342714745532824,5
"349","349",-0.0399334801001248,0.5,NA,12.86,0.00447773662839643,10
"350","350",-0.828790029894373,0.8,NA,12.0645833333333,0.00213745490017728,4
"351","351",0.691751170839722,0.55,NA,13.8483516483516,0.00450979495422044,9
"352","352",-0.404573086116873,0.65,NA,12.4395238095238,0.0318540351609169,7
"353","353",-1.16269459310482,0.65,NA,11.77875,0.029829559694688,7
"354","354",-0.178539510612369,0.65,NA,12.6654761904762,0.0196566177971879,7
"355","355",1.07879555630006,0.5,NA,14.5439102564103,0.0270588920610641,10
"356","356",1.76868028361732,0.45,NA,13.9032051282051,0.446257472414992,13
"357","357",1.12949353319346,0.4,NA,14.6211538461538,0.033464136589223,12
"358","358",1.858745069665,0.4,NA,14.8246212121212,0.594635507139923,13
"359","359",0.302733020173535,0.6,NA,13.2868131868132,0.00491443511538414,8
"360","360",1.90463030737156,0.35,NA,17.7516666666667,0.107863353016568,13
"361","361",-0.212862789523332,0.7,NA,12.6595238095238,0.0111943415709911,6
"362","362",-1.13593377537092,0.6,NA,11.80875,0.00587702932477001,8
"363","363",-1.09847160167376,0.6,NA,11.828125,0.0291157136388884,8
"364","364",-1.84505209707618,0.65,NA,11.3768382352941,0.0202249854492713,7
"365","365",-0.293965950192205,0.75,NA,12.562380952381,0.0312793602379366,5
"366","366",-0.86509079558978,0.75,NA,12.0645833333333,0.00213745490017728,5
"367","367",-0.227450505383149,0.7,NA,12.5942857142857,0.0117254668809731,6
"368","368",-1.30053987835354,0.65,NA,11.7233333333333,0.0304210222788654,7
"369","369",-0.990177975259779,0.65,NA,11.9358333333333,0.00209426954145836,7
"370","370",0.0679331612483049,0.6,NA,13,0,8
"371","371",1.01369485195329,0.65,NA,14.4179487179487,0.0350240780678065,7
"372","372",-0.0206856040948201,0.55,NA,12.8409523809524,0.0276544583299138,9
"373","373",0.0158941196681875,0.55,NA,12.8609523809524,0.00478690180904793,9
"374","374",1.60103602262195,0.45,NA,16.0208333333333,0.0931694990624915,13
"375","375",-0.866284449297009,0.75,NA,12.0645833333333,0.00213745490017728,5
"376","376",-0.445996032327288,0.6,NA,12.3978571428571,0.00958314847499906,8
"377","377",-0.190166049724912,0.65,NA,12.6583333333333,0.0116514401173712,7
"378","378",-1.87242121287834,0.65,NA,11.3768382352941,0.0202249854492713,7
"379","379",-0.212293635708506,0.7,NA,12.6595238095238,0.0111943415709911,6
"380","380",0.261765102652197,0.65,NA,13.2142857142857,0,7
"381","381",-0.544008156712985,0.6,NA,12.3279166666667,0.0157708833054436,8
"382","382",1.55687549012978,0.35,NA,19.46,0.0478789897639748,13
"383","383",-0.423031034641929,0.6,NA,12.4228571428571,0.030651126995726,8
"384","384",-0.847108037191078,0.8,NA,12,0,4
"385","385",-0.410721154572793,0.65,NA,12.4395238095238,0.0318540351609169,7
"386","386",1.29096411279037,0.45,NA,14.9179487179487,0.00263071372329562,11
"387","387",-1.19339799039848,0.6,NA,11.79375,0.0264388569702765,8
"388","388",0.869964855472796,0.55,NA,14.2208333333333,0.027471362676933,9
"389","389",-0.86009970888203,0.75,NA,12.0645833333333,0.00213745490017728,5
"390","390",-0.111465359843972,0.55,NA,12.7407142857143,0.027915400813492,9
"391","391",-0.254397973720699,0.75,NA,12.5942857142857,0.0117254668809731,5
"392","392",-0.16719563160852,0.65,NA,12.6883333333333,0.0335821362614139,7
"393","393",-1.30039010916974,0.65,NA,11.7233333333333,0.0304210222788654,7
"394","394",-0.650639481089239,0.6,NA,12.198125,0.00457934435665628,8
"395","395",-0.505026243232503,0.6,NA,12.33125,0.0064123647005324,8
"396","396",0.411274020452532,0.45,NA,13.4247252747253,0.0237233540284732,11
"397","397",-1.3623295314717,0.7,NA,11.6864583333333,0.00465847495312469,6
"398","398",-1.12866215578076,0.6,NA,11.825,0.0271044115008428,8
"399","399",-1.33992066624827,0.7,NA,11.6875,0,6
"400","400",-1.26689730219769,0.6,NA,11.725625,0.0292846922769283,8
"401","401",1.05753976409545,0.55,NA,14.4884615384615,0.030819796507155,9
"402","402",-1.91360262097744,0.65,NA,11.3514705882353,0.0222642652025212,7
"403","403",-0.923418325620829,0.7,NA,12,0,6
"404","404",-0.866330289200692,0.75,NA,12.0645833333333,0.00213745490017728,5
"405","405",0.758999923580491,0.45,NA,14,0,11
"406","406",0.116546907456624,0.7,NA,13,0,6
"407","407",-0.796993432233747,0.75,NA,12.0647916666667,0.00212674077305838,5
"408","408",-0.612695487787486,0.55,NA,12.2383333333333,0.0324893144826973,9
"409","409",0.855234756548595,0.55,NA,14.1538461538462,0,9
"410","410",-0.601049110851601,0.55,NA,12.265,0.00512989176042603,9
"411","411",-0.0525522593698528,0.5,NA,12.7907142857143,0.00699086407042273,10
"412","412",-0.757877125912587,0.7,NA,12.094375,0.0328716658861192,6
"413","413",-0.0564611174289772,0.55,NA,12.8121428571429,0.0308403602370152,9
"414","414",-0.328653522917898,0.75,NA,12.505,0.0311100668162242,5
"415","415",0.202034348925687,0.75,NA,13.142380952381,0.00212958854999979,5
"416","416",-1.19550423036673,0.6,NA,11.79375,0.0264388569702765,8
"417","417",0.243289792757134,0.7,NA,13.2142857142857,0,6
"418","418",0.0535267410968193,0.6,NA,12.9304761904762,0.00239345090452397,8
"419","419",-0.888244302635353,0.75,NA,12,0,5
"420","420",-1.35344101395989,0.7,NA,11.653125,0.0319011115958775,6
"421","421",0.273032215156844,0.65,NA,13.2868131868132,0.00491443511538414,7
"422","422",0.121817657196065,0.7,NA,13,0,6
"423","423",-1.31876319170093,0.65,NA,11.6864583333333,0.00465847495312469,7
"424","424",0.95521698912192,0.7,NA,14.3102564102564,0.00789214116988577,6
"425","425",-0.0533785313719052,0.55,NA,12.8121428571429,0.0308403602370152,9
"426","426",0.9826873530038,0.7,NA,14.3461538461538,0.0367359179185321,6
"427","427",2.55975441165699,0.5,NA,17.3195454545455,0.0341777204099799,10
"428","428",0.292934355678956,0.6,NA,13.2868131868132,0.00491443511538414,8
"429","429",-0.15254970071031,0.6,NA,12.7114285714286,0.0245450306023552,8
"430","430",0.160444678808459,0.75,NA,13.0704761904762,0.00195424448016219,5
"431","431",-0.872870787591783,0.75,NA,12.0645833333333,0.00213745490017728,5
"432","432",0.751195262196299,0.45,NA,14,0,11
"433","433",0.494411379876951,0.6,NA,13.5277472527473,0.0284373662178057,8
"434","434",-1.33798242483855,0.7,NA,11.6875,0,6
"435","435",0.591968188436857,0.7,NA,13.7082417582418,0.0179950849579328,6
"436","436",0.79604718449576,0.45,NA,14,0,11
"437","437",-0.36809905896895,0.7,NA,12.4645238095238,0.0143669370201588,6
"438","438",-0.708884455516385,0.65,NA,12.164375,0.0330158952946192,7
"439","439",0.140189625062206,0.7,NA,13.0704761904762,0.00195424448016219,6
"440","440",2.33536689208088,0.4,NA,16.8145454545455,0.00746166074243653,12
"441","441",-0.399563147584976,0.65,NA,12.4645238095238,0.0143669370201588,7
"442","442",-0.15692912160428,0.6,NA,12.6678571428571,0.0224884105092459,8
"443","443",0.140179470500992,0.7,NA,13.0704761904762,0.00195424448016219,6
"444","444",0.347484916628763,0.5,NA,13.3068681318681,0.0307875575430109,10
"445","445",1.16852043375153,0.5,NA,14.7073717948718,0.0335528817732519,10
"446","446",0.832780638308375,0.5,NA,14.092032967033,0.031732975594237,10
"447","447",1.9923517997239,0.55,NA,16.1094696969697,0.0359118499064598,9
"448","448",-1.79471396925923,0.7,NA,11.3862132352941,0.0299504414840911,6
"449","449",-0.109708820520965,0.55,NA,12.7407142857143,0.027915400813492,9
"450","450",-0.0923066279459515,0.55,NA,12.7466666666667,0.0320594387704125,9
"451","451",-0.0249358513442277,0.55,NA,12.8538095238095,0.018865039737853,9
"452","452",-1.21259702901506,0.6,NA,11.7466666666667,0.00683985568056803,8
"453","453",-0.563962640842167,0.55,NA,12.2672916666667,0.0118064155173541,9
"454","454",-0.639914175460734,0.6,NA,12.198125,0.00457934435665628,8
"455","455",0.700896724839239,0.55,NA,13.9239010989011,0.00201289861831056,9
"456","456",-0.280462810190898,0.8,NA,12.5690476190476,0.031492302664357,4
"457","457",-1.24971867782387,0.6,NA,11.7466666666667,0.00683985568056803,8
"458","458",-1.86792301498506,0.65,NA,11.3420955882353,0.0235703434128468,7
"459","459",-0.390129982757182,0.65,NA,12.4228571428571,0.030651126995726,7
"460","460",0.39069891039349,0.5,NA,13.4233516483516,0.0267680051497222,10
"461","461",0.175074462369133,0.75,NA,13.1419047619048,0.00293136672024329,5
"462","462",-0.971548666576723,0.65,NA,11.9358333333333,0.00209426954145836,7
"463","463",1.0961794413409,0.45,NA,14.5419871794872,0.0287785983579926,11
"464","464",-0.980776869090079,0.65,NA,11.9358333333333,0.00209426954145836,7
"465","465",0.300943178604463,0.6,NA,13.2868131868132,0.00491443511538414,8
"466","466",0.654375572720465,0.65,NA,13.8489010989011,0.00488199624526723,7
"467","467",0.36927366578905,0.45,NA,13.4010989010989,0.029829489781903,11
"468","468",-1.52313130459274,0.8,NA,11.5604779411765,0.012074753033027,4
"469","469",-1.08714756542705,0.6,NA,11.8716666666667,0.00418853908291672,8
"470","470",0.697498057185871,0.55,NA,13.8752747252747,0.0362321751295901,9
"471","471",-1.14683879189775,0.6,NA,11.80875,0.00587702932477001,8
"472","472",0.0165952131024461,0.55,NA,12.8609523809524,0.00478690180904793,9
"473","473",1.3572977333807,0.6,NA,15,0,8
"474","474",-1.65930658085182,0.75,NA,11.4724264705882,0.0265784052967581,5
"475","475",1.4571323601223,0.3,NA,21.7527777777778,0.00854981960070986,14
"476","476",-0.421332326802601,0.6,NA,12.4228571428571,0.030651126995726,8
"477","477",-1.06786284279198,0.65,NA,11.8595833333333,0.0244493449367516,7
"478","478",-2.04650954005872,0.65,NA,11.3457875457875,0.0346668843895622,7
"479","479",0.49031014031566,0.6,NA,13.5774725274725,0.0253299871133127,8
"480","480",0.566192700016548,0.7,NA,13.7054945054945,0.0110466964824183,6
"481","481",-0.400925504074351,0.65,NA,12.4597619047619,0.0235055787625695,7
"482","482",-0.264669313727008,0.75,NA,12.5657142857143,0.0315717857973189,5
"483","483",-1.54428223810548,0.8,NA,11.5604779411765,0.012074753033027,4
"484","484",-0.218548450475612,0.7,NA,12.637380952381,0.0297290545522147,6
"485","485",0.138505487713855,0.7,NA,13.0704761904762,0.00195424448016219,6
"486","486",0.0610786777454806,0.6,NA,12.9304761904762,0.00239345090452397,8
"487","487",1.96539727684115,0.6,NA,13.4664682539683,0.50763533227223,12
"488","488",-0.974377866445654,0.65,NA,11.9358333333333,0.00209426954145836,7
"489","489",-0.834909658547632,0.8,NA,12.0645833333333,0.00213745490017728,4
"490","490",0.826606176289565,0.5,NA,14.0763736263736,0.00169117310783267,10
"491","491",-0.826984790059504,0.8,NA,12.0645833333333,0.00213745490017728,4
"492","492",1.08132172013432,0.5,NA,14.5439102564103,0.0270588920610641,10
"493","493",2.12969450286434,0.4,NA,16.4253787878788,0.0423069550968562,12
"494","494",0.380630643078183,0.45,NA,13.3760989010989,0.0258007843557667,11
"495","495",0.165933760781159,0.75,NA,13.0704761904762,0.00195424448016219,5
"496","496",-0.336399688694258,0.7,NA,12.5302380952381,0.0155478387760958,6
"497","497",1.23447478876753,0.65,NA,14.8205128205128,0.0308478527683196,7
"498","498",0.0853133664812354,0.65,NA,12.9304761904762,0.00239345090452397,7
"499","499",-0.628003287256499,0.6,NA,12.265,0.00512989176042603,8
"500","500",0.478841102921899,0.55,NA,13.5565934065934,0.0168269599626606,9
"501","501",-0.251583316627736,0.75,NA,12.5942857142857,0.0117254668809731,5
"502","502",-0.925861233115518,0.7,NA,12,0,6
"503","503",-1.21343258059797,0.6,NA,11.7466666666667,0.00683985568056803,8
"504","504",-0.21631969243703,0.7,NA,12.6595238095238,0.0111943415709911,6
"505","505",0.614732764230927,0.7,NA,13.7623626373626,0.0256401649584272,6
"506","506",1.07072058746896,0.5,NA,14.5314102564103,0.0250350112985676,10
"507","507",-1.42925544796737,0.75,NA,11.625,0,5
"508","508",0.902040945306438,0.6,NA,14.2253205128205,0.0205122933468023,8
"509","509",-0.0623879863306882,0.55,NA,12.8566666666667,0.0139817281408455,9
"510","510",-1.75635554957258,0.7,NA,11.4373161764706,0.0176710282906417,6
"511","511",0.0338510459160368,0.55,NA,12.9302380952381,0.00233028802347424,9
"512","512",0.285803015998192,0.6,NA,13.2142857142857,0,8
"513","513",0.904589312079381,0.65,NA,14.2326923076923,0.0059191058774146,7
"514","514",0.792931788966847,0.4,NA,14,0,12
"515","515",1.45128456914829,0.3,NA,21.6291666666667,0.0128247294010648,14
"516","516",0.357313171446115,0.5,NA,13.3626373626374,0.0112744873855511,10
"517","517",0.433033394926837,0.5,NA,13.4980769230769,0.0263974131212791,10
"518","518",-0.0671662874966726,0.5,NA,12.79,0.00671660494259465,10
"519","519",-1.23319167611724,0.65,NA,11.7508333333333,0.0126525775752711,7
"520","520",-1.72744280668607,0.7,NA,11.4724264705882,0.0265784052967581,6
"521","521",-0.393972644795429,0.65,NA,12.4228571428571,0.030651126995726,7
"522","522",-0.421427991367307,0.6,NA,12.4228571428571,0.030651126995726,8
"523","523",0.520235011339594,0.65,NA,13.614010989011,0.0280095006185808,7
"524","524",0.114578730711254,0.65,NA,13.0633333333333,0.0217450865401419,7
"525","525",-0.136325653353867,0.6,NA,12.7380952380952,0.02585222447765,8
"526","526",-1.44012610607356,0.75,NA,11.625,0,5
"527","527",-0.883796328265412,0.75,NA,12,0,5
"528","528",-0.272625807355255,0.75,NA,12.5657142857143,0.0315717857973189,5
"529","529",0.542246204005466,0.7,NA,13.6563186813187,0.0249236945563924,6
"530","530",-0.303252395515078,0.75,NA,12.5283333333333,0.0122115849510841,5
"531","531",0.656411020082156,0.65,NA,13.8123626373626,0.0363711450685116,7
"532","532",-0.878964984772766,0.75,NA,12,0,5
"533","533",0.775315657235995,0.4,NA,14,0,12
"534","534",-0.856658359061266,0.75,NA,12.06125,0.0145660925656669,5
"535","535",-0.895277129949089,0.75,NA,12,0,5
"536","536",-0.204117661641351,0.7,NA,12.6307142857143,0.0298971862760561,6
"537","537",-0.295667065847262,0.75,NA,12.562380952381,0.0312793602379366,5
"538","538",-1.02021249813995,0.6,NA,11.935625,0.00212674077305838,8
"539","539",-0.16031182005787,0.65,NA,12.6990476190476,0.0280486849349189,7
"540","540",0.771808473956792,0.4,NA,14,0,12
"541","541",0.0359941596103144,0.55,NA,12.9302380952381,0.00233028802347424,9
"542","542",-1.29881075978629,0.65,NA,11.7233333333333,0.0304210222788654,7
"543","543",-0.329087195990506,0.75,NA,12.505,0.0311100668162242,5
"544","544",0.280293230431699,0.6,NA,13.2508241758242,0.0359758186673801,8
"545","545",-0.312493530077798,0.75,NA,12.5283333333333,0.0122115849510841,5
"546","546",-1.06777698305396,0.65,NA,11.8595833333333,0.0244493449367516,7
"547","547",-0.0262097702470636,0.55,NA,12.8538095238095,0.018865039737853,9
"548","548",-1.91325763989021,0.65,NA,11.3514705882353,0.0222642652025212,7
"549","549",-0.83212390239118,0.8,NA,12.0645833333333,0.00213745490017728,4
"550","550",-0.678133015086554,0.65,NA,12.198125,0.00457934435665628,7
"551","551",1.34176268935997,0.65,NA,14.9349358974359,0.0334883631446224,7
"552","552",-1.21204223535907,0.6,NA,11.7466666666667,0.00683985568056803,8
"553","553",-0.0625996487907794,0.55,NA,12.8121428571429,0.0308403602370152,9
"554","554",0.987687599427775,0.7,NA,14.3894230769231,0.0117419086068113,6
"555","555",1.60595315046114,0.25,NA,17.4454545454545,0.125205355457476,15
"556","556",-0.802487513939805,0.75,NA,12.0647916666667,0.00212674077305838,5
"557","557",-0.965199862088924,0.65,NA,12,0,7
"558","558",0.772297554827007,0.4,NA,14,0,12
"559","559",0.286299972959055,0.6,NA,13.2436813186813,0.035396997858589,8
"560","560",0.2878751517124,0.6,NA,13.2436813186813,0.035396997858589,8
"561","561",-0.00343650007819194,0.5,NA,12.8604761904762,0.00466057604694849,10
"562","562",0.735380516497364,0.5,NA,14,0,10
"563","563",1.33748413597054,0.65,NA,15,0,7
"564","564",-2.14149135741819,0.75,NA,11.3785714285714,0.0699086407042273,5
"565","565",0.776107201314646,0.4,NA,14,0,12
"566","566",-0.5918197680192,0.6,NA,12.2641666666667,0.00610579247554236,8
"567","567",0.841843253608365,0.5,NA,14.1538461538462,0,10
"568","568",-1.13213399828322,0.6,NA,11.825,0.0271044115008428,8
"569","569",-0.266499420140841,0.75,NA,12.5657142857143,0.0315717857973189,5
"570","570",-0.360863013689934,0.7,NA,12.5066666666667,0.0298142396999971,6
"571","571",-0.125284049033685,0.6,NA,12.7416666666667,0.0272840718230927,8
"572","572",1.13261375563743,0.4,NA,14.6211538461538,0.033464136589223,12
"573","573",0.505619259931568,0.6,NA,13.5956043956044,0.0344010458076889,8
"574","574",-0.870767246995462,0.75,NA,12.0645833333333,0.00213745490017728,5
"575","575",-0.309215432185659,0.75,NA,12.5283333333333,0.0122115849510841,5
"576","576",0.654775682873637,0.65,NA,13.8489010989011,0.00488199624526723,7
"577","577",0.0989164590264779,0.65,NA,13,0,7
"578","578",0.815776718990176,0.45,NA,14.0958791208791,0.0343582950667074,11
"579","579",-0.738310027761956,0.7,NA,12.1308333333333,0.00391801954984667,6
"580","580",0.593013590635839,0.7,NA,13.7082417582418,0.0179950849579328,6
"581","581",-0.155958388736701,0.6,NA,12.6678571428571,0.0224884105092459,8
"582","582",0.355379033830119,0.5,NA,13.3626373626374,0.0112744873855511,10
"583","583",-0.139870438750246,0.6,NA,12.7238095238095,0.00977122240081096,8
"584","584",0.492010614069808,0.6,NA,13.5774725274725,0.0253299871133127,8
"585","585",-2.51114249093048,0.65,NA,11.7166666666667,0.223606797749979,7
"586","586",-0.0360225324741484,0.5,NA,12.86,0.00447773662839643,10
"587","587",0.6719600757136,0.6,NA,13.8483516483516,0.00450979495422044,8
"588","588",1.56591631324077,0.35,NA,17.9827777777778,0.69068314723652,13
"589","589",0.444647955065288,0.5,NA,13.4980769230769,0.0263974131212791,10
"590","590",1.49783958648756,0.3,NA,19.36,0.0820782681668131,14
"591","591",-0.053492088167458,0.55,NA,12.8121428571429,0.0308403602370152,9
"592","592",0.249066405119601,0.65,NA,13.2112637362637,0.0135146965673064,7
"593","593",-1.89978269244232,0.65,NA,11.3768382352941,0.0202249854492713,7
"594","594",1.11748461868133,0.4,NA,14.563141025641,0.0229033621713996,12
"595","595",-0.474973099932165,0.55,NA,12.3566666666667,0.0326240323286394,9
"596","596",-0.157397002004171,0.6,NA,12.6678571428571,0.0224884105092459,8
"597","597",-2.39681842290933,0.7,NA,11.4833333333333,0.17013926184468,6
"598","598",-0.489634395452109,0.55,NA,12.3733333333333,0.0335083126633355,9
"599","599",-1.00899612716163,0.65,NA,11.9202083333333,0.0268427233760961,7
"600","600",-0.127320041247439,0.6,NA,12.7416666666667,0.0272840718230927,8
"601","601",1.23643742371885,0.65,NA,14.8391025641026,0.00654381776325691,7
"602","602",-1.01503391758928,0.6,NA,11.935625,0.00212674077305838,8
"603","603",0.0461556387838041,0.6,NA,12.9866666666667,0.0273594227222707,8
"604","604",0.408313252332085,0.45,NA,13.4247252747253,0.0237233540284732,11
"605","605",-2.15232502376281,0.75,NA,11.422619047619,0.0344383611119329,5
"606","606",0.609362785428625,0.7,NA,13.710989010989,0.0225771433951662,6
"607","607",-1.01870406592477,0.6,NA,11.935625,0.00212674077305838,8
"608","608",0.396615368057228,0.45,NA,13.4247252747253,0.0237233540284732,11
"609","609",0.630510939933446,0.7,NA,13.8065934065934,0.0337105287456922,6
"610","610",-0.663085120910382,0.6,NA,12.205,0.0153896752812775,8
"611","611",0.743798629336302,0.45,NA,13.9239010989011,0.00201289861831056,11
"612","612",0.0697322952058139,0.6,NA,13,0,8
"613","613",-0.293935117112617,0.75,NA,12.562380952381,0.0312793602379366,5
"614","614",0.0322408693966692,0.55,NA,12.9302380952381,0.00233028802347424,9
"615","615",0.0684810001475764,0.6,NA,13,0,8
"616","616",-2.08841461060907,0.7,NA,11.3777777777778,0.0394899251839394,6
"617","617",-0.122753648300288,0.55,NA,12.7228571428571,0.00972224353398169,9
"618","618",2.26965698042826,0.4,NA,16.7018181818182,0.0396373293416438,12
"619","619",-1.30030797327612,0.65,NA,11.7233333333333,0.0304210222788654,7
"620","620",0.922107024209098,0.65,NA,14.2519230769231,0.0335415999720153,7
"621","621",-1.62244689080748,0.75,NA,11.4985294117647,0.0150122878098247,5
"622","622",0.43649486581025,0.5,NA,13.4489010989011,0.0236562819292276,10
"623","623",0.835625981063624,0.5,NA,14.1538461538462,0,10
"624","624",0.582424347238468,0.7,NA,13.7043956043956,0.0112179733084404,6
"625","625",-0.103707412610711,0.55,NA,12.7847619047619,0.0187699052951943,9
"626","626",2.04584258312651,0.55,NA,16.2765151515152,0.0206375826070291,9
"627","627",0.0591012439026605,0.6,NA,12.9304761904762,0.00239345090452397,8
"628","628",-0.757973543778637,0.7,NA,12.094375,0.0328716658861192,6
"629","629",-1.12043704991252,0.65,NA,11.8627083333333,0.0219846354508423,7
"630","630",0.596065717802852,0.7,NA,13.7596153846154,0.0277244092214144,6
"631","631",0.0923608145492629,0.65,NA,13,0,7
"632","632",-0.370437212664532,0.7,NA,12.4645238095238,0.0143669370201588,6
"633","633",0.387598648063271,0.5,NA,13.4233516483516,0.0267680051497222,10
"634","634",-0.152913772788891,0.6,NA,12.7114285714286,0.0245450306023552,8
"635","635",1.03891795431978,0.6,NA,14.4692307692308,0.0157842823397715,8
"636","636",-1.12759751002757,0.6,NA,11.8627083333333,0.0219846354508423,8
"637","637",-1.49022953340793,0.8,NA,11.5604779411765,0.012074753033027,4
"638","638",-0.663925870093048,0.6,NA,12.205,0.0153896752812775,8
"639","639",-0.0280387995566537,0.55,NA,12.8538095238095,0.018865039737853,9
"640","640",-0.403042839184909,0.65,NA,12.4597619047619,0.0235055787625695,7
"641","641",1.31767272785966,0.5,NA,14.9185897435897,0.00301386119219033,10
"642","642",-0.808666025625914,0.8,NA,12.13,0.00418853908291672,4
"643","643",-1.95556640564609,0.65,NA,11.3514705882353,0.0222642652025212,7
"644","644",0.308698571970567,0.55,NA,13.2802197802198,0.0169117310783272,9
"645","645",-0.174146636902336,0.65,NA,12.7090476190476,0.0264861415460405,7
"646","646",-0.854292675772569,0.75,NA,12.0222916666667,0.0311885360461461,5
"647","647",-0.225438310408626,0.7,NA,12.5942857142857,0.0117254668809731,6
"648","648",2.35280075371575,0.4,NA,16.9063636363636,0.00427420314528864,12
"649","649",-0.00109706290999038,0.5,NA,12.8604761904762,0.00466057604694849,10
"650","650",1.02883987166317,0.6,NA,14.4141025641026,0.0341992784028383,8
"651","651",0.81925480482483,0.45,NA,14.0804945054945,0.0173087250786636,11
"652","652",1.29779816916791,0.4,NA,14.9179487179487,0.00263071372329562,12
"653","653",0.510636151931415,0.65,NA,13.5791208791209,0.0236764235096573,7
"654","654",0.0888194036464347,0.65,NA,13,0,7
"655","655",1.04157650223995,0.55,NA,14.4503205128205,0.0199348180015082,9
"656","656",-0.272539669107384,0.75,NA,12.5657142857143,0.0315717857973189,5
"657","657",-1.29652176722701,0.65,NA,11.7233333333333,0.0304210222788654,7
"658","658",-2.35960546033928,0.75,NA,11.6375,0.0866658232077714,5
"659","659",-1.01522380143217,0.6,NA,11.935625,0.00212674077305838,8
"660","660",0.116444482103588,0.7,NA,13,0,6
"661","661",-1.1058836365575,0.6,NA,11.80875,0.00587702932477001,8
"662","662",-0.256947567027832,0.75,NA,12.5942857142857,0.0117254668809731,5
"663","663",0.16361726737245,0.75,NA,13.0704761904762,0.00195424448016219,5
"664","664",0.284523274586399,0.6,NA,13.2142857142857,0,8
"665","665",-0.0271957186029036,0.55,NA,12.8538095238095,0.018865039737853,9
"666","666",0.843856140103571,0.5,NA,14.1384615384615,0.0315685646795431,10
"667","667",-2.12620832613036,0.7,NA,11.4232142857143,0.0556006649420477,6
"668","668",0.129910976787875,0.7,NA,13.0704761904762,0.00195424448016219,6
"669","669",-0.118061770251617,0.55,NA,12.7228571428571,0.00972224353398169,9
"670","670",0.33039115463578,0.55,NA,13.3574175824176,0.0144246260425618,9
"671","671",0.493564541010351,0.6,NA,13.5277472527473,0.0284373662178057,8
"672","672",0.427641566734647,0.5,NA,13.4739010989011,0.026672861433736,10
"673","673",1.89245137169643,0.5,NA,14.4324175824176,0.358464432067907,13
"674","674",-0.0267811178868196,0.55,NA,12.8538095238095,0.018865039737853,9
"675","675",0.223755493518277,0.7,NA,13.142380952381,0.00212958854999979,6
"676","676",-0.934174193496685,0.7,NA,12,0,6
"677","677",-2.08147020094448,0.7,NA,11.3866666666667,0.0331574306103226,6
"678","678",0.961514435383755,0.7,NA,14.3102564102564,0.00789214116988577,6
"679","679",0.140004377324792,0.7,NA,13.0704761904762,0.00195424448016219,6
"680","680",-0.530301702606619,0.55,NA,12.31125,0.0305917515542652,9
"681","681",0.0549575822952661,0.6,NA,12.9304761904762,0.00239345090452397,8
"682","682",1.79692242091698,0.35,NA,16.0166666666667,0.209891831419629,14
"683","683",1.16227404481231,0.45,NA,14.6769230769231,0.0128878125628214,11
"684","684",-0.30860737445364,0.75,NA,12.5283333333333,0.0122115849510841,5
"685","685",-0.989318956466593,0.65,NA,11.9358333333333,0.00209426954145836,7
"686","686",1.24831289860118,0.7,NA,14.8076923076923,0.0369121103822074,6
"687","687",0.300561632353694,0.6,NA,13.2868131868132,0.00491443511538414,8
"688","688",1.88640730274411,0.6,NA,17.5372727272727,0.587368117040055,12
"689","689",1.32436147396131,0.55,NA,14.9762820512821,0.037209722918952,9
"690","690",-0.423360415600031,0.6,NA,12.4228571428571,0.030651126995726,8
"691","691",1.92024154249567,0.45,NA,15.4109126984127,0.36187394754055,13
"692","692",0.894061635682038,0.6,NA,14.2246794871795,0.0225416823652581,8
"693","693",0.799134915850847,0.45,NA,14.0763736263736,0.00169117310783267,11
"694","694",-1.27426691694295,0.6,NA,11.68875,0.0114787497536287,8
"695","695",1.69430424667967,0.35,NA,14.75,0,13
"696","696",-0.327136038564824,0.75,NA,12.505,0.0311100668162242,5
"697","697",0.235291835162595,0.7,NA,13.2142857142857,0,6
"698","698",-1.0250625705211,0.6,NA,11.935625,0.00212674077305838,8
"699","699",0.928481641506031,0.7,NA,14.2317307692308,0.00430013072596132,6
"700","700",1.01597226032922,0.65,NA,14.4179487179487,0.0350240780678065,7
"701","701",1.44773088898621,0.3,NA,19.25,0.0854981960070964,14
"702","702",0.702026532718846,0.55,NA,13.9239010989011,0.00201289861831056,9
"703","703",0.103528707712476,0.65,NA,13,0,7
"704","704",-0.224383688328753,0.7,NA,12.637380952381,0.0297290545522147,6
"705","705",-0.340829653478184,0.7,NA,12.4916666666667,0.0303488489333441,6
"706","706",1.44616262278756,0.3,NA,19.25,0.0854981960070964,14
"707","707",0.997192314712121,0.65,NA,14.374358974359,0.0210457097863621,7
"708","708",0.559790618967559,0.7,NA,13.6815934065934,0.030538827933753,6
"709","709",0.706515958419027,0.55,NA,13.9239010989011,0.00201289861831056,9
"710","710",1.32830749981103,0.6,NA,14.9192307692308,0.00322195314070578,8
"711","711",0.223705053439422,0.7,NA,13.142380952381,0.00212958854999979,6
"712","712",0.351636384774209,0.5,NA,13.3549450549451,0.0182144918061455,10
"713","713",-0.8523564017874,0.8,NA,12,0,4
"714","714",1.66118756290632,0.5,NA,14.8028846153846,0.371654511874144,13
"715","715",-1.88697350138857,0.65,NA,11.3768382352941,0.0202249854492713,7
"716","716",-0.32322570587579,0.75,NA,12.5354761904762,0.0143669370201588,5
"717","717",-0.588285608490046,0.6,NA,12.2641666666667,0.00610579247554236,8
"718","718",1.4209386032334,0.3,NA,19.2361111111111,0.0621129993749943,14
"719","719",-0.0424553037959239,0.5,NA,12.8190476190476,0.0334584119466486,10
"720","720",-1.08163590982098,0.6,NA,11.8716666666667,0.00418853908291672,8
"721","721",-0.566862543101259,0.55,NA,12.3079166666667,0.0316718601466063,9
"722","722",0.232189302966191,0.7,NA,13.2142857142857,0,6
"723","723",-0.199543349249557,0.7,NA,12.6738095238095,0.0219852504018247,6
"724","724",1.67271181144782,0.5,NA,15.8287878787879,0.474791021338083,13
"725","725",-0.53267165404448,0.55,NA,12.31125,0.0305917515542652,9
"726","726",-2.0786731904778,0.7,NA,11.385,0.0366347548532522,6
"727","727",-0.905591894876568,0.7,NA,12,0,6
"728","728",0.143140766503496,0.7,NA,13.0704761904762,0.00195424448016219,6
"729","729",1.35229676852105,0.4,NA,15,0,12
"730","730",-0.671307027800787,0.65,NA,12.198125,0.00457934435665628,7
"731","731",1.30183566566557,0.4,NA,14.9179487179487,0.00263071372329562,12
"732","732",0.00901232979673865,0.55,NA,12.9202380952381,0.0231680504806587,9
"733","733",0.409076536868381,0.45,NA,13.4247252747253,0.0237233540284732,11
"734","734",-1.42321872369924,0.75,NA,11.5950367647059,0.0312477234647016,5
"735","735",0.095217589648235,0.65,NA,13,0,7
"736","736",-0.473118889136479,0.55,NA,12.3566666666667,0.0326240323286394,9
"737","737",-1.27683277854854,0.65,NA,11.7139583333333,0.0303872123670236,7
"738","738",0.388843836421559,0.5,NA,13.4233516483516,0.0267680051497222,10
"739","739",1.13073079356388,0.4,NA,14.6211538461538,0.033464136589223,12
"740","740",-1.30518487113639,0.65,NA,11.7233333333333,0.0304210222788654,7
"741","741",0.10853122776788,0.65,NA,13.0704761904762,0.00195424448016219,7
"742","742",-0.00296298911606329,0.5,NA,12.8604761904762,0.00466057604694849,10
"743","743",0.185939377604035,0.75,NA,13.0707142857143,0.00174451213586915,5
"744","744",0.14844270209436,0.7,NA,13.027619047619,0.0347394097572948,6
"745","745",1.00911569122823,0.65,NA,14.3894230769231,0.0117419086068113,7
"746","746",0.366553742017736,0.45,NA,13.3524725274725,0.0210379487565109,11
"747","747",0.130851285461367,0.7,NA,13.0704761904762,0.00195424448016219,6
"748","748",0.541826031294722,0.7,NA,13.6563186813187,0.0249236945563924,6
"749","749",-0.631501486049094,0.6,NA,12.265,0.00512989176042603,8
"750","750",0.591911135435533,0.7,NA,13.7082417582418,0.0179950849579328,6
"751","751",-0.533110568328013,0.55,NA,12.31125,0.0305917515542652,9
"752","752",0.809572467225429,0.45,NA,14.0763736263736,0.00169117310783267,11
"753","753",0.279152402548636,0.6,NA,13.2508241758242,0.0359758186673801,8
"754","754",0.780758857263961,0.4,NA,14,0,12
"755","755",0.0974548693834543,0.65,NA,13,0,7
"756","756",0.0173271521363965,0.55,NA,12.8609523809524,0.00478690180904793,9
"757","757",-1.18083485236834,0.65,NA,11.803125,0.0189680305833401,7
"758","758",-0.875446952569439,0.75,NA,12,0,5
"759","759",-0.286590048423547,0.8,NA,12.5690476190476,0.031492302664357,4
"760","760",0.759816450377163,0.45,NA,14,0,11
"761","761",-0.325855232715088,0.75,NA,12.505,0.0311100668162242,5
"762","762",-0.0564617599725429,0.55,NA,12.8121428571429,0.0308403602370152,9
"763","763",0.864038297063745,0.55,NA,14.1621794871795,0.0236307072601901,9
"764","764",1.06434676565341,0.5,NA,14.5096153846154,0.0302460582945018,10
"765","765",-0.0790395088220476,0.5,NA,12.79,0.00671660494259465,10
"766","766",-1.23785302107865,0.65,NA,11.7508333333333,0.0126525775752711,7
"767","767",-0.385932952979602,0.65,NA,12.4645238095238,0.0143669370201588,7
"768","768",0.11590859131847,0.7,NA,13,0,6
"769","769",0.162939074066124,0.75,NA,13.0704761904762,0.00195424448016219,5
"770","770",0.474131199779899,0.55,NA,13.5260989010989,0.026672861433736,9
"771","771",0.601775305383456,0.75,NA,13.7483516483516,0.0342714745532824,5
"772","772",-1.58610830110544,0.75,NA,11.5246323529412,0.0278743906084751,5
"773","773",-0.552927677493153,0.6,NA,12.2872916666667,0.0330988186835363,8
"774","774",-0.0959611717059812,0.55,NA,12.7466666666667,0.0320594387704125,9
"775","775",0.794463061340529,0.45,NA,14,0,11
"776","776",-1.2736880646613,0.6,NA,11.68875,0.0114787497536287,8
"777","777",1.57150064579001,0.3,NA,19.9,0.842271750923749,14
"778","778",0.359915715017001,0.5,NA,13.3626373626374,0.0112744873855511,10
"779","779",-0.133707389360615,0.6,NA,12.6980952380952,0.0271316425849801,8
"780","780",-1.0760998020424,0.6,NA,11.8716666666667,0.00418853908291672,8
"781","781",-1.72173695409122,0.7,NA,11.4373161764706,0.0176710282906417,6
"782","782",0.871935690660726,0.55,NA,14.1660256410256,0.028049811595029,9
"783","783",-0.0813196437886188,0.5,NA,12.787380952381,0.0143503134253294,10
"784","784",0.88510109250632,0.6,NA,14.213141025641,0.0339756320898122,8
"785","785",1.07984859143799,0.5,NA,14.5439102564103,0.0270588920610641,10
"786","786",0.107469366522555,0.65,NA,13,0,7
"787","787",1.15482476557223,0.45,NA,14.6144230769231,0.0305147908729993,11
"788","788",-1.24674013200747,0.65,NA,11.744375,0.0147018989703146,7
"789","789",0.459223006075531,0.55,NA,13.5458791208791,0.025164784652208,9
"790","790",-1.04750932472227,0.6,NA,11.8716666666667,0.00418853908291672,8
"791","791",1.75229145420726,0.45,NA,14.5205128205128,0.356954021647074,14
"792","792",0.0580225949397982,0.6,NA,12.9304761904762,0.00239345090452397,8
"793","793",0.735589421629223,0.5,NA,14,0,10
"794","794",-1.88911408622428,0.65,NA,11.3768382352941,0.0202249854492713,7
"795","795",-0.267188614588459,0.75,NA,12.5657142857143,0.0315717857973189,5
"796","796",-1.39778442468561,0.7,NA,11.625,0,6
"797","797",-0.685043322982102,0.65,NA,12.198125,0.00457934435665628,7
"798","798",-2.59141666715035,0.65,NA,11.625,0.27505980211009,7
"799","799",-0.351595464650925,0.7,NA,12.4645238095238,0.0143669370201588,6
"800","800",-1.60039476848351,0.75,NA,11.5090073529412,0.0173869422757702,5
"801","801",-0.658634579225029,0.6,NA,12.235,0.0328473342665901,8
"802","802",-0.613096583236713,0.55,NA,12.2383333333333,0.0324893144826973,9
"803","803",0.174400741292124,0.75,NA,13.1419047619048,0.00293136672024329,5
"804","804",0.663234162037793,0.6,NA,13.7934065934066,0.0320580289794803,8
"805","805",-0.697920042796905,0.65,NA,12.1316666666667,0.00341992784028365,7
"806","806",-0.0423881466034522,0.5,NA,12.8190476190476,0.0334584119466486,10
"807","807",-0.288037492727818,0.8,NA,12.5690476190476,0.031492302664357,4
"808","808",-0.560955715821043,0.55,NA,12.2672916666667,0.0118064155173541,9
"809","809",0.575525004502548,0.75,NA,13.6815934065934,0.030538827933753,5
"810","810",-0.243471011400551,0.75,NA,12.6064285714286,0.0157006092228224,5
"811","811",0.59452730808311,0.7,NA,13.7596153846154,0.0277244092214144,6
"812","812",-0.375446720369084,0.65,NA,12.4883333333333,0.0291697993305139,7
"813","813",0.424485497091671,0.5,NA,13.4739010989011,0.026672861433736,10
"814","814",0.585756180951663,0.7,NA,13.7043956043956,0.0112179733084404,6
"815","815",0.815289884444959,0.45,NA,14.0958791208791,0.0343582950667074,11
"816","816",-1.06851110337029,0.6,NA,11.8716666666667,0.00418853908291672,8
"817","817",-1.12178375559281,0.65,NA,11.8627083333333,0.0219846354508423,7
"818","818",-1.45209203175671,0.75,NA,11.5887867647059,0.0308582714231519,5
"819","819",0.560571702488423,0.7,NA,13.6815934065934,0.030538827933753,6
"820","820",0.60063942880155,0.75,NA,13.7483516483516,0.0342714745532824,5
"821","821",-0.872000399032568,0.75,NA,12.0645833333333,0.00213745490017728,5
"822","822",1.48023270245312,0.3,NA,19.4572222222222,0.0571439594249948,14
"823","823",0.814446101041497,0.45,NA,14.0763736263736,0.00169117310783267,11
"824","824",1.53815653139079,0.35,NA,22.1125,0.0384741882031933,13
"825","825",-1.03983505648412,0.6,NA,11.8716666666667,0.00418853908291672,8
"826","826",-1.43949335676468,0.75,NA,11.625,0,5
"827","827",0.411545197436271,0.45,NA,13.4247252747253,0.0237233540284732,11
"828","828",-0.743100424602697,0.7,NA,12.1308333333333,0.00391801954984667,6
"829","829",-0.868358745938119,0.75,NA,12.0645833333333,0.00213745490017728,5
"830","830",-0.647752651708382,0.6,NA,12.198125,0.00457934435665628,8
"831","831",-0.636886140664233,0.6,NA,12.2316666666667,0.03284733426659,8
"832","832",1.25268064632698,0.65,NA,14.8378205128205,0.00627385237089219,7
"833","833",0.303522129665467,0.6,NA,13.2868131868132,0.00491443511538414,8
"834","834",-0.518460485025859,0.55,NA,12.3322916666667,0.00465847495312469,9
"835","835",0.0187267731075372,0.55,NA,12.8609523809524,0.00478690180904793,9
"836","836",0.149823301602708,0.7,NA,13.0740476190476,0.014030723453215,6
"837","837",0.350982996279184,0.5,NA,13.3549450549451,0.0182144918061455,10
"838","838",0.636770314622659,0.65,NA,13.775,0.00806638161971854,7
"839","839",-1.5752328379126,0.8,NA,11.5340073529412,0.0285495474488438,4
"840","840",-0.502781102974638,0.6,NA,12.3489583333333,0.0305850303080995,8
"841","841",-1.02161921531507,0.6,NA,11.935625,0.00212674077305838,8
"842","842",0.54949645721403,0.7,NA,13.6840659340659,0.0292104975433346,6
"843","843",-1.32516764947544,0.65,NA,11.6864583333333,0.00465847495312469,7
"844","844",-1.34546170152639,0.7,NA,11.653125,0.0319011115958775,6
"845","845",2.31280106481528,0.4,NA,16.7972727272727,0.0364949781144911,12
"846","846",-0.0679941820369937,0.5,NA,12.79,0.00671660494259465,10
"847","847",0.737117330047471,0.5,NA,14,0,10
"848","848",0.629368503627401,0.7,NA,13.8065934065934,0.0337105287456922,6
"849","849",1.35226327594715,0.4,NA,15,0,12
"850","850",1.05453393924738,0.55,NA,14.4711538461538,0.0170869868584353,9
"851","851",0.348839454921514,0.5,NA,13.3549450549451,0.0182144918061455,10
"852","852",-1.34518612675418,0.7,NA,11.653125,0.0319011115958775,6
"853","853",0.725503946196056,0.5,NA,13.9239010989011,0.00201289861831056,10
"854","854",0.899707261895547,0.6,NA,14.2253205128205,0.0205122933468023,8
"855","855",-0.0914356714145038,0.55,NA,12.7466666666667,0.0320594387704125,9
"856","856",-0.947128747969156,0.7,NA,11.9360416666667,0.00203900202053985,6
"857","857",-1.13028114989776,0.6,NA,11.825,0.0271044115008428,8
"858","858",-1.38009372829222,0.7,NA,11.65625,0.0320618235026611,6
"859","859",0.251667818730194,0.65,NA,13.1785714285714,0.0366420840030411,7
"860","860",2.3905146735682,0.4,NA,16.9059090909091,0.00444873168117929,12
"861","861",1.24470234286253,0.65,NA,14.8384615384615,0.00644390628141068,7
"862","862",-1.08942713657648,0.6,NA,11.8716666666667,0.00418853908291672,8
"863","863",-0.355747712658958,0.7,NA,12.5066666666667,0.0298142396999971,6
"864","864",0.672004788175346,0.6,NA,13.8483516483516,0.00450979495422044,8
"865","865",-0.448917685479791,0.6,NA,12.3978571428571,0.00958314847499906,8
"866","866",0.119287177773316,0.7,NA,13,0,6
"867","867",-0.0291893916043174,0.5,NA,12.86,0.00447773662839643,10
"868","868",-2.14986192261202,0.75,NA,11.422619047619,0.0344383611119329,5
"869","869",-1.11979806045905,0.65,NA,11.8627083333333,0.0219846354508423,7
"870","870",1.1415236993286,0.4,NA,14.6169871794872,0.0326777507216772,12
"871","871",0.145000782388082,0.7,NA,13.0704761904762,0.00195424448016219,6
"872","872",0.018688470869427,0.55,NA,12.8609523809524,0.00478690180904793,9
"873","873",0.841535460832898,0.5,NA,14.1538461538462,0,10
"874","874",-0.372215389318186,0.7,NA,12.4645238095238,0.0143669370201588,6
"875","875",1.2330623649589,0.65,NA,14.8205128205128,0.0308478527683196,7
"876","876",-0.136719183831855,0.6,NA,12.7380952380952,0.02585222447765,8
"877","877",-0.844147647976333,0.8,NA,12.015625,0.0277663536449575,4
"878","878",-0.383325878088966,0.65,NA,12.4645238095238,0.0143669370201588,7
"879","879",2.21553817837839,0.4,NA,16.6072727272727,0.0422918874106703,12
"880","880",-0.0326217236095554,0.5,NA,12.86,0.00447773662839643,10
"881","881",0.700595613926068,0.55,NA,13.9239010989011,0.00201289861831056,9
"882","882",-0.208067675987658,0.7,NA,12.6307142857143,0.0298971862760561,6
"883","883",0.116124559829859,0.7,NA,13,0,6
"884","884",-2.56243862381806,0.6,NA,11.55,0.153896752812773,8
"885","885",0.0288950288405881,0.55,NA,12.9302380952381,0.00233028802347424,9
"886","886",-1.34430526401402,0.7,NA,11.653125,0.0319011115958775,6
"887","887",-0.215720926832965,0.7,NA,12.6595238095238,0.0111943415709911,6
"888","888",-0.0811633050702451,0.5,NA,12.787380952381,0.0143503134253294,10
"889","889",1.1989424635739,0.6,NA,14.7442307692308,0.0279726030489289,8
"890","890",0.107658511176694,0.65,NA,13.0138095238095,0.0283575958121181,7
"891","891",0.648719019419462,0.65,NA,13.8423076923077,0.0198587861956884,7
"892","892",0.814187534246028,0.45,NA,14.0763736263736,0.00169117310783267,11
"893","893",1.93904864926084,0.4,NA,14.805303030303,0.125355326011352,13
"894","894",-0.757537356820655,0.7,NA,12.094375,0.0328716658861192,6
"895","895",-0.640185233258724,0.6,NA,12.198125,0.00457934435665628,8
"896","896",1.00414146833397,0.65,NA,14.3894230769231,0.0117419086068113,7
"897","897",-0.626475297795797,0.6,NA,12.265,0.00512989176042603,8
"898","898",-0.139616487516387,0.6,NA,12.7238095238095,0.00977122240081096,8
"899","899",-0.164093061344607,0.65,NA,12.6883333333333,0.0335821362614139,7
"900","900",1.18166034657353,0.55,NA,14.7086538461538,0.0323852372512509,9
"901","901",2.2259710541588,0.4,NA,16.6072727272727,0.0422918874106703,12
"902","902",0.535971632061791,0.65,NA,13.6318681318681,0.0138083706030229,7
"903","903",1.54112249852363,0.5,NA,19.6444444444444,0.0683985568056778,13
"904","904",-0.0976703483041311,0.55,NA,12.7907142857143,0.00699086407042273,9
"905","905",-1.24353236653239,0.65,NA,11.744375,0.0147018989703146,7
"906","906",0.321020406035202,0.55,NA,13.2868131868132,0.00491443511538414,9
"907","907",0.126365080120192,0.7,NA,13,0,6
"908","908",0.671942730611702,0.6,NA,13.8483516483516,0.00450979495422044,8
"909","909",-0.375712053557088,0.65,NA,12.4883333333333,0.0291697993305139,7
"910","910",0.582054208814785,0.7,NA,13.7043956043956,0.0112179733084404,6
"911","911",-1.16391129466137,0.65,NA,11.77875,0.029829559694688,7
"912","912",0.51686417085285,0.65,NA,13.614010989011,0.0280095006185808,7
"913","913",2.12776233186306,0.4,NA,16.4253787878788,0.0423069550968562,12
"914","914",1.93461558743256,0.4,NA,16,0,12
"915","915",1.11283643281902,0.4,NA,14.5961538461538,0.0161097657035262,12
"916","916",-0.269915859807145,0.75,NA,12.5657142857143,0.0315717857973189,5
"917","917",-0.668874491705833,0.65,NA,12.198125,0.00457934435665628,7
"918","918",-0.191459964736238,0.65,NA,12.6583333333333,0.0116514401173712,7
"919","919",0.534253500623656,0.65,NA,13.6318681318681,0.0138083706030229,7
"920","920",0.389352700815946,0.5,NA,13.4233516483516,0.0267680051497222,10
"921","921",-0.14634792815428,0.6,NA,12.7238095238095,0.00977122240081096,8
"922","922",0.840145140652429,0.5,NA,14.1538461538462,0,10
"923","923",1.59895305808577,0.45,NA,17.6154545454545,0.0691148283954479,13
"924","924",-1.16216213326525,0.65,NA,11.8160416666667,0.0178972763290955,7
"925","925",0.834296665179209,0.5,NA,14.1461538461538,0.0236764235096573,10
"926","926",2.08369416812748,0.7,NA,16.7172727272727,0.303035247168598,11
"927","927",-0.968983167300266,0.65,NA,11.9358333333333,0.00209426954145836,7
"928","928",-0.24437023400263,0.75,NA,12.6064285714286,0.0157006092228224,5
"929","929",0.193064989091562,0.75,NA,13.142380952381,0.00212958854999979,5
"930","930",0.68146577126921,0.6,NA,13.9239010989011,0.00201289861831056,8
"931","931",-0.681489134092142,0.65,NA,12.198125,0.00457934435665628,7
"932","932",0.434644899851526,0.5,NA,13.4980769230769,0.0263974131212791,10
"933","933",-1.14895235672417,0.6,NA,11.80875,0.00587702932477001,8
"934","934",-0.691897863422759,0.65,NA,12.1714583333333,0.0322259872523087,7
"935","935",1.73140194399294,0.6,NA,13.8307692307692,0.426175623173833,12
"936","936",-1.70908843923702,0.7,NA,11.4373161764706,0.0176710282906417,6
"937","937",-0.746781395962677,0.7,NA,12.1308333333333,0.00391801954984667,6
"938","938",0.595853374882046,0.7,NA,13.7596153846154,0.0277244092214144,6
"939","939",-0.234534343392492,0.7,NA,12.5942857142857,0.0117254668809731,6
"940","940",0.162734501992851,0.75,NA,13.0704761904762,0.00195424448016219,5
"941","941",-1.55265383779357,0.8,NA,11.5417279411765,0.0304871840526269,4
"942","942",0.721362732904815,0.5,NA,13.9239010989011,0.00201289861831056,10
"943","943",0.421485667552615,0.5,NA,13.4436813186813,0.0207029645375442,10
"944","944",-0.281063031680947,0.8,NA,12.5690476190476,0.031492302664357,4
"945","945",-1.12734335187814,0.6,NA,11.8627083333333,0.0219846354508423,8
"946","946",0.152875392247914,0.75,NA,13.0704761904762,0.00195424448016219,5
"947","947",0.83136224300456,0.5,NA,14.092032967033,0.031732975594237,10
"948","948",-1.14138916490493,0.6,NA,11.80875,0.00587702932477001,8
"949","949",-0.807617395054391,0.8,NA,12.13,0.00418853908291672,4
"950","950",-1.39586530584259,0.7,NA,11.625,0,6
"951","951",1.71320046378667,0.45,NA,13.6538461538462,0.0683479474337412,12
"952","952",0.625886147956394,0.7,NA,13.7873626373626,0.0265070367779562,6
"953","953",-0.175100772922352,0.65,NA,12.7090476190476,0.0264861415460405,7
"954","954",0.0870447901240902,0.65,NA,12.9795238095238,0.0321152299352504,7
"955","955",0.80295366593014,0.45,NA,14.0763736263736,0.00169117310783267,11
"956","956",-0.272979673182694,0.75,NA,12.5657142857143,0.0315717857973189,5
"957","957",0.168144824769896,0.75,NA,13.0740476190476,0.014030723453215,5
"958","958",1.31359649226875,0.45,NA,14.9182692307692,0.00284783114307294,11
"959","959",-1.04690526482669,0.6,NA,11.8716666666667,0.00418853908291672,8
"960","960",-1.08025202819027,0.6,NA,11.8716666666667,0.00418853908291672,8
"961","961",-1.41850342790883,0.75,NA,11.6231617647059,0.00822083815257283,5
"962","962",-0.0862033854982574,0.5,NA,12.7433333333333,0.0295932565063071,10
"963","963",0.244751863382989,0.65,NA,13.175,0.0364584132524313,7
"964","964",1.39696468783381,0.35,NA,21.7416666666667,0.0256494588021285,13
"965","965",0.406135088655893,0.45,NA,13.4247252747253,0.0237233540284732,11
"966","966",0.43716140961276,0.5,NA,13.4489010989011,0.0236562819292276,10
"967","967",1.08305420048983,0.5,NA,14.5439102564103,0.0270588920610641,10
"968","968",-0.30455425565028,0.75,NA,12.5283333333333,0.0122115849510841,5
"969","969",-0.533554302980901,0.55,NA,12.31125,0.0305917515542652,9
"970","970",-1.66916201358542,0.75,NA,11.4724264705882,0.0265784052967581,5
"971","971",-0.572724023712631,0.55,NA,12.3079166666667,0.0316718601466063,9
"972","972",0.495729357819832,0.6,NA,13.5659340659341,0.0226894681850005,8
"973","973",-0.158707105474393,0.6,NA,12.6678571428571,0.0224884105092459,8
"974","974",-2.05901782028488,0.7,NA,11.3420454545455,0.0207507060891779,6
"975","975",-0.923706615926174,0.7,NA,12,0,6
"976","976",-0.0654128519014198,0.55,NA,12.8121428571429,0.0308403602370152,9
"977","977",0.774498774502361,0.4,NA,14,0,12
"978","978",1.49951338493525,0.3,NA,19.36,0.0820782681668131,14
"979","979",-1.28302281520783,0.65,NA,11.710625,0.0317748325783177,7
"980","980",0.932851983435168,0.7,NA,14.2788461538462,0.0366475040288097,6
"981","981",-1.81416218260081,0.65,NA,11.4022058823529,0.024746023707048,7
"982","982",0.963333377222977,0.7,NA,14.35,0.0365233650182425,6
"983","983",0.209090231460613,0.75,NA,13.1857142857143,0.0359017635678595,5
"984","984",-1.08774115408898,0.6,NA,11.8716666666667,0.00418853908291672,8
"985","985",0.387406501088231,0.45,NA,13.4247252747253,0.0237233540284732,11
"986","986",0.885358026406107,0.6,NA,14.213141025641,0.0339756320898122,8
"987","987",-0.989451881786793,0.65,NA,11.9358333333333,0.00209426954145836,7
"988","988",1.07072181251459,0.5,NA,14.5314102564103,0.0250350112985676,10
"989","989",0.668885638383959,0.6,NA,13.8483516483516,0.00450979495422044,8
"990","990",0.350144157919626,0.5,NA,13.3549450549451,0.0182144918061455,10
"991","991",0.597493138147689,0.7,NA,13.7596153846154,0.0277244092214144,6
"992","992",-0.981314293343656,0.65,NA,11.9358333333333,0.00209426954145836,7
"993","993",0.583076467532687,0.7,NA,13.7043956043956,0.0112179733084404,6
"994","994",-1.97317229180504,0.65,NA,11.3514705882353,0.0222642652025212,7
"995","995",0.702901868973947,0.55,NA,13.9239010989011,0.00201289861831056,9
"996","996",0.340485759303108,0.5,NA,13.3321428571429,0.0353610686502084,10
"997","997",-1.45432418100722,0.75,NA,11.5887867647059,0.0308582714231519,5
"998","998",0.263016047661848,0.65,NA,13.2142857142857,0,7
"999","999",-1.23119622518941,0.65,NA,11.7508333333333,0.0126525775752711,7
"1000","1000",-0.615570733953543,0.55,NA,12.2383333333333,0.0324893144826973,9
