"","rowname","phi1","phi2","ve","sigma2","rho","phi3","phi4","phi5","tslength","approach","maxE","iter"
"1","5yrs20ages",0.21745136141053,0.298135562911527,0.01,1.74588907663548,0.938596914929084,NA,NA,NA,5,"hier",2,1
"2","10yrs10ages",0.158969386035819,0.0748465126250402,0.01,3.29924463675955,0.993083318019186,4.0477809110072e-62,NA,NA,10,"hier",3,1
"3","20yrs5ages",0.149302771242306,0.0895286092291455,0.01,1.1787045476487,0.999130708934313,0.0649185615578535,0.337761107488537,NA,20,"hier",4,1
"4","25yrs4ages",0.110579495687124,0.0180840108343635,0.01,2.88674757141278,0.999603453590728,0.00882854801625383,8.94969838872973e-13,0.0274160414504124,25,"hier",5,1
"5","5yrs20ages",0.153800400529222,0.427179210209049,0.01,2.40703306569766,0.967636377860481,NA,NA,NA,5,"hier",2,2
"6","10yrs10ages",0.130644968191316,0.0842744623868718,0.01,3.24103351616723,0.992191001910387,2.07610741650933e-16,NA,NA,10,"hier",3,2
"7","20yrs5ages",0.146620189502706,0.109463550405422,0.01,1.07386785962662,0.999025526826006,0.0678772836292398,0.282757553372062,NA,20,"hier",4,2
"8","25yrs4ages",0.0975616294060696,0.0151216930016629,0.01,2.91846701833962,0.999609115794844,0.00964707973583498,7.78296999064112e-10,0.0287894603915535,25,"hier",5,2
"9","5yrs20ages",1.10830400296386,0.327626151650771,0.0185841865943467,1.21848914482629,0.983396232318455,NA,NA,NA,5,"hier",2,3
"10","10yrs10ages",0.245589412988624,0.112064914672384,0.01,3.06643238109994,0.9975073672102,0.00349730642809612,NA,NA,10,"hier",3,3
"11","20yrs5ages",0.142181698618964,0.135743007013055,0.01,1.15795939075031,0.99853929480229,0.0122878694315739,0.214382344573193,NA,20,"hier",4,3
"12","25yrs4ages",0.100788009064323,0.0171381237591907,0.01,2.93435865428847,0.999704507444423,0.0066459490545887,1.06629839461286e-14,0.0285705807539619,25,"hier",5,3
"13","5yrs20ages",1.0411092672933,0.793916043586174,0.0139830451751401,1.29205943295025,0.983078673996871,NA,NA,NA,5,"hier",2,4
"14","10yrs10ages",0.147898747121982,0.0662568843064731,0.01,3.59254755624015,0.996832036112859,0.00300032018910501,NA,NA,10,"hier",3,4
"15","20yrs5ages",0.104012898598638,0.110576108629929,0.01,1.43289534438043,0.998209544229434,0.00242296177930116,0.234519822556344,NA,20,"hier",4,4
"16","25yrs4ages",0.100651994760256,0.0141441602506312,0.01,2.96742551191312,0.999699606551275,0.00834417817269139,6.46532616233507e-17,0.0262343954706886,25,"hier",5,4
"17","5yrs20ages",0.216146070520565,0.295688532017703,0.01,1.75250445723719,0.938252855355037,NA,NA,NA,5,"hier",2,5
"18","10yrs10ages",0.159677913599878,0.0750601825320832,0.01,3.29078482293916,0.993080069001647,4.0477809110072e-62,NA,NA,10,"hier",3,5
"19","20yrs5ages",0.149248763237248,0.0891984447791606,0.01,1.18033164597955,0.999132374921352,0.0648768726719135,0.338595394849204,NA,20,"hier",4,5
"20","25yrs4ages",0.1108915593955,0.0182172341431037,0.01,2.88504015418714,0.999602827787598,0.00883926615185875,5.23797211810231e-17,0.0274100825582441,25,"hier",5,5
"21","5yrs20ages",1.14100841038014,0.233045124904779,0.0221619324047213,1.3329476721667,0.98569859721282,NA,NA,NA,5,"hier",2,6
"22","10yrs10ages",0.351487899913957,0.140393803260165,0.01,2.63723241220545,0.997832789897692,0.00632698101969954,NA,NA,10,"hier",3,6
"23","20yrs5ages",0.167826050002382,0.136197586856431,0.01,1.06705949763993,0.998681051292833,0.0236239515980429,0.198034847227562,NA,20,"hier",4,6
"24","25yrs4ages",0.10638442611897,0.01942558533903,0.01,2.90734002983378,0.999694766570403,0.00540039432581147,1.51487410279902e-12,0.0295242769525183,25,"hier",5,6
"25","5yrs20ages",0.154215050505061,0.427203915259073,0.010000000000001,2.40979671402716,0.967744146526287,NA,NA,NA,5,"hier",2,7
"26","10yrs10ages",0.13102162576038,0.0840752055748369,0.01,3.23684502149342,0.992219533652276,3.54727646146673e-12,NA,NA,10,"hier",3,7
"27","20yrs5ages",0.146269240259168,0.10795802066171,0.01,1.08991946704296,0.9990343587921,0.0674117396129371,0.282074565983858,NA,20,"hier",4,7
"28","25yrs4ages",0.0977398570298199,0.015059601370222,0.01,2.91455245753025,0.99960876806438,0.00971200547436718,3.58990621556741e-11,0.0288705943616336,25,"hier",5,7
"29","5yrs20ages",0.14761569075178,0.218553115496176,0.01,1.88200323080833,0.93132782792398,NA,NA,NA,5,"hier",2,8
"30","10yrs10ages",0.447122580986251,0.146614392852137,0.01,2.38484480534637,0.99787653842817,0.0116977706072389,NA,NA,10,"hier",3,8
"31","20yrs5ages",0.19258131265496,0.13016153618581,0.01,1.04787710472674,0.998835213299836,0.0381298038887102,0.184905424378783,NA,20,"hier",4,8
"32","25yrs4ages",0.11312473099347,0.0204871321399624,0.01,2.88237749808537,0.999675086193574,0.00578403421607876,8.86607343426105e-17,0.0294776745612269,25,"hier",5,8
"33","5yrs20ages",0.12974126335742,0.21583918083806,0.01,1.91331637429489,0.925369692673591,NA,NA,NA,5,"hier",2,9
"34","10yrs10ages",0.126100849171432,0.0931669691413796,0.01,3.43731728375219,0.99398383312684,5.62207180527336e-256,NA,NA,10,"hier",3,9
"35","20yrs5ages",0.197695522905027,0.126774068051198,0.01,1.05846630529962,0.99889706229355,0.0438437024712299,0.186014647169508,NA,20,"hier",4,9
"36","25yrs4ages",0.115919611998649,0.0201134914319548,0.01,2.85681891438114,0.999662427032337,0.00699352876188917,1.46134540668237e-52,0.0289187323624958,25,"hier",5,9
"37","5yrs20ages",0.125924711481788,0.438808776777041,0.01,2.49007781931405,0.963533483806079,NA,NA,NA,5,"hier",2,10
"38","10yrs10ages",0.111171077544671,0.0936427715396407,0.01,3.3359490630564,0.991993764031389,2.3680553833744e-16,NA,NA,10,"hier",3,10
"39","20yrs5ages",0.135295021120285,0.109673092421532,0.01,1.05775950352202,0.998952841107792,0.0637471775976013,0.306839942872779,NA,20,"hier",4,10
"40","25yrs4ages",0.0945875064065783,0.0131215882064011,0.01,2.9304409611513,0.999620271752134,0.011200919950588,1.71040401923489e-08,0.0293306149893829,25,"hier",5,10
"41","5yrs20ages",0.701825060357586,0.871364726533057,0.0134601446674581,1.38150867082298,0.968601737359186,NA,NA,NA,5,"hier",2,11
"42","10yrs10ages",0.11240161949547,0.105699418823333,0.01,3.21273760156685,0.988957663051561,4.90229150274245e-24,NA,NA,10,"hier",3,11
"43","20yrs5ages",0.0748584838369077,2.94341875617583e-147,0.01,1.99365639374153,0.999537057865447,0.06450149280639,0.699907650024311,NA,20,"hier",4,11
"44","25yrs4ages",0.0960717202234824,0.0127283289799098,0.01,2.96686831241585,0.999643411788646,0.0137433103682246,8.55996620631586e-08,0.0216958275053609,25,"hier",5,11
"45","5yrs20ages",0.135298097656676,0.21239436749916,0.01,1.8979180983652,0.926838223046816,NA,NA,NA,5,"hier",2,12
"46","10yrs10ages",0.454897516944991,0.144825870626034,0.01,2.38686688081337,0.997839170663871,0.0134779321654727,NA,NA,10,"hier",3,12
"47","20yrs5ages",0.197321719141228,0.128916047535174,0.01,1.03986420468,0.998864421813163,0.0425414339712584,0.185701667174619,NA,20,"hier",4,12
"48","25yrs4ages",0.115257144347929,0.0203386069648247,0.01,2.85008020224342,0.999665903448178,0.00650778549270282,1.51487410279902e-12,0.0292794262555222,25,"hier",5,12
"49","5yrs20ages",0.124755404459665,0.438609469305092,0.01,2.46842865651718,0.962563766323089,NA,NA,NA,5,"hier",2,13
"50","10yrs10ages",0.110129474644883,0.0938718352254695,0.01,3.35380862873077,0.992034896663247,3.90313353811292e-52,NA,NA,10,"hier",3,13
"51","20yrs5ages",0.135410394501237,0.110143867937346,0.01,1.04894994604675,0.998941402341102,0.0637535549554099,0.308888183552593,NA,20,"hier",4,13
"52","25yrs4ages",0.0951142082347767,0.0130910634668074,0.01,2.92954665848468,0.999622275354772,0.0112025505096073,1.31738737659936e-09,0.029305325427171,25,"hier",5,13
"53","5yrs20ages",0.196610800939658,0.256731357414612,0.01,1.81015677306429,0.942595855184969,NA,NA,NA,5,"hier",2,14
"54","10yrs10ages",0.425153196883367,0.147804420766875,0.01,2.42641661503334,0.997894813289006,0.00966551140535454,NA,NA,10,"hier",3,14
"55","20yrs5ages",0.185584384978346,0.131190473029438,0.01,1.05526535593544,0.998793523369563,0.0332488523964446,0.186592717426796,NA,20,"hier",4,14
"56","25yrs4ages",0.110909028457138,0.020503620639874,0.01,2.89576410843967,0.999682845352755,0.00522448873901978,1.8048740345142e-14,0.0296911945786068,25,"hier",5,14
"57","5yrs20ages",1.14340122869235,2.19753734169308,0.01,1.62340039617109,0.993381364541516,NA,NA,NA,5,"hier",2,15
"58","10yrs10ages",0.101197911916491,0.0999627562632756,0.01,3.31376661603035,0.989167912642695,6.36550969243595e-09,NA,NA,10,"hier",3,15
"59","20yrs5ages",0.0717854089273079,0,0.01,1.96172252292177,0.999523871563255,0.064441372573449,0.727869967848121,NA,20,"hier",4,15
"60","25yrs4ages",0.0933182615626242,0.0108311944523515,0.01,2.9817793606888,0.999632963951874,0.0153422524601856,2.74886682078609e-09,0.0222120465814332,25,"hier",5,15
"61","5yrs20ages",1.13977694469565,0.216856221177208,0.0234770602142374,1.36472695269529,0.986294563090765,NA,NA,NA,5,"hier",2,16
"62","10yrs10ages",0.371758035825381,0.142858477302568,0.01,2.59876611144257,0.997896642965444,0.00701737428708571,NA,NA,10,"hier",3,16
"63","20yrs5ages",0.172897991194823,0.135382827398326,0.01,1.05777590806733,0.998708365486376,0.0262120463981489,0.194880914114994,NA,20,"hier",4,16
"64","25yrs4ages",0.10714420229161,0.0200050167021417,0.01,2.91780169257999,0.999694309302354,0.00498101032311337,1.31738737659936e-09,0.0295209836509614,25,"hier",5,16
"65","5yrs20ages",0.146715107755892,0.426143847088669,0.0100000002938087,2.44346906917509,0.967347471957849,NA,NA,NA,5,"hier",2,17
"66","10yrs10ages",0.125614088325293,0.0869727173062381,0.01,3.25379261587039,0.992081516729391,4.58251109606619e-126,NA,NA,10,"hier",3,17
"67","20yrs5ages",0.142864566495145,0.108904538029616,0.01,1.07691327607052,0.999014504205077,0.0668943891884799,0.289106424533455,NA,20,"hier",4,17
"68","25yrs4ages",0.0963453067189835,0.0144871833136548,0.01,2.91765272001999,0.999608673721897,0.0101412601587211,1.01048661844173e-08,0.0290531436361201,25,"hier",5,17
"69","5yrs20ages",0.200507152272033,0.363466558166161,0.01,1.92648217844434,0.953679801162456,NA,NA,NA,5,"hier",2,18
"70","10yrs10ages",0.152729366675203,0.0752521090112764,0.01,3.26182640741564,0.992879902496678,2.78886559577074e-31,NA,NA,10,"hier",3,18
"71","20yrs5ages",0.160704430416574,0.101693937868231,0.01,1.14998695599962,0.999090873624283,0.0678187495146417,0.261664887894758,NA,20,"hier",4,18
"72","25yrs4ages",0.106329761113682,0.0177672578045957,0.01,2.89909900929497,0.999603435428904,0.00805114121589768,4.31214701966773e-27,0.0283298444090576,25,"hier",5,18
"73","5yrs20ages",0.127273296181861,0.222446618539989,0.01,1.93392817305917,0.926124677272303,NA,NA,NA,5,"hier",2,19
"74","10yrs10ages",0.122754934599313,0.0923710806031937,0.01,3.45301823769854,0.993818848448916,6.35811624146851e-62,NA,NA,10,"hier",3,19
"75","20yrs5ages",0.19895553461881,0.126744896848779,0.01,1.04550407911146,0.998900446669671,0.0463223318962724,0.190423001841562,NA,20,"hier",4,19
"76","25yrs4ages",0.116894036904633,0.0198814223097866,0.01,2.84704653630958,0.999658893198799,0.00734104136267354,7.12397212243836e-23,0.0286843608624527,25,"hier",5,19
"77","5yrs20ages",1.96014580522562,0.228388083110448,0.0362427462100996,1.56538107653704,0.994688445396976,NA,NA,NA,5,"hier",2,20
"78","10yrs10ages",0.0962181550982529,0.0898577457965646,0.01,3.29081528388088,0.9919238050205,0.0124707955093483,NA,NA,10,"hier",3,20
"79","20yrs5ages",0.0683167386797892,1.00623771306641e-242,0.01,1.92322247447468,0.999502580489564,0.0632062364667139,0.770570243990516,NA,20,"hier",4,20
"80","25yrs4ages",0.15263585602249,1.89940125961977e-06,0.01,2.93889736257741,0.999715087139087,0.0541112099930748,1.03590348711017e-317,5.44984509294323e-109,25,"hier",5,20
"81","5yrs20ages",0.128232078574931,0.218919657684772,0.01,1.92525997265514,0.925779281952801,NA,NA,NA,5,"hier",2,21
"82","10yrs10ages",0.124300220888367,0.0923736004837327,0.01,3.44478672887053,0.993898267218723,2.09145342582615e-299,NA,NA,10,"hier",3,21
"83","20yrs5ages",0.198638837541426,0.127072156335738,0.01,1.04928767895828,0.99889585581276,0.0453181344643961,0.188426154574018,NA,20,"hier",4,21
"84","25yrs4ages",0.116512111198798,0.0200340948782479,0.01,2.85214658719336,0.999660301108609,0.00721310453583156,1.19099267088797e-31,0.0288220590313592,25,"hier",5,21
"85","5yrs20ages",1.12314980293936,1.16392245382166,0.0281865571890616,1.42151408608331,0.992258829885076,NA,NA,NA,5,"hier",2,22
"86","10yrs10ages",0.0973797186212463,0.0927293510281944,0.01,3.25987955575854,0.991866161339889,0.0133236624861164,NA,NA,10,"hier",3,22
"87","20yrs5ages",0.0688087538510165,6.84117416617109e-308,0.01,1.93014678151951,0.999507303880328,0.0634539910457559,0.762881524000891,NA,20,"hier",4,22
"88","25yrs4ages",0.135176063086133,3.64431121391543e-204,0.01,3.07138816813395,0.999724677633032,0.0515321930108412,0,1.07962072408523e-43,25,"hier",5,22
"89","5yrs20ages",0.126482719390513,0.438567754338322,0.01,2.49168661807046,0.963730965696862,NA,NA,NA,5,"hier",2,23
"90","10yrs10ages",0.111413398728423,0.0933883103851041,0.01,3.34029812712334,0.992016140731727,1.94949547908735e-26,NA,NA,10,"hier",3,23
"91","20yrs5ages",0.135624576902269,0.110017150075463,0.01,1.05294422773547,0.998950165917203,0.0641167492775319,0.307036270711906,NA,20,"hier",4,23
"92","25yrs4ages",0.0946230050661939,0.013054527497524,0.01,2.91980183284143,0.999619553461573,0.0112741415824418,6.07646841405142e-11,0.0293416227594086,25,"hier",5,23
"93","5yrs20ages",1.66236402091238,0.203932441114537,0.0429288833401926,1.32766157357126,0.988255545177717,NA,NA,NA,5,"hier",2,24
"94","10yrs10ages",0.104782783547789,0.0757363518430304,0.01,3.50802654509663,0.991251591275175,4.38065498839714e-31,NA,NA,10,"hier",3,24
"95","20yrs5ages",0.0954671339888963,0.0335687549000582,0.01,1.59273698222858,0.9993368662584,0.0547408105126511,0.543181101551337,NA,20,"hier",4,24
"96","25yrs4ages",0.15538812176915,0.00443973853107887,0.01,2.94712071683165,0.999714456948817,0.0512519788226376,6.58368641469302e-65,1.10426874877202e-251,25,"hier",5,24
"97","5yrs20ages",0.130627927028627,0.434184880612271,0.01,2.50149481925513,0.965097902922643,NA,NA,NA,5,"hier",2,25
"98","10yrs10ages",0.114486138303426,0.0923617064220623,0.01,3.30983084536511,0.991961036210784,4.22634934923971e-14,NA,NA,10,"hier",3,25
"99","20yrs5ages",0.136696607722593,0.109709582174166,0.01,1.05912047321676,0.998967214942591,0.0648826276899195,0.303214800415245,NA,20,"hier",4,25
"100","25yrs4ages",0.094098039535973,0.0132859357200854,0.01,2.94051163141459,0.999618662610526,0.0109553667374204,1.71040401923489e-08,0.029267957925285,25,"hier",5,25
"101","5yrs20ages",0.137788492717197,0.214430077224144,0.01,1.92295137961804,0.929667015665034,NA,NA,NA,5,"hier",2,26
"102","10yrs10ages",0.453858686126575,0.145220662027939,0.01,2.37555931008165,0.997859924264839,0.0127884626033176,NA,NA,10,"hier",3,26
"103","20yrs5ages",0.194897963790947,0.129070208460145,0.01,1.04952777051404,0.998858722556656,0.0403661206573389,0.184876872318252,NA,20,"hier",4,26
"104","25yrs4ages",0.114232365270169,0.020283046957296,0.01,2.8619079820922,0.99966892369223,0.00624910573446834,1.71040401923489e-08,0.029492349778998,25,"hier",5,26
"105","5yrs20ages",0.156513063146638,0.427395241301605,0.01,2.3829038228563,0.96744911872126,NA,NA,NA,5,"hier",2,27
"106","10yrs10ages",0.132497518898233,0.0835143969918027,0.01,3.23037622783317,0.992224661760145,4.22634934923971e-14,NA,NA,10,"hier",3,27
"107","20yrs5ages",0.147449399055678,0.107697289437821,0.01,1.09232346861494,0.999037993112359,0.0676401300354519,0.280454151378956,NA,20,"hier",4,27
"108","25yrs4ages",0.0981297589735261,0.0151798112045703,0.01,2.91766079218619,0.99960928566835,0.00952253752508291,1.06629839461286e-14,0.0287755568928294,25,"hier",5,27
"109","5yrs20ages",1.12224354810184,0.244041356540148,0.01,1.34862340608683,0.970572471015195,NA,NA,NA,5,"hier",2,28
"110","10yrs10ages",0.422558010534696,0.147976998431593,0.01,2.43015928562081,0.997893153876464,0.00949070414621625,NA,NA,10,"hier",3,28
"111","20yrs5ages",0.1852808885218,0.132328308118423,0.01,1.04978063857694,0.998781578606007,0.0330217106218105,0.187786675276316,NA,20,"hier",4,28
"112","25yrs4ages",0.110744310773789,0.0204206983431092,0.01,2.89661197090454,0.999683716928785,0.00517426902070483,1.51487410279902e-12,0.0297119471472599,25,"hier",5,28
"113","5yrs20ages",0.138523861868252,0.426904222753962,0.0100000000002034,2.49530998929358,0.966782083619694,NA,NA,NA,5,"hier",2,29
"114","10yrs10ages",0.120215032641341,0.0898113392828759,0.01,3.27065660374513,0.991990283587431,2.78886559577074e-31,NA,NA,10,"hier",3,29
"115","20yrs5ages",0.140136464175579,0.109457615077144,0.01,1.06375979694349,0.998974670030326,0.0660778231943668,0.297091250934194,NA,20,"hier",4,29
"116","25yrs4ages",0.094943439011226,0.013686965577818,0.01,2.92332929785144,0.999614930649017,0.0107442740663756,1.06629839461286e-14,0.0291026710840026,25,"hier",5,29
"117","5yrs20ages",0.196131937144619,0.387403001810207,0.01,1.95255407322445,0.956503916476473,NA,NA,NA,5,"hier",2,30
"118","10yrs10ages",0.149896276135103,0.0760305378727673,0.01,3.25659774324761,0.99278857079822,1.66817153817457e-22,NA,NA,10,"hier",3,30
"119","20yrs5ages",0.158882270885242,0.102914061366285,0.01,1.14034853817608,0.99908642394964,0.067764483759982,0.263130287490647,NA,20,"hier",4,30
"120","25yrs4ages",0.105017078303264,0.0173554559236636,0.01,2.89375647301264,0.999603118217257,0.00831117990937621,3.58990621556741e-11,0.0284494520059909,25,"hier",5,30
"121","5yrs20ages",0.127853239781616,0.219422334723886,0.01,1.93114808208119,0.926130202121629,NA,NA,NA,5,"hier",2,31
"122","10yrs10ages",0.124404024880843,0.0924496939509807,0.01,3.44353494692792,0.993920457482618,3.94370943252188e-88,NA,NA,10,"hier",3,31
"123","20yrs5ages",0.1987470325188,0.126281026454442,0.01,1.05633963560005,0.998900865367092,0.0451817371961835,0.187196922333915,NA,20,"hier",4,31
"124","25yrs4ages",0.116512111198798,0.0200340948782479,0.01,2.84964196020475,0.999660301108609,0.00729888720777379,1.19099267088797e-31,0.0288220590313592,25,"hier",5,31
"125","5yrs20ages",0.934771247797683,2.24050308694924,0.01,1.68397480538997,0.990466545236895,NA,NA,NA,5,"hier",2,32
"126","10yrs10ages",0.10583052279011,0.103408994607371,0.01,3.26554273595911,0.989013342067643,3.2610787426873e-16,NA,NA,10,"hier",3,32
"127","20yrs5ages",0.0732995728949336,6.38332814426891e-321,0.01,1.97661883869167,0.99953034284769,0.0646226462975512,0.713368442595147,NA,20,"hier",4,32
"128","25yrs4ages",0.0936436124948669,0.0115013079616542,0.01,2.99386452704271,0.999637989806773,0.0146419918648698,2.925103638361e-08,0.0219464546393368,25,"hier",5,32
"129","5yrs20ages",1.22038766793195,0.259780910099258,0.01,1.19511451536772,0.969951992032351,NA,NA,NA,5,"hier",2,33
"130","10yrs10ages",0.395356130062328,0.146650205529202,0.01,2.4953559095419,0.997886078204069,0.0080262411122022,NA,NA,10,"hier",3,33
"131","20yrs5ages",0.178139661055814,0.134165159022969,0.01,1.05473348621382,0.998738828960687,0.0287026743409725,0.191236251039429,NA,20,"hier",4,33
"132","25yrs4ages",0.108654383119316,0.0203474159062566,0.01,2.907750944347,0.999690044839613,0.00496494978264965,1.44850406180621e-07,0.0296581741114967,25,"hier",5,33
"133","5yrs20ages",0.204335787047968,0.341014062687886,0.01,1.87839576249411,0.949782895939154,NA,NA,NA,5,"hier",2,34
"134","10yrs10ages",0.155797705811343,0.0751149876069217,0.01,3.25667450942066,0.992963636248283,3.52201444045462e-19,NA,NA,10,"hier",3,34
"135","20yrs5ages",0.159516287565253,0.0990346341262372,0.01,1.16467090898122,0.999105017772592,0.0664598238875368,0.272932756648106,NA,20,"hier",4,34
"136","25yrs4ages",0.107585107730803,0.0178600410300769,0.01,2.88337011109574,0.999602776003807,0.00837018972780779,8.55759197682677e-08,0.0280782532018152,25,"hier",5,34
"137","5yrs20ages",0.179092543821704,0.420576993821348,0.01,2.13475251387779,0.963049218181197,NA,NA,NA,5,"hier",2,35
"138","10yrs10ages",0.142844007986369,0.0784592306552198,0.01,3.24214311776716,0.992554095460255,3.4219319966054e-52,NA,NA,10,"hier",3,35
"139","20yrs5ages",0.154645176457152,0.105589438857234,0.01,1.11419784908212,0.999065142239632,0.0682748992422309,0.268562135901568,NA,20,"hier",4,35
"140","25yrs4ages",0.101931754890798,0.0165770794182013,0.01,2.90573156947457,0.999606300961901,0.00866266770481571,1.01048661844173e-08,0.0285736769333368,25,"hier",5,35
"141","5yrs20ages",1.09595628246927,0.3403320660937,0.0185268902105469,1.24495327116808,0.983982601765746,NA,NA,NA,5,"hier",2,36
"142","10yrs10ages",0.229476300795611,0.106297343912649,0.01,3.14142437685046,0.997405696450996,0.00319316607824163,NA,NA,10,"hier",3,36
"143","20yrs5ages",0.13875315236801,0.135161778005461,0.01,1.16408958052954,0.998502014905583,0.0110632697839204,0.218676114325736,NA,20,"hier",4,36
"144","25yrs4ages",0.100087865217098,0.0165021524426041,0.01,2.93300055431463,0.999703719654006,0.0070192720533013,8.55759197682677e-08,0.0284308993929509,25,"hier",5,36
"145","5yrs20ages",0.135842052800782,0.212526211856602,0.01,1.8983191210038,0.927165527468102,NA,NA,NA,5,"hier",2,37
"146","10yrs10ages",0.455791064602415,0.143903788037218,0.01,2.38537341707218,0.997856626998661,0.0134057718279445,NA,NA,10,"hier",3,37
"147","20yrs5ages",0.196321522767941,0.12878647706395,0.01,1.04676094113051,0.998864922137212,0.0415402041256775,0.18506701690756,NA,20,"hier",4,37
"148","25yrs4ages",0.114842191763954,0.0204524624133418,0.01,2.86139657953803,0.999668039608395,0.00628525110582299,1.31738737659936e-09,0.029265065248896,25,"hier",5,37
"149","5yrs20ages",1.1032727711226,0.322452915919247,0.018899858950373,1.24944769335017,0.984251696813239,NA,NA,NA,5,"hier",2,38
"150","10yrs10ages",0.246836831216286,0.112432464822475,0.01,3.06048483995326,0.99751359800498,0.00351909865041952,NA,NA,10,"hier",3,38
"151","20yrs5ages",0.14218257590009,0.136595088826149,0.01,1.15952649742708,0.9985462375141,0.0116596023626264,0.213338780156622,NA,20,"hier",4,38
"152","25yrs4ages",0.100895476393026,0.0172650416405046,0.01,2.93139044958113,0.999703933553434,0.00669516621424868,3.58990621556741e-11,0.0286544345089448,25,"hier",5,38
"153","5yrs20ages",1.13967957051334,0.216593239969803,0.0235008040571751,1.36532484098305,0.986306503337372,NA,NA,NA,5,"hier",2,39
"154","10yrs10ages",0.374065312457258,0.144328571124897,0.01,2.55581688719123,0.997870452454204,0.0071342586321351,NA,NA,10,"hier",3,39
"155","20yrs5ages",0.172882026860329,0.13532397777371,0.01,1.06569804364479,0.998711589573672,0.0261336893544241,0.194238066378114,NA,20,"hier",4,39
"156","25yrs4ages",0.10714420229161,0.0200050167021417,0.01,2.91780169257999,0.999694309302354,0.00498101032311337,1.31738737659936e-09,0.0295209836509614,25,"hier",5,39
"157","5yrs20ages",0.956416143508207,0.708730929349086,0.0131433551806798,1.29051369646504,0.979578740963035,NA,NA,NA,5,"hier",2,40
"158","10yrs10ages",0.14795403091713,0.0667935038141251,0.01,3.58624357312775,0.996795326078529,0.00291455310274149,NA,NA,10,"hier",3,40
"159","20yrs5ages",0.10545027235176,0.112020522978216,0.01,1.41439822052324,0.998222694107518,0.00260234970331322,0.234307597894624,NA,20,"hier",4,40
"160","25yrs4ages",0.0988962774093964,0.0141258489278972,0.01,2.98447981767449,0.999703351988491,0.00829960490306628,1.24726238009601e-08,0.0263346995150826,25,"hier",5,40
"161","5yrs20ages",1.96037070215242,0.229080389412149,0.0361753854057386,1.56734558941578,0.99472104547268,NA,NA,NA,5,"hier",2,41
"162","10yrs10ages",0.0962181550982529,0.0899318962027849,0.01,3.29081528388088,0.991946240922405,0.0124668460696159,NA,NA,10,"hier",3,41
"163","20yrs5ages",0.0683305139451705,1.94078083609241e-264,0.01,1.92341447898548,0.999502640884046,0.0632126457918083,0.770326887399157,NA,20,"hier",4,41
"164","25yrs4ages",0.152836710344943,0.000184264248693153,0.01,2.95240118840937,0.999715358210763,0.0536821755563241,0,2.37589164964338e-11,25,"hier",5,41
"165","5yrs20ages",0.186190715455349,0.415214503857451,0.01,2.03741089022128,0.960859184605249,NA,NA,NA,5,"hier",2,42
"166","10yrs10ages",0.145052169389478,0.0778508227062892,0.01,3.23846862908567,0.992617995171584,5.01885270566504e-37,NA,NA,10,"hier",3,42
"167","20yrs5ages",0.155931548258716,0.105017634857539,0.01,1.11841943548091,0.999068300927164,0.0682989638130316,0.266817805085298,NA,20,"hier",4,42
"168","25yrs4ages",0.102749848835474,0.0169521198301808,0.01,2.90218610615964,0.999604834275525,0.0085179544530476,7.78296999064112e-10,0.0285599443660444,25,"hier",5,42
"169","5yrs20ages",0.193694444043953,0.393796642770721,0.01,1.98529798260709,0.957859682245398,NA,NA,NA,5,"hier",2,43
"170","10yrs10ages",0.1490653648373,0.0763026157623726,0.01,3.25095399450009,0.992751957558355,2.07610741650933e-16,NA,NA,10,"hier",3,43
"171","20yrs5ages",0.158875794860751,0.103660314664497,0.01,1.13219985567602,0.999079786920783,0.0682790523870786,0.262611620453373,NA,20,"hier",4,43
"172","25yrs4ages",0.104589978191225,0.0174202001114347,0.01,2.89887789475391,0.999604136418264,0.00821689779109664,7.78296999064112e-10,0.0284815259483988,25,"hier",5,43
"173","5yrs20ages",0.175109717491147,0.423970768745328,0.01,2.17400240030057,0.964010209309259,NA,NA,NA,5,"hier",2,44
"174","10yrs10ages",0.141001250733721,0.0790857475269492,0.01,3.24229653591488,0.992484599827639,1.66817153817457e-22,NA,NA,10,"hier",3,44
"175","20yrs5ages",0.15339452683159,0.106044224271768,0.01,1.1095728357767,0.999060664321967,0.0682159640911155,0.270747576033218,NA,20,"hier",4,44
"176","25yrs4ages",0.101133956358034,0.0163710141785303,0.01,2.9111976284727,0.999606120577434,0.0087608912947537,1.01048661844173e-08,0.0286064307049314,25,"hier",5,44
"177","5yrs20ages",1.05189715845024,1.78039333206156,0.0124955154318776,1.53570181622273,0.990051546846231,NA,NA,NA,5,"hier",2,45
"178","10yrs10ages",0.100713404755119,0.0962240845621826,0.01,3.1997501479009,0.991446920070407,0.0120539928749765,NA,NA,10,"hier",3,45
"179","20yrs5ages",0.07016960636291,1.65963772566863e-229,0.01,1.94568022537722,0.999516209155691,0.0639948823489726,0.745418499690413,NA,20,"hier",4,45
"180","25yrs4ages",0.0937192597498504,0.0103111608900214,0.01,2.97859991609779,0.99962784968532,0.0161462540104417,2.73223988514892e-08,0.0225122227434492,25,"hier",5,45
"181","5yrs20ages",0.116095552783899,0.415027187687,0.01,2.41189251575347,0.957294688480517,NA,NA,NA,5,"hier",2,46
"182","10yrs10ages",0.106472088818029,0.0934798696747395,0.01,3.42021484711683,0.992285820594487,4.90229150274245e-24,NA,NA,10,"hier",3,46
"183","20yrs5ages",0.139056486935861,0.112518758994093,0.01,1.0264019421911,0.998904554946895,0.0618065462942208,0.310634998069928,NA,20,"hier",4,46
"184","25yrs4ages",0.0999260497669192,0.0142674817558671,0.01,2.92285927019565,0.999631193591411,0.0107442740663756,1.8048740345142e-14,0.0288482270927857,25,"hier",5,46
"185","5yrs20ages",1.12433626026195,2.03549872854964,0.01,1.55138573851485,0.991540772158407,NA,NA,NA,5,"hier",2,47
"186","10yrs10ages",0.0992865248739375,0.097115431453246,0.01,3.34318706093669,0.9892163595736,2.20144403348688e-64,NA,NA,10,"hier",3,47
"187","20yrs5ages",0.0711853214254564,7.15112798021457e-24,0.01,1.94176828461381,0.999518663876439,0.0645859499439678,0.737476437608437,NA,20,"hier",4,47
"188","25yrs4ages",0.0934856845104255,0.0105775888182706,0.01,2.97302671320242,0.999630015632778,0.0158885534155968,2.73223988514892e-08,0.0223587266131431,25,"hier",5,47
"189","5yrs20ages",0.125803654595922,0.2261139563779,0.01,1.95122438970821,0.926932888686304,NA,NA,NA,5,"hier",2,48
"190","10yrs10ages",0.121020461047449,0.0916328443534606,0.01,3.45833347778419,0.993746028056342,1.92129704603443e-234,NA,NA,10,"hier",3,48
"191","20yrs5ages",0.198811592439832,0.126324017538932,0.01,1.0457702729633,0.998904114011255,0.0471415072281278,0.192262472446752,NA,20,"hier",4,48
"192","25yrs4ages",0.117198721062954,0.0198980208006465,0.01,2.84003752344704,0.999657013677657,0.0075759199947306,2.14331475772012e-37,0.0286397268125129,25,"hier",5,48
"193","5yrs20ages",0.11543646626799,0.310034875459946,0.01,2.15403178571484,0.941644664910808,NA,NA,NA,5,"hier",2,49
"194","10yrs10ages",0.111740910410258,0.090954680613637,0.01,3.47842982084315,0.993135715573971,2.52164048097101e-20,NA,NA,10,"hier",3,49
"195","20yrs5ages",0.177907988678147,0.121946061771748,0.01,1.01537004143938,0.998909691045003,0.054433680689248,0.247069368343057,NA,20,"hier",4,49
"196","25yrs4ages",0.116559074263247,0.018793327755678,0.01,2.84820613022226,0.999645878337872,0.00890995804512353,1.71040401923489e-08,0.0282463143765616,25,"hier",5,49
"197","5yrs20ages",0.152705238748816,0.426665996298036,0.0100000027310816,2.42679628835807,0.967875960354906,NA,NA,NA,5,"hier",2,50
"198","10yrs10ages",0.130189503243573,0.0844309581326349,0.01,3.24660744356609,0.992187532385122,1.70915006929327e-26,NA,NA,10,"hier",3,50
"199","20yrs5ages",0.144469723410659,0.106854975464381,0.01,1.09898065455379,0.999042489726415,0.0664168140709861,0.284698278989679,NA,20,"hier",4,50
"200","25yrs4ages",0.0974843414617666,0.0148795189649245,0.01,2.91384761209346,0.999608651663719,0.0097909815483249,8.94969838872973e-13,0.0288537892845695,25,"hier",5,50
"201","5yrs20ages",0.151739044425651,0.426672693154478,0.010000000000001,2.43484486539286,0.96790183414183,NA,NA,NA,5,"hier",2,51
"202","10yrs10ages",0.129513622619625,0.0847251272232484,0.01,3.24688778580546,0.992179452604217,4.0477809110072e-62,NA,NA,10,"hier",3,51
"203","20yrs5ages",0.14504004309672,0.107806487667659,0.01,1.09204951127638,0.999035725063171,0.0670357732661536,0.284079410254062,NA,20,"hier",4,51
"204","25yrs4ages",0.0972222383191209,0.0148723929610005,0.01,2.91464322679669,0.999610497993626,0.00989262937362759,8.94969838872973e-13,0.0288950725779491,25,"hier",5,51
"205","5yrs20ages",1.1188232991714,0.28418981434574,0.0198373737012252,1.27362484074789,0.984720613390636,NA,NA,NA,5,"hier",2,52
"206","10yrs10ages",0.283196424901387,0.12307429531934,0.01,2.93903307045672,0.997718205539575,0.00439562380217894,NA,NA,10,"hier",3,52
"207","20yrs5ages",0.153125216445235,0.137040762364667,0.01,1.10403022705065,0.998597887999364,0.0170161702712523,0.208134156965056,NA,20,"hier",4,52
"208","25yrs4ages",0.103181347620356,0.0181955083670959,0.01,2.91961400569779,0.999700628367484,0.0060491606540474,4.31214701966773e-27,0.0290479425963764,25,"hier",5,52
"209","5yrs20ages",1.80655229951143,0.203730921096955,0.0418669265230541,1.37088454335727,0.990525202157911,NA,NA,NA,5,"hier",2,53
"210","10yrs10ages",0.0994000521246445,0.0781198958266459,0.01,3.48648569521814,0.990743505777294,4.84555423724711e-09,NA,NA,10,"hier",3,53
"211","20yrs5ages",0.0678908325295205,1.8962239487387e-320,0.01,1.9039453654249,0.999487940983309,0.0629920815099693,0.785914906204063,NA,20,"hier",4,53
"212","25yrs4ages",0.158948768664317,0.00355156259226735,0.01,2.91621137802133,0.999712217431894,0.0523958467803953,2.20846682774123e-11,1.44934328255607e-221,25,"hier",5,53
"213","5yrs20ages",0.211655400088318,0.319967931018708,0.01,1.77900580671703,0.943941880973909,NA,NA,NA,5,"hier",2,54
"214","10yrs10ages",0.157038778175817,0.0747924693412461,0.01,3.27959286833009,0.993025053335723,2.78886559577074e-31,NA,NA,10,"hier",3,54
"215","20yrs5ages",0.15765020918062,0.096130261599551,0.01,1.17504241909934,0.999116889676025,0.0660003072125691,0.287682146857683,NA,20,"hier",4,54
"216","25yrs4ages",0.108783993123161,0.017922544444462,0.01,2.89082122411418,0.999602698932099,0.00843462160595818,3.58990621556741e-11,0.0278091328071481,25,"hier",5,54
"217","5yrs20ages",1.1281297785062,0.266057977732561,0.0204466726433524,1.29028550004359,0.984971427241088,NA,NA,NA,5,"hier",2,55
"218","10yrs10ages",0.311945433998243,0.132343897757278,0.01,2.75039345255089,0.997724127375125,0.00510539328260163,NA,NA,10,"hier",3,55
"219","20yrs5ages",0.158162006157165,0.137134578610319,0.01,1.09008076161709,0.998632193513638,0.0191770922771374,0.204333684814763,NA,20,"hier",4,55
"220","25yrs4ages",0.104157782992448,0.0187576445079888,0.01,2.91360368123708,0.999698923147167,0.00581456577378386,7.03624490506524e-32,0.0292137628566051,25,"hier",5,55
"221","5yrs20ages",1.06885232508464,0.37568057706633,0.0177238094779242,1.24389084560509,0.982863319470358,NA,NA,NA,5,"hier",2,56
"222","10yrs10ages",0.197291630406356,0.0934923024034882,0.01,3.293496395785,0.99713371156201,0.00269602082618095,NA,NA,10,"hier",3,56
"223","20yrs5ages",0.130451120688835,0.132244951802454,0.01,1.21739883135394,0.998443092153854,0.007676549439223,0.223136606073273,NA,20,"hier",4,56
"224","25yrs4ages",0.0987680323993996,0.0160069650976162,0.01,2.94803135153813,0.999706961126446,0.00733685804165591,1.01048661844173e-08,0.0280654033570666,25,"hier",5,56
"225","5yrs20ages",1.14113336001087,0.223347657296675,0.0228977568857555,1.35076326588782,0.986030259856387,NA,NA,NA,5,"hier",2,57
"226","10yrs10ages",0.365605100486532,0.143312648353664,0.01,2.57947467186939,0.997858280261057,0.00679782080081799,NA,NA,10,"hier",3,57
"227","20yrs5ages",0.171207991592482,0.13563921857149,0.01,1.07183383157439,0.998697064394114,0.0247588238207583,0.194736786932187,NA,20,"hier",4,57
"228","25yrs4ages",0.107250333496129,0.0198531459524921,0.01,2.89602259521913,0.999693018899814,0.0052058505491535,1.31738737659936e-09,0.0297264542424027,25,"hier",5,57
"229","5yrs20ages",0.115850741579064,0.409583727219517,0.0100000174119587,2.37470453252766,0.956036674178856,NA,NA,NA,5,"hier",2,58
"230","10yrs10ages",0.106284017179131,0.0932421860472979,0.01,3.42704852612639,0.992314997223617,4.90229150274245e-24,NA,NA,10,"hier",3,58
"231","20yrs5ages",0.140121487382613,0.112772391946864,0.01,1.0255270286693,0.998903508448587,0.0614706778840994,0.309455398393515,NA,20,"hier",4,58
"232","25yrs4ages",0.101785959974868,0.0144635594945044,0.01,2.91126159226285,0.999632095204856,0.0107183609869595,1.50408588771872e-19,0.0287528688972748,25,"hier",5,58
"233","5yrs20ages",0.149658655163075,0.42639937652492,0.01,2.43279909065623,0.967600107222171,NA,NA,NA,5,"hier",2,59
"234","10yrs10ages",0.127800829379757,0.0857756525324,0.01,3.24315096677116,0.992128220185826,3.52201444045462e-19,NA,NA,10,"hier",3,59
"235","20yrs5ages",0.143711638807163,0.108287977615611,0.01,1.08977572531001,0.999036737696298,0.0662966869492712,0.285377914794901,NA,20,"hier",4,59
"236","25yrs4ages",0.0968457998442166,0.0146027691885145,0.01,2.91779714251312,0.999609958940594,0.0100058536980248,3.58990621556741e-11,0.0288674193196904,25,"hier",5,59
"237","5yrs20ages",0.128232078574931,0.218919657684772,0.01,1.92525997265514,0.925779281952801,NA,NA,NA,5,"hier",2,60
"238","10yrs10ages",0.124320293753757,0.0926424777490799,0.01,3.44203190439954,0.99393380894219,2.91487867709143e-234,NA,NA,10,"hier",3,60
"239","20yrs5ages",0.198638837541426,0.127072156335738,0.01,1.04928767895828,0.99889585581276,0.0453181344643961,0.188426154574018,NA,20,"hier",4,60
"240","25yrs4ages",0.116512111198798,0.0200340948782479,0.01,2.85214658719336,0.999660301108609,0.00721310453583156,1.19099267088797e-31,0.0288220590313592,25,"hier",5,60
"241","5yrs20ages",1.36082465854117,1.67607535325853,0.01,1.24419803882311,0.990755180519789,NA,NA,NA,5,"hier",2,61
"242","10yrs10ages",0.15189014464759,0.0670398891494435,0.01,3.59688140203903,0.997009302983784,0.00363659600315306,NA,NA,10,"hier",3,61
"243","20yrs5ages",0.100389601010694,0.103434893046184,0.01,1.52461135418171,0.998207314090134,0.00203153075731585,0.230081969361008,NA,20,"hier",4,61
"244","25yrs4ages",0.107891674624411,0.0151459661312985,0.01,2.94896841671609,0.999690829299316,0.00810582565085215,1.24726238009601e-08,0.0252482850970621,25,"hier",5,61
"245","5yrs20ages",0.151123128411394,0.42660489171562,0.01,2.42644157326789,0.967674954186088,NA,NA,NA,5,"hier",2,62
"246","10yrs10ages",0.128680284867981,0.0852257604489682,0.01,3.24680903350884,0.992157223877277,1.66817153817457e-22,NA,NA,10,"hier",3,62
"247","20yrs5ages",0.145040579486308,0.108631473520741,0.01,1.08077175576132,0.99902349890274,0.0674171902029985,0.285335250649521,NA,20,"hier",4,62
"248","25yrs4ages",0.0969233312007712,0.0147705711346997,0.01,2.92050502679125,0.999610281951037,0.00985289621803688,1.06629839461286e-14,0.0288740966511178,25,"hier",5,62
"249","5yrs20ages",0.1782654751605,0.242191087424003,0.01,1.83626840224359,0.939249281107491,NA,NA,NA,5,"hier",2,63
"250","10yrs10ages",0.429842230524044,0.147680913685755,0.01,2.41764809105021,0.997893832628779,0.0100144036363908,NA,NA,10,"hier",3,63
"251","20yrs5ages",0.186357754463921,0.131008351952184,0.01,1.05778798298457,0.998800466589209,0.0336843675632966,0.18565885397934,NA,20,"hier",4,63
"252","25yrs4ages",0.111195491463214,0.0206352626262373,0.01,2.90108523296496,0.999681999514504,0.00522444571263038,1.44850406180621e-07,0.0298217151266451,25,"hier",5,63
"253","5yrs20ages",0.121837349935909,0.435514760662383,0.01,2.45796759291513,0.961260273950858,NA,NA,NA,5,"hier",2,64
"254","10yrs10ages",0.108706235910758,0.0940770824507835,0.01,3.37832885084255,0.99210162140678,6.07843653624194e-48,NA,NA,10,"hier",3,64
"255","20yrs5ages",0.135608024360995,0.110723088258128,0.01,1.04246882012202,0.998927688693416,0.0632561856659554,0.310712975833343,NA,20,"hier",4,64
"256","25yrs4ages",0.095570156502166,0.0131774958690291,0.01,2.94056647632913,0.99962589822895,0.011186592215073,1.51487410279902e-12,0.0292146174180804,25,"hier",5,64
"257","5yrs20ages",0.213598469377473,0.306256586540985,0.01,1.79054669686458,0.941908547916073,NA,NA,NA,5,"hier",2,65
"258","10yrs10ages",0.158742168718045,0.0749525201985032,0.01,3.28387411573444,0.993058572638161,3.4219319966054e-52,NA,NA,10,"hier",3,65
"259","20yrs5ages",0.153941675233356,0.0933507869575273,0.01,1.16650614628512,0.999117348251756,0.0658472653893342,0.314835648593021,NA,20,"hier",4,65
"260","25yrs4ages",0.110199213902045,0.0182238113373428,0.01,2.88084463182632,0.999600342486546,0.00870348778601223,8.55759197682677e-08,0.0276061884479522,25,"hier",5,65
"261","5yrs20ages",0.218550407354612,0.296113890092861,0.01,1.74385675202381,0.938043480344858,NA,NA,NA,5,"hier",2,66
"262","10yrs10ages",0.15909085351101,0.0750620194804096,0.01,3.29914421855315,0.993086302716018,1.70915006929327e-26,NA,NA,10,"hier",3,66
"263","20yrs5ages",0.148244303533549,0.088530331244042,0.01,1.18306029112888,0.999135053574845,0.0647296135983679,0.342679201318029,NA,20,"hier",4,66
"264","25yrs4ages",0.110583751681461,0.0182660635036619,0.01,2.88902983414213,0.999600922151318,0.0088382404157628,1.01048661844173e-08,0.0275002425669787,25,"hier",5,66
"265","5yrs20ages",0.122439997600264,0.438325166682008,0.01,2.49651905763648,0.962567929442631,NA,NA,NA,5,"hier",2,67
"266","10yrs10ages",0.109489406823852,0.0942290897545247,0.01,3.35787212839566,0.992069922032803,3.90313353811292e-52,NA,NA,10,"hier",3,67
"267","20yrs5ages",0.1354600060772,0.109989891394335,0.01,1.05297778129342,0.998941080978765,0.0630279678444071,0.308556542665946,NA,20,"hier",4,67
"268","25yrs4ages",0.0951870239112818,0.0130443562183181,0.01,2.93854941845505,0.999624692814695,0.0111416619349398,1.8048740345142e-14,0.0292070582725728,25,"hier",5,67
"269","5yrs20ages",0.239466038221911,0.278668908662914,0.01,1.66152134846709,0.925310655836461,NA,NA,NA,5,"hier",2,68
"270","10yrs10ages",0.145805269706695,0.0757312649539031,0.01,3.38182035497817,0.99283003824274,1.70915006929327e-26,NA,NA,10,"hier",3,68
"271","20yrs5ages",0.130483619554504,0.0696711988534485,0.01,1.29908144351748,0.999196517952883,0.0612926251996325,0.400144157798875,NA,20,"hier",4,68
"272","25yrs4ages",0.119081927437251,0.0174766626655192,0.01,2.81801727734759,0.999605352733657,0.0132629153179716,2.17375885609482e-07,0.024551062392691,25,"hier",5,68
"273","5yrs20ages",0.118086321400123,0.286445072318218,0.01,2.08812018389911,0.937439251235699,NA,NA,NA,5,"hier",2,69
"274","10yrs10ages",0.11330813988213,0.0909076218037376,0.01,3.47867336928456,0.993259627981166,1.15249925698369e-116,NA,NA,10,"hier",3,69
"275","20yrs5ages",0.186873643300562,0.123335416011457,0.01,1.02516996892645,0.99891595696025,0.0526080153406261,0.226959626759272,NA,20,"hier",4,69
"276","25yrs4ages",0.11819890507206,0.0194888184156738,0.01,2.83173019406025,0.999647018050381,0.0085156859282393,1.71040401923489e-08,0.0282463143765616,25,"hier",5,69
"277","5yrs20ages",0.148461951885742,0.426189012328837,0.01,2.4412410441834,0.967577435986233,NA,NA,NA,5,"hier",2,70
"278","10yrs10ages",0.126916800807283,0.0862385246432324,0.01,3.24637336989515,0.992118753212304,2.78886559577074e-31,NA,NA,10,"hier",3,70
"279","20yrs5ages",0.143832216135247,0.108656017028351,0.01,1.0790756953694,0.999019781431157,0.0671154720040702,0.28739132172554,NA,20,"hier",4,70
"280","25yrs4ages",0.0964202445234028,0.014479376594135,0.01,2.91965990081594,0.999611029478544,0.0100455485613761,3.58990621556741e-11,0.0289300437953794,25,"hier",5,70
"281","5yrs20ages",0.150365773557077,0.426547904734262,0.01,2.4536087779975,0.967994966571484,NA,NA,NA,5,"hier",2,71
"282","10yrs10ages",0.128839438637718,0.0851051761879457,0.01,3.24429185139566,0.992152963187011,2.07610741650933e-16,NA,NA,10,"hier",3,71
"283","20yrs5ages",0.144910322978699,0.108381145421921,0.01,1.08502771986667,0.999028689153862,0.0673086710011345,0.284850201197299,NA,20,"hier",4,71
"284","25yrs4ages",0.0970518512018654,0.0147325423151872,0.01,2.92050502679125,0.999610281951037,0.00994459263586044,1.06629839461286e-14,0.0288431511288957,25,"hier",5,71
"285","5yrs20ages",0.170394300176229,0.426244231629438,0.01,2.25207151295289,0.965485295078027,NA,NA,NA,5,"hier",2,72
"286","10yrs10ages",0.139677217948884,0.0798934758253928,0.01,3.23698578532043,0.992438204701837,1.70915006929327e-26,NA,NA,10,"hier",3,72
"287","20yrs5ages",0.152353160056015,0.106549468102035,0.01,1.10380263025892,0.999055819710102,0.0682791075722138,0.272504561041127,NA,20,"hier",4,72
"288","25yrs4ages",0.100629319741606,0.0162168000979908,0.01,2.91021820870206,0.999605844142135,0.00885700561249388,8.55759197682677e-08,0.0285833065006647,25,"hier",5,72
"289","5yrs20ages",1.40159663142678,1.5174455745122,0.01,1.16321106977756,0.9874264845719,NA,NA,NA,5,"hier",2,73
"290","10yrs10ages",0.148226368237978,0.0661444547595974,0.01,3.5984108072164,0.99687672071723,0.00317630521775153,NA,NA,10,"hier",3,73
"291","20yrs5ages",0.102858074523673,0.108415769481035,0.01,1.44493988873245,0.998190306409436,0.00246035951636959,0.2348937101589,NA,20,"hier",4,73
"292","25yrs4ages",0.10208896268912,0.0143852547384096,0.01,2.97084797220352,0.999698037656084,0.0082743727418558,5.3225630670584e-27,0.0258942501332291,25,"hier",5,73
"293","5yrs20ages",0.113048396508441,0.345303178193201,0.01,2.24917059800144,0.947176622164335,NA,NA,NA,5,"hier",2,74
"294","10yrs10ages",0.109182620882476,0.0912366320634044,0.01,3.47337269761423,0.992893424347602,1.72527483986109e-28,NA,NA,10,"hier",3,74
"295","20yrs5ages",0.16358592098107,0.119159583875255,0.01,1.00857185598146,0.998900380345259,0.0570503330915905,0.275786854082359,NA,20,"hier",4,74
"296","25yrs4ages",0.11617028465963,0.0180843494219205,0.01,2.84177879775019,0.999642073859102,0.00958646775732714,8.86607343426105e-17,0.027874774385695,25,"hier",5,74
"297","5yrs20ages",0.14272623841939,0.425811908209373,0.0100000002938087,2.47466946680514,0.967197846229557,NA,NA,NA,5,"hier",2,75
"298","10yrs10ages",0.123104013705868,0.0882570499593748,0.01,3.26145506412329,0.992037667519732,3.4219319966054e-52,NA,NA,10,"hier",3,75
"299","20yrs5ages",0.1412917438192,0.108940703902063,0.01,1.07538091352075,0.999007688440667,0.0665104171882474,0.292211214473485,NA,20,"hier",4,75
"300","25yrs4ages",0.0955286846697471,0.013861840747461,0.01,2.92505171455279,0.999613180779076,0.0104266796937969,1.01048661844173e-08,0.0289807481602069,25,"hier",5,75
"301","5yrs20ages",1.13530575774616,0.341737277969282,0.01,1.17789457385682,0.974823617428503,NA,NA,NA,5,"hier",2,76
"302","10yrs10ages",0.278317837825984,0.122600238123795,0.01,2.92168040418197,0.997665392145965,0.00422211739913634,NA,NA,10,"hier",3,76
"303","20yrs5ages",0.150228232783375,0.13628224769681,0.01,1.11883454764117,0.998592686818839,0.0159431459586376,0.209076286714557,NA,20,"hier",4,76
"304","25yrs4ages",0.102568336767463,0.0180044342934768,0.01,2.91341303218237,0.999700911727873,0.00634300602251514,8.94969838872973e-13,0.0289650712185204,25,"hier",5,76
"305","5yrs20ages",0.112352972734854,0.348864388364187,0.01,2.27461827777093,0.948060274932665,NA,NA,NA,5,"hier",2,77
"306","10yrs10ages",0.109004950867649,0.0912913014593511,0.01,3.47064659681833,0.992877953559086,4.90229150274245e-24,NA,NA,10,"hier",3,77
"307","20yrs5ages",0.162144316563385,0.118963902026948,0.01,1.0067849177805,0.998898257964871,0.0573925296766258,0.278521028137897,NA,20,"hier",4,77
"308","25yrs4ages",0.115824256635197,0.0180906683180283,0.01,2.8436562902964,0.999640955474163,0.00967172283805164,1.51487410279902e-12,0.0278845141777805,25,"hier",5,77
"309","5yrs20ages",1.22353753142609,0.261398591398708,0.01,1.19267960954635,0.97027446296275,NA,NA,NA,5,"hier",2,78
"310","10yrs10ages",0.390984481263009,0.146220929898385,0.01,2.50735186367059,0.997884371843059,0.0078278549912833,NA,NA,10,"hier",3,78
"311","20yrs5ages",0.176943591283859,0.134381803719862,0.01,1.05423229858959,0.998732931797339,0.028467242481223,0.19215540973797,NA,20,"hier",4,78
"312","25yrs4ages",0.108364294572001,0.0202424389869534,0.01,2.91474420750238,0.999691274403624,0.00498342342158664,6.07646841405142e-11,0.0296784342544105,25,"hier",5,78
"313","5yrs20ages",0.123334491530081,0.438627187096348,0.01,2.48240186672986,0.962503269778465,NA,NA,NA,5,"hier",2,79
"314","10yrs10ages",0.109611272780505,0.0939956074569968,0.01,3.36126890412166,0.992054436319731,5.72461765393432e-37,NA,NA,10,"hier",3,79
"315","20yrs5ages",0.135098868576928,0.110326540131606,0.01,1.05077434149269,0.998940050480799,0.0630581381276496,0.30933219252472,NA,20,"hier",4,79
"316","25yrs4ages",0.095021952228246,0.0131215882064011,0.01,2.93169539668102,0.999623159816771,0.0112286717592642,1.71040401923489e-08,0.029276900732857,25,"hier",5,79
"317","5yrs20ages",0.145501618398637,0.425922356016821,0.01,2.45860106299466,0.967430594981411,NA,NA,NA,5,"hier",2,80
"318","10yrs10ages",0.125097502711109,0.0871433896585165,0.01,3.25709460895626,0.992102340046928,2.78886559577074e-31,NA,NA,10,"hier",3,80
"319","20yrs5ages",0.142523977419329,0.108896966970276,0.01,1.07721988831063,0.999012847740564,0.0667701865609004,0.289530322144728,NA,20,"hier",4,80
"320","25yrs4ages",0.0960644609561489,0.0142150720237428,0.01,2.91030117559037,0.999610298919387,0.01037400348335,1.01048661844173e-08,0.0290598834626801,25,"hier",5,80
"321","5yrs20ages",1.93831859822159,0.21430636306338,0.0382573166428489,1.49918797866023,0.993589970966137,NA,NA,NA,5,"hier",2,81
"322","10yrs10ages",0.0959013909139252,0.0870996849642811,0.01,3.32030540399437,0.99180887215168,0.0107405824008252,NA,NA,10,"hier",3,81
"323","20yrs5ages",0.0679964517406609,0,0.01,1.91722424354021,0.999497989300515,0.0630460714982784,0.776756200109881,NA,20,"hier",4,81
"324","25yrs4ages",0.157575601346808,0.00148896022988661,0.01,2.91939363867285,0.999712737743767,0.0534161786789227,2.81044729199169e-87,9.59412965150281e-17,25,"hier",5,81
"325","5yrs20ages",0.144877912699543,0.425756059948775,0.0100000000002034,2.47382416870972,0.967617680955783,NA,NA,NA,5,"hier",2,82
"326","10yrs10ages",0.124909012033406,0.0873829329601707,0.01,3.2485824357274,0.992091008029022,3.52201444045462e-19,NA,NA,10,"hier",3,82
"327","20yrs5ages",0.142452939521406,0.109021337607041,0.01,1.07536243385609,0.99901075157149,0.0667947671527816,0.290078041781506,NA,20,"hier",4,82
"328","25yrs4ages",0.0959122725935782,0.014255565281652,0.01,2.92157372326233,0.999612108773709,0.0102192816169446,8.94969838872973e-13,0.0289431356912632,25,"hier",5,82
"329","5yrs20ages",0.199796651977479,0.367824658158677,0.01,1.92876506821948,0.954142484126532,NA,NA,NA,5,"hier",2,83
"330","10yrs10ages",0.152525503966302,0.0755108200505431,0.01,3.25923027428902,0.992855113720397,2.07610741650933e-16,NA,NA,10,"hier",3,83
"331","20yrs5ages",0.160840282709004,0.102289239728294,0.01,1.14356108153671,0.999086880560684,0.0681237938778623,0.261107719509982,NA,20,"hier",4,83
"332","25yrs4ages",0.10613015187153,0.0178105318480476,0.01,2.89120793814757,0.999602435812721,0.00808886754284785,5.23797211810231e-17,0.028475101309027,25,"hier",5,83
"333","5yrs20ages",1.04432187885903,1.72595827187213,0.0136767870653925,1.536419406189,0.990268283013319,NA,NA,NA,5,"hier",2,84
"334","10yrs10ages",0.100292596487565,0.0958901027115727,0.01,3.20938111717974,0.991514111812182,0.0123073937411267,NA,NA,10,"hier",3,84
"335","20yrs5ages",0.0700786247466494,6.03231805424341e-273,0.01,1.94309678687482,0.999515108024343,0.0640054195637914,0.747095004100302,NA,20,"hier",4,84
"336","25yrs4ages",0.0939668416152687,0.0101887288169714,0.01,2.9697725662734,0.999627588836543,0.0164857264723564,1.85206588938152e-07,0.0224405809345042,25,"hier",5,84
"337","5yrs20ages",0.219374841452906,0.270646491998804,0.01,1.66892949711284,0.916576396339928,NA,NA,NA,5,"hier",2,85
"338","10yrs10ages",0.128556537943517,0.0744063019279212,0.01,3.4402983233252,0.99235230418286,1.02143901608524e-10,NA,NA,10,"hier",3,85
"339","20yrs5ages",0.120826748943648,0.0598592950978804,0.01,1.37509130993533,0.999226378766716,0.0590305462885473,0.425815137147495,NA,20,"hier",4,85
"340","25yrs4ages",0.146470341804852,0.0046166594492688,0.01,3.00795220987558,0.999715484944556,0.0508407398913126,0,5.22463972903803e-195,25,"hier",5,85
"341","5yrs20ages",0.114081432486699,0.399235007756015,0.01,2.36983663226178,0.954706788694567,NA,NA,NA,5,"hier",2,86
"342","10yrs10ages",0.106238309494728,0.0927880820661071,0.01,3.44451141875315,0.992419573720464,7.80924912006517e-34,NA,NA,10,"hier",3,86
"343","20yrs5ages",0.143038853575833,0.11394702035537,0.01,1.01792056735018,0.998896895770039,0.0609217701087613,0.307078079065515,NA,20,"hier",4,86
"344","25yrs4ages",0.104995116504806,0.0152320099754727,0.01,2.8967086067481,0.999633868436133,0.0105471026934468,7.12397212243836e-23,0.028562042893281,25,"hier",5,86
"345","5yrs20ages",0.124974016268392,0.439271757073745,0.01,2.49790708257459,0.963460644788321,NA,NA,NA,5,"hier",2,87
"346","10yrs10ages",0.110702562097144,0.0936764207378931,0.01,3.3393063968554,0.991995924804472,2.3680553833744e-16,NA,NA,10,"hier",3,87
"347","20yrs5ages",0.135353403282392,0.109439941352016,0.01,1.05510069107755,0.998953407243676,0.0637820124625037,0.307348681077553,NA,20,"hier",4,87
"348","25yrs4ages",0.09478965936168,0.013054527497524,0.01,2.93095318006703,0.999621523460489,0.0112156035298578,6.07646841405142e-11,0.0293448499575835,25,"hier",5,87
"349","5yrs20ages",1.13576429361946,0.252444251530279,0.0210071864764675,1.30361774208458,0.98516949383387,NA,NA,NA,5,"hier",2,88
"350","10yrs10ages",0.327939246606917,0.135986581281577,0.01,2.71245153053235,0.99780310266498,0.00557709487948763,NA,NA,10,"hier",3,88
"351","20yrs5ages",0.161984411431198,0.136665751008804,0.01,1.08330214507556,0.998649201955167,0.0206189065099491,0.200663282116732,NA,20,"hier",4,88
"352","25yrs4ages",0.105231271247961,0.0187879806314367,0.01,2.90362495639535,0.999695506481489,0.00563330998841845,5.23797211810231e-17,0.0293633467486097,25,"hier",5,88
"353","5yrs20ages",0.181523705935072,0.244227578032131,0.01,1.82767780420495,0.939575435997142,NA,NA,NA,5,"hier",2,89
"354","10yrs10ages",0.42890554345451,0.147805010722795,0.01,2.41938973072834,0.99789431104737,0.0099332998381985,NA,NA,10,"hier",3,89
"355","20yrs5ages",0.186891645913449,0.131561358580614,0.01,1.0493810076376,0.998799988682277,0.0342737439562071,0.186824942830803,NA,20,"hier",4,89
"356","25yrs4ages",0.111367366817155,0.0203833162377552,0.01,2.8921592601198,0.999680548805135,0.00536860958837068,1.8048740345142e-14,0.0296974876524508,25,"hier",5,89
"357","5yrs20ages",1.10762027890299,0.309161858342058,0.0191994054937454,1.25724889679586,0.98444530212959,NA,NA,NA,5,"hier",2,90
"358","10yrs10ages",0.260393209747686,0.116997676178573,0.01,2.99760642392498,0.997583345939817,0.00380585029061766,NA,NA,10,"hier",3,90
"359","20yrs5ages",0.145809100158052,0.136456419286347,0.01,1.13910644690617,0.998562435028076,0.0135907797509413,0.212110317981602,NA,20,"hier",4,90
"360","25yrs4ages",0.101461316894991,0.0174698141790429,0.01,2.93197663705849,0.999703545014655,0.00651403704079314,8.94969838872973e-13,0.0287576908316714,25,"hier",5,90
"361","5yrs20ages",1.13127427924981,2.05871128277332,0.01,1.55722177463535,0.991842712501273,NA,NA,NA,5,"hier",2,91
"362","10yrs10ages",0.0995104029883193,0.0975834640246799,0.01,3.35051169629659,0.989251133649513,1.54180341058858e-42,NA,NA,10,"hier",3,91
"363","20yrs5ages",0.0710875022187255,4.56931634239183e-243,0.01,1.95368147059943,0.999520439630048,0.064304600380394,0.735488408428328,NA,20,"hier",4,91
"364","25yrs4ages",0.0942110356456909,0.0105969750329823,0.01,2.96893278327558,0.999629315898166,0.0160224061900397,1.85206588938152e-07,0.0223800461539992,25,"hier",5,91
"365","5yrs20ages",0.113129765743377,0.387738050461617,0.0100000023157543,2.34459478648836,0.953051864810882,NA,NA,NA,5,"hier",2,92
"366","10yrs10ages",0.106624192319351,0.0922753412383346,0.01,3.45754435147419,0.992532137688291,3.12190630130352e-17,NA,NA,10,"hier",3,92
"367","20yrs5ages",0.144962119306149,0.112362228230836,0.01,1.0881968418889,0.998907779579061,0.0553668171707094,0.301929175537934,NA,20,"hier",4,92
"368","25yrs4ages",0.106965233246268,0.0161037316566493,0.01,2.90102841829886,0.999638529747545,0.0102554653846618,1.71040401923489e-08,0.0283795191090484,25,"hier",5,92
"369","5yrs20ages",0.115698113593362,0.41391957130784,0.01,2.41250997780105,0.957181663770967,NA,NA,NA,5,"hier",2,93
"370","10yrs10ages",0.106354505081474,0.0934798696747395,0.01,3.42021484711683,0.992285820594487,4.90229150274245e-24,NA,NA,10,"hier",3,93
"371","20yrs5ages",0.139206680079183,0.112363702279545,0.01,1.02972688377951,0.998907223069738,0.0615467706933395,0.310331954963557,NA,20,"hier",4,93
"372","25yrs4ages",0.100752475757341,0.0143339855366815,0.01,2.91742484476006,0.999631670589394,0.0106369206061795,1.50408588771872e-19,0.0288478936442185,25,"hier",5,93
"373","5yrs20ages",1.14041001797158,0.21952070490888,0.0232291752416448,1.35895535271069,0.986183247822186,NA,NA,NA,5,"hier",2,94
"374","10yrs10ages",0.369449189267082,0.143867636282819,0.01,2.57371830850514,0.997870548778262,0.00697372831987981,NA,NA,10,"hier",3,94
"375","20yrs5ages",0.17202971239741,0.136249092800895,0.01,1.08059575051322,0.998691000129559,0.0239366295150424,0.193653035068669,NA,20,"hier",4,94
"376","25yrs4ages",0.107401931734905,0.0198994379983485,0.01,2.90418297692074,0.999691964835356,0.00516091561724232,1.71040401923489e-08,0.029566357802399,25,"hier",5,94
"377","5yrs20ages",0.165848257767066,0.497756226368709,0.01,2.15691321371592,0.962886305835539,NA,NA,NA,5,"hier",2,95
"378","10yrs10ages",0.167278846174068,0.0728243210701409,0.01,3.55013621264687,0.997246955428546,0.00432836884524161,NA,NA,10,"hier",3,95
"379","20yrs5ages",0.101053170087981,0.0997511410413916,0.01,1.55419865684056,0.998169468261844,0.00230280153179858,0.227348086502686,NA,20,"hier",4,95
"380","25yrs4ages",0.119138101669508,0.016959551441322,0.01,2.88377717073534,0.999676170305801,0.00781477856806699,1.3161518908665e-14,0.0244403308963788,25,"hier",5,95
"381","5yrs20ages",1.10808725464597,0.307861523162067,0.0192330703064383,1.25808715730443,0.984465542258611,NA,NA,NA,5,"hier",2,96
"382","10yrs10ages",0.261755415851183,0.117445423702394,0.01,2.99278932119818,0.997591857280966,0.00383717724792756,NA,NA,10,"hier",3,96
"383","20yrs5ages",0.146681754753979,0.1365353176771,0.01,1.12833944202025,0.998556720235991,0.0143572031975525,0.212805222132563,NA,20,"hier",4,96
"384","25yrs4ages",0.101482553383811,0.017514627652229,0.01,2.9322813013108,0.999703372404018,0.00642507897724682,3.58990621556741e-11,0.0287175327409436,25,"hier",5,96
"385","5yrs20ages",0.731817026955561,0.67374448847341,0.0181120735429919,1.35933087763638,0.969069431474014,NA,NA,NA,5,"hier",2,97
"386","10yrs10ages",0.115320861764375,0.106195546032667,0.01,3.1818474212153,0.988879326270019,1.47534348622292e-81,NA,NA,10,"hier",3,97
"387","20yrs5ages",0.0753264294990588,8.46446484583358e-169,0.01,1.99962343575666,0.999539464293028,0.064348950187709,0.69609713028357,NA,20,"hier",4,97
"388","25yrs4ages",0.0970115732937954,0.0131894452814941,0.01,2.9671168460938,0.999646045709427,0.0135858484086248,1.1085841427132e-60,0.0214970479731694,25,"hier",5,97
"389","5yrs20ages",0.783240754922742,0.52772086393323,0.0121899390743125,1.29467582211531,0.973183657440661,NA,NA,NA,5,"hier",2,98
"390","10yrs10ages",0.155873214177938,0.0723725165174956,0.01,3.52692717328237,0.996771825787799,0.00249116946916175,NA,NA,10,"hier",3,98
"391","20yrs5ages",0.113181320865867,0.120227086745712,0.01,1.35300740872023,0.998314758911919,0.00336510261265955,0.230831068034521,NA,20,"hier",4,98
"392","25yrs4ages",0.0970357253862965,0.0144596749934182,0.01,2.98221539316749,0.999708281987542,0.0081247805133373,1.3161518908665e-14,0.0271574189738293,25,"hier",5,98
"393","5yrs20ages",0.14867587838355,0.426193639766496,0.01,2.4419182430204,0.967625764265816,NA,NA,NA,5,"hier",2,99
"394","10yrs10ages",0.127131936274607,0.0860828857512257,0.01,3.24440278782282,0.992116119928818,1.66817153817457e-22,NA,NA,10,"hier",3,99
"395","20yrs5ages",0.143874492104288,0.108745388437915,0.01,1.07938497296354,0.999020747105502,0.0671861407593939,0.287344068199656,NA,20,"hier",4,99
"396","25yrs4ages",0.0964202445234028,0.014479376594135,0.01,2.91965990081594,0.999611029478544,0.0100455485613761,3.58990621556741e-11,0.0289300437953794,25,"hier",5,99
"397","5yrs20ages",0.191453998250657,0.398171359974785,0.01,2.0176980250694,0.958920183209889,NA,NA,NA,5,"hier",2,100
"398","10yrs10ages",0.148612092442014,0.0762247217084963,0.01,3.24512524154287,0.992737463940774,3.54727646146673e-12,NA,NA,10,"hier",3,100
"399","20yrs5ages",0.15839253782446,0.103780786047521,0.01,1.13140189654235,0.999078911071569,0.068210260773014,0.263271182629089,NA,20,"hier",4,100
"400","25yrs4ages",0.104375536872574,0.0174331027146502,0.01,2.89858022807998,0.999604761705215,0.00814574037123939,1.01048661844173e-08,0.0284886925312231,25,"hier",5,100
