"","time_step","age_class","Rsq","E","max_phi","rmse","num_phis","dy_rho","obs_SD","iter"
"1","15","V1",-1.7737,2,-Inf,0.7495,0,0.500000076493016,0.467789398323404,1
"2","15","V2",-1.3578,2,-Inf,0.7123,0,0.586583759573724,0.458344156200815,1
"3","15","V3",-0.0781,2,1,0.509,1,0.824626997688666,0.464163855222343,1
"4","15","V4",0.0112,2,1,0.5217,1,0.95046958107614,0.482374358715538,1
"5","15","V5",-0.0305,2,2,0.5721,2,0.851621445448434,0.51104866528453,1
"6","15","V6",0.152,2,2,0.5577,2,0.868627127637613,0.549557597153551,1
"7","15","V7",0.3845,2,2,0.5105,2,0.909288630121904,0.599106131808839,1
"8","15","V8",0.5647,2,2,0.4606,2,0.93496751459532,0.660567481450596,1
"9","15","V9",0.6507,2,2,0.4417,2,0.949540699347625,0.731679786412113,1
"10","15","V10",0.6668,2,2,0.4605,2,0.950945929055677,0.806397638901092,1
"11","15","V11",0.6694,2,2,0.4879,2,0.932089155334754,0.877586680718432,1
"12","15","V12",0.7205,2,2,0.4757,2,0.940336046012452,0.940487353851687,1
"13","15","V13",0.7726,2,2,0.4543,2,0.946760451798417,0.994291684676382,1
"14","15","V14",0.8085,2,2,0.4413,2,0.951706972132122,1.04158269597062,1
"15","15","V15",0.8238,2,2,0.4476,2,0.9558978724121,1.08633662087685,1
"16","15","V16",0.7691,2,2,0.5413,2,0.965393245378361,1.13206514308807,1
"17","15","V17",0.7841,2,2,0.5517,2,0.966852067428766,1.18124772451077,1
"18","15","V18",0.8035,2,2,0.5535,2,0.969261540894643,1.23559522835922,1
"19","15","V19",0.8259,2,2,0.5466,2,0.971488991573168,1.29616493737287,1
"20","15","V20",0.8432,2,2,0.5431,2,0.973648454370745,1.36289500438858,1
"21","16","V1",-1.7569,2,-Inf,0.7629,0,0.499999826518018,0.470899476856071,1
"22","16","V2",-1.338,2,-Inf,0.7147,0,0.610555015858131,0.468914448754191,1
"23","16","V3",-0.1076,2,1,0.5131,1,0.773873520409144,0.473517764675352,1
"24","16","V4",0.1788,2,1,0.4706,1,0.89005186053842,0.484494323969346,1
"25","16","V5",0.3748,2,2,0.4419,2,0.964114993104105,0.504967721991008,1
"26","16","V6",0.3064,2,2,0.5018,2,0.971238485693224,0.536954718492911,1
"27","16","V7",0.4947,2,2,0.4613,2,0.961487153647119,0.581946240029586,1
"28","16","V8",0.6466,2,2,0.4147,2,0.965323779207758,0.640570978377324,1
"29","16","V9",0.7338,2,2,0.3859,2,0.976296970455511,0.710627506229687,1
"30","16","V10",0.7588,2,2,0.3927,2,0.986488447348034,0.786431952813997,1
"31","16","V11",0.772,2,2,0.4067,2,0.950416028342128,0.861152614538583,1
"32","16","V12",0.7545,2,2,0.448,2,0.982097010322072,0.929655492431274,1
"33","16","V13",0.7902,2,2,0.4383,2,0.984459708587237,0.989563667491049,1
"34","16","V14",0.8178,2,2,0.4316,2,0.986306954044867,1.04127987975661,1
"35","16","V15",0.8155,2,2,0.4586,2,0.984233082306988,1.08757687051951,1
"36","16","V16",0.8524,2,2,0.4327,2,0.979438304817034,1.13233753154963,1
"37","16","V17",0.8542,2,2,0.4532,2,0.974309913380953,1.17913832839543,1
"38","16","V18",0.8639,2,2,0.4604,2,0.976216434599478,1.23065096029465,1
"39","16","V19",0.8795,2,2,0.4546,2,0.977733255492895,1.28857065707057,1
"40","16","V20",0.8933,2,2,0.4479,2,0.97937556525013,1.35331091174341,1
"41","17","V1",-1.0816,3,3,0.6731,1,0.500000076493016,0.459339589206951,1
"42","17","V2",-1.2954,3,3,0.7197,1,0.569232473989254,0.468054225258633,1
"43","17","V3",0.2683,3,3,0.4199,2,0.796160076558081,0.480852585158242,1
"44","17","V4",0.5875,3,3,0.3321,2,0.966184741816783,0.492883156486808,1
"45","17","V5",0.4918,3,2,0.3947,2,0.988891354880295,0.508311214996531,1
"46","17","V6",0.5622,3,2,0.3952,2,0.983385121365416,0.533175016635116,1
"47","17","V7",0.7014,3,2,0.3523,2,0.985502576168956,0.571726549247349,1
"48","17","V8",0.8205,3,2,0.2942,2,0.981354496994906,0.625432001797552,1
"49","17","V9",0.8753,3,2,0.2635,2,0.981818735709862,0.692215787468838,1
"50","17","V10",0.9029,3,2,0.2489,2,0.985250763286746,0.766568076888947,1
"51","17","V11",0.8993,3,2,0.2704,2,0.987461319619524,0.841981846736889,1
"52","17","V12",0.9054,3,2,0.2787,2,0.983236952519095,0.913549071593627,1
"53","17","V13",0.9098,3,2,0.2882,2,0.981659148704858,0.978515309310423,1
"54","17","V14",0.9269,3,2,0.2741,2,0.983345554365576,1.0358513095067,1
"55","17","V15",0.9392,3,2,0.2637,2,0.984648394457904,1.08633348831055,1
"56","17","V16",0.9435,3,2,0.2678,2,0.986739165789239,1.13268275747033,1
"57","17","V17",0.9142,3,2,0.3472,2,0.98216682137365,1.17872057105366,1
"58","17","V18",0.9094,3,2,0.3753,2,0.981938064654074,1.22806208204426,1
"59","17","V19",0.9216,3,2,0.3663,2,0.982401789950231,1.28328354957229,1
"60","17","V20",0.9306,3,2,0.361,2,0.98328872149134,1.34543512127062,1
"61","18","V1",-0.1308,3,3,0.4948,2,0.499999826518018,0.446562707458116,1
"62","18","V2",0.5471,3,3,0.3216,2,0.858757339364598,0.459702092277172,1
"63","18","V3",0.7883,3,3,0.2278,2,0.911586968268433,0.481444654853221,1
"64","18","V4",0.8424,3,3,0.2059,2,0.931471787628728,0.501272231926471,1
"65","18","V5",0.8703,3,2,0.1982,2,0.977873220943153,0.518605334201324,1
"66","18","V6",0.7881,3,2,0.2722,2,0.980513682883373,0.539593907593821,1
"67","18","V7",0.8147,3,3,0.2748,3,0.964628577561267,0.571685613480236,1
"68","18","V8",0.8664,3,3,0.2518,3,0.969921047816877,0.619036796701166,1
"69","18","V9",0.9213,3,3,0.2081,3,0.971906704076344,0.680720786974635,1
"70","18","V10",0.9498,3,3,0.1782,3,0.978402288764658,0.751585404041744,1
"71","18","V11",0.9561,3,3,0.1781,3,0.982449434080072,0.825337823139201,1
"72","18","V12",0.9619,3,3,0.1768,3,0.97879991107548,0.897324553603164,1
"73","18","V13",0.9661,3,3,0.1769,3,0.982051036836465,0.964947600535509,1
"74","18","V14",0.9716,3,3,0.1712,3,0.985180584204292,1.02681369520223,1
"75","18","V15",0.9759,3,3,0.1664,3,0.987148965995493,1.08239630291368,1
"76","18","V16",0.9783,3,3,0.1659,3,0.989064911459433,1.13258374068195,1
"77","18","V17",0.9758,3,3,0.1843,3,0.988575058350765,1.18008274395606,1
"78","18","V18",0.9787,3,3,0.1816,3,0.986783563385861,1.22866475800865,1
"79","18","V19",0.9638,3,3,0.2483,3,0.991962186963893,1.28174285423562,1
"80","18","V20",0.9689,3,3,0.2413,3,0.992571015507462,1.34121101736568,1
"81","19","V1",0.7215,3,3,0.2422,2,0.500000076493016,0.444800977352688,1
"82","19","V2",0.8955,3,3,0.1534,2,0.863680689498403,0.455157215200376,1
"83","19","V3",0.9377,3,3,0.1236,2,0.928090843533041,0.479940347344934,1
"84","19","V4",0.9609,3,3,0.1029,2,0.920217753998182,0.50719229651458,1
"85","19","V5",0.9602,3,3,0.1098,2,0.923683685456946,0.531381160457164,1
"86","19","V6",0.9526,3,3,0.1279,2,0.932709763742652,0.554218352508385,1
"87","19","V7",0.9756,3,2,0.0987,2,0.986906993731779,0.58278401193132,1
"88","19","V8",0.969,3,3,0.12,3,0.988242731963642,0.623907217093825,1
"89","19","V9",0.973,3,3,0.1209,3,0.989839469408903,0.679262149289843,1
"90","19","V10",0.9886,3,3,0.0843,3,0.990584614208867,0.744974883632353,1
"91","19","V11",0.993,3,3,0.0709,3,0.993097801860629,0.815168649367728,1
"92","19","V12",0.9928,3,3,0.0766,3,0.995185015764579,0.8853626752666,1
"93","19","V13",0.994,3,3,0.0742,3,0.995034687580558,0.953150052546974,1
"94","19","V14",0.9947,3,3,0.0737,3,0.995925061888257,1.01725959018862,1
"95","19","V15",0.9953,3,3,0.0734,3,0.996480332463456,1.07682807215292,1
"96","19","V16",0.9956,3,3,0.075,3,0.996794003582266,1.13155268764488,1
"97","19","V17",0.9957,3,3,0.0779,3,0.996877191908488,1.1824486396888,1
"98","19","V18",0.9961,3,3,0.0779,3,0.996038622887643,1.2322256901162,1
"99","19","V19",0.996,3,3,0.0821,3,0.99619992479338,1.28440353673427,1
"100","19","V20",0.9926,3,3,0.1175,3,0.996978997669303,1.34165709172951,1
"101","20","V1",0.9536,3,3,0.0977,2,0.499999826518018,0.454600621644429,1
"102","20","V2",0.9919,3,3,0.0421,2,0.870539327969716,0.460043291291048,1
"103","20","V3",0.9875,3,3,0.0551,2,0.944894436465856,0.482568446701117,1
"104","20","V4",0.9894,3,3,0.0536,2,0.95417318198594,0.512475293055378,1
"105","20","V5",0.9934,3,3,0.0449,3,0.991884721566851,0.543030339153807,1
"106","20","V6",0.9889,3,2,0.0618,2,0.990367132466269,0.571739257216695,1
"107","20","V7",0.9888,3,2,0.0664,2,0.991820569888542,0.601699121417828,1
"108","20","V8",0.9939,3,2,0.0529,2,0.995106368033175,0.639298364172455,1
"109","20","V9",0.9942,3,3,0.0553,3,0.996686809450367,0.688631493194219,1
"110","20","V10",0.9957,3,3,0.0515,3,0.996550175477193,0.74826490246398,1
"111","20","V11",0.9967,3,3,0.0484,3,0.996971011313356,0.813511340192417,1
"112","20","V12",0.9968,3,3,0.0509,3,0.997707204715617,0.88024144079147,1
"113","20","V13",0.9971,3,3,0.0515,3,0.997574204215083,0.946183807971053,1
"114","20","V14",0.997,3,3,0.0559,3,0.998014494324178,1.01024182215196,1
"115","20","V15",0.997,3,3,0.0586,3,0.998373208147056,1.07166929276211,1
"116","20","V16",0.9974,3,3,0.0574,3,0.998516032971473,1.12985416761325,1
"117","20","V17",0.9975,3,3,0.0594,3,0.998645358186002,1.18471401984505,1
"118","20","V18",0.9977,3,3,0.0599,3,0.998790881626306,1.23739522122096,1
"119","20","V19",0.9977,3,3,0.0628,3,0.998522859461952,1.2904272589024,1
"120","20","V20",0.9978,3,3,0.0633,3,0.998699483579447,1.34658998205586,1
"121","21","V1",0.9606,3,3,0.09,2,0.499999826518018,0.467220251866723,1
"122","21","V2",0.9922,3,3,0.0414,2,0.949239899876514,0.470494319319752,1
"123","21","V3",0.9982,3,3,0.021,2,0.957581372624481,0.489856671309668,1
"124","21","V4",0.9955,3,3,0.0347,3,0.994724021156591,0.518816178615817,1
"125","21","V5",0.9951,3,2,0.0387,2,0.996652270360679,0.552302554448802,1
"126","21","V6",0.9958,3,2,0.0381,2,0.995394406344733,0.586784263446614,1
"127","21","V7",0.9943,3,2,0.0476,2,0.996030078775356,0.621779525389259,1
"128","21","V8",0.995,3,2,0.0476,2,0.996758684225055,0.66031243424739,1
"129","21","V9",0.9953,3,2,0.0497,2,0.997519382611746,0.706263789804607,1
"130","21","V10",0.9969,3,2,0.0436,2,0.997897783382961,0.76042397515506,1
"131","21","V11",0.9977,3,2,0.0404,2,0.997975306705992,0.820203733029575,1
"132","21","V12",0.9979,3,2,0.0407,2,0.998334219481043,0.882445856781491,1
"133","21","V13",0.9984,3,2,0.0385,2,0.998754291344561,0.945172733789559,1
"134","21","V14",0.9984,3,2,0.0405,2,0.998782864158071,1.00743756476119,1
"135","21","V15",0.9979,3,3,0.0488,3,0.999273076790724,1.06868463045691,1
"136","21","V16",0.9982,3,3,0.0484,3,0.999347896565776,1.12842090299332,1
"137","21","V17",0.9984,3,3,0.0467,3,0.999428760936308,1.18627483523724,1
"138","21","V18",0.9987,3,3,0.0455,3,0.999428734462157,1.24237762884697,1
"139","21","V19",0.9987,3,3,0.0471,3,0.999479230598368,1.29782698276235,1
"140","21","V20",0.9987,3,3,0.049,3,0.999512491119181,1.35451726561209,1
"141","22","V1",0.9823,3,3,0.0612,2,0.500000076493016,0.472773256761475,1
"142","22","V2",0.9936,3,3,0.0377,2,0.986934015826871,0.478034669504237,1
"143","22","V3",0.9976,3,3,0.0241,2,0.991767048869869,0.496642859120993,1
"144","22","V4",0.9984,3,3,0.0205,2,0.992475226933067,0.524353073104737,1
"145","22","V5",0.9984,3,3,0.0221,3,0.99643137308509,0.558370172396504,1
"146","22","V6",0.9984,3,2,0.0236,2,0.998003289134911,0.596317598283393,1
"147","22","V7",0.9981,3,2,0.0273,2,0.997889725504548,0.636748002051272,1
"148","22","V8",0.9982,3,2,0.0285,2,0.998060416102331,0.67969734224004,1
"149","22","V9",0.9983,3,2,0.0299,2,0.998489767779138,0.726412525583307,1
"150","22","V10",0.9984,3,2,0.0309,2,0.998635080193905,0.777728239734405,1
"151","22","V11",0.9987,3,2,0.03,2,0.998568226171209,0.832940306590886,1
"152","22","V12",0.9989,3,2,0.0294,2,0.998598738663667,0.890560642385364,1
"153","22","V13",0.9991,3,2,0.0287,2,0.999044621932745,0.949402575507629,1
"154","22","V14",0.9992,3,2,0.0277,2,0.999124026586701,1.00881281366283,1
"155","22","V15",0.9993,3,2,0.0283,2,0.999351335072696,1.06842576466747,1
"156","22","V16",0.9994,3,2,0.0272,2,0.999537243099811,1.12795628807844,1
"157","22","V17",0.9995,3,2,0.0266,2,0.999673496376029,1.18714787270599,1
"158","22","V18",0.9995,3,3,0.0275,3,0.999754107022417,1.24585744371907,1
"159","22","V19",0.9995,3,3,0.0286,3,0.999791913484496,1.30425183666412,1
"160","22","V20",0.9995,3,3,0.0298,3,0.999783065221517,1.36294461161047,1
"161","23","V1",0.9884,4,4,0.0503,2,0.499999826518018,0.46725625623853,1
"162","23","V2",0.9976,4,4,0.0236,2,0.986426780626163,0.476498989335305,1
"163","23","V3",0.9977,4,4,0.024,3,0.996298937957104,0.497034021629782,1
"164","23","V4",0.9973,4,3,0.0274,2,0.998136971599862,0.525116653808201,1
"165","23","V5",0.998,4,3,0.025,2,0.997503508151453,0.559397907994368,1
"166","23","V6",0.9987,4,3,0.0213,2,0.996935691616513,0.59905100097869,1
"167","23","V7",0.999,4,2,0.0204,2,0.999000167303912,0.643368228778352,1
"168","23","V8",0.9989,4,2,0.0228,2,0.999137211754785,0.691489205559901,1
"169","23","V9",0.9991,4,2,0.0224,2,0.999221505417954,0.742261958896424,1
"170","23","V10",0.9991,4,2,0.0238,2,0.999336794762698,0.79454082108036,1
"171","23","V11",0.9991,4,2,0.0246,2,0.999354860935965,0.847728567319537,1
"172","23","V12",0.9993,4,2,0.0239,2,0.999311217282529,0.90180184137661,1
"173","23","V13",0.9993,4,2,0.0243,2,0.999371913737435,0.956897239807917,1
"174","23","V14",0.9994,4,2,0.0248,2,0.999447696713418,1.0130558367138,1
"175","23","V15",0.9995,4,2,0.0243,2,0.999494277840934,1.07023037204497,1
"176","23","V16",0.9995,4,2,0.0252,2,0.999549830089693,1.12835825555187,1
"177","23","V17",0.9995,4,2,0.0253,2,0.999533593015262,1.18739580350005,1
"178","23","V18",0.9996,4,2,0.0247,2,0.99948287531222,1.24730503927986,1
"179","23","V19",0.9996,4,2,0.0246,2,0.999706698703241,1.30799714271741,1
"180","23","V20",0.9997,4,2,0.0249,2,0.999781607568972,1.36925438552047,1
"181","24","V1",0.9989,4,4,0.0154,2,0.500000076493016,0.457017554235822,1
"182","24","V2",0.9996,4,4,0.009,2,0.987662614286229,0.467375877684311,1
"183","24","V3",0.9996,4,4,0.0097,2,0.996376392481864,0.489775920600057,1
"184","24","V4",0.9993,4,4,0.014,2,0.997160633178337,0.519188620582818,1
"185","24","V5",0.9992,4,3,0.0156,2,0.998093857008752,0.554229432753375,1
"186","24","V6",0.9994,4,3,0.0151,2,0.997817480769394,0.594904995168277,1
"187","24","V7",0.9995,4,3,0.0145,2,0.997813123525011,0.641505019793485,1
"188","24","V8",0.9995,4,2,0.0157,2,0.999490060126445,0.693597526554466,1
"189","24","V9",0.9995,4,2,0.0167,2,0.999579090797791,0.749245395057429,1
"190","24","V10",0.9995,4,2,0.017,2,0.999615552640306,0.805415600531198,1
"191","24","V11",0.9995,4,2,0.0185,2,0.99963091448017,0.859940529463361,1
"192","24","V12",0.9996,4,2,0.0184,2,0.999611222558567,0.912802370401371,1
"193","24","V13",0.9996,4,2,0.0185,2,0.999626807589282,0.965250828878104,1
"194","24","V14",0.9996,4,2,0.019,2,0.999675516164342,1.0184244414857,1
"195","24","V15",0.9997,4,2,0.019,2,0.999713086048564,1.07291857841389,1
"196","24","V16",0.9997,4,2,0.0189,2,0.999738493866987,1.12900572608704,1
"197","24","V17",0.9997,4,2,0.0191,2,0.999743180351981,1.18687867372245,1
"198","24","V18",0.9998,4,2,0.0191,2,0.999720252536949,1.24670654990305,1
"199","24","V19",0.9998,4,2,0.0193,2,0.999816787833049,1.30849769180485,1
"200","24","V20",0.9998,4,2,0.0195,2,0.99985885841935,1.37181199859455,1
"201","25","V1",0.9996,4,4,0.0087,2,0.499999826518018,0.45453297019337,1
"202","25","V2",0.9998,4,4,0.0063,2,0.988413379005689,0.460104380248484,1
"203","25","V3",0.9996,4,4,0.0097,2,0.996325519441402,0.480395447928371,1
"204","25","V4",0.9997,4,4,0.0097,2,0.996872579445413,0.509434497498101,1
"205","25","V5",0.9997,4,4,0.0103,2,0.997100625972913,0.544635730355067,1
"206","25","V6",0.9996,4,3,0.0122,2,0.997861250898237,0.585695126539068,1
"207","25","V7",0.9995,4,3,0.0142,2,0.998438999063243,0.633305872762275,1
"208","25","V8",0.9996,4,3,0.0144,2,0.998720697039758,0.687637370766999,1
"209","25","V9",0.9996,4,3,0.0147,2,0.998956516364077,0.746983866303861,1
"210","25","V10",0.9996,4,3,0.0149,2,0.999041167102373,0.807655600549001,1
"211","25","V11",0.9996,4,2,0.0162,2,0.999760659726918,0.865941260402782,1
"212","25","V12",0.9996,4,2,0.0168,2,0.999755968608577,0.920444892486818,1
"213","25","V13",0.9997,4,2,0.0169,2,0.999769344482588,0.972292526130636,1
"214","25","V14",0.9997,4,2,0.0172,2,0.999804721721589,1.02349033690662,1
"215","25","V15",0.9997,4,2,0.0175,2,0.999827706260332,1.07557892195707,1
"216","25","V16",0.9998,4,2,0.0176,2,0.999838031517762,1.129431119872,1
"217","25","V17",0.9998,4,2,0.0175,2,0.999840305060838,1.18557601214578,1
"218","25","V18",0.9998,4,2,0.0175,2,0.999840854107166,1.24441984974999,1
"219","25","V19",0.9998,4,2,0.0175,2,0.999863891419356,1.30617086529472,1
"220","25","V20",0.9998,4,2,0.0175,2,0.99988216759862,1.37049020916528,1
"221","26","V1",0.9998,4,4,0.0064,2,0.500000076493016,0.462519977990226,1
"222","26","V2",0.9998,4,4,0.006,2,0.991618642411982,0.462462848527849,1
"223","26","V3",0.9996,4,4,0.0097,2,0.996803411485891,0.476708521845735,1
"224","26","V4",0.9996,4,4,0.0107,2,0.996968241209882,0.501708964798747,1
"225","26","V5",0.9997,4,4,0.0104,2,0.9969840298604,0.534772441258439,1
"226","26","V6",0.9997,4,4,0.0101,2,0.997098221343048,0.574780543292065,1
"227","26","V7",0.9997,4,4,0.0109,2,0.997825626537548,0.622071108327375,1
"228","26","V8",0.9997,4,4,0.0117,3,0.998351402674937,0.676983417385962,1
"229","26","V9",0.9997,4,4,0.0121,3,0.998655402641881,0.738179792721145,1
"230","26","V10",0.9998,4,4,0.0123,3,0.998818995699448,0.802106352217994,1
"231","26","V11",0.9998,4,4,0.0124,3,0.998872281662307,0.864489128139197,1
"232","26","V12",0.9997,4,2,0.016,2,0.999777838038346,0.922580947415182,1
"233","26","V13",0.9997,4,2,0.0162,2,0.999782275422723,0.97622577506382,1
"234","26","V14",0.9997,4,2,0.0164,2,0.999815533840348,1.02721274708967,1
"235","26","V15",0.9998,4,2,0.0168,2,0.999838125529831,1.07777910398114,1
"236","26","V16",0.9998,4,2,0.0166,2,0.999845551121561,1.12962661968413,1
"237","26","V17",0.9998,4,2,0.0168,2,0.999865507616619,1.18384294133026,1
"238","26","V18",0.9998,4,2,0.0169,2,0.999884954568696,1.24116293783921,1
"239","26","V19",0.9998,4,2,0.0166,2,0.999879215126665,1.30203001498839,1
"240","26","V20",0.9999,4,2,0.0165,2,0.999897213684527,1.36630687984413,1
"241","27","V1",0.9998,4,4,0.0067,2,0.499999826518018,0.469395308425155,1
"242","27","V2",0.9999,4,4,0.0051,2,0.993109963416972,0.470232312685891,1
"243","27","V3",0.9998,4,4,0.0073,2,0.997194919565594,0.480536770845626,1
"244","27","V4",0.9997,4,4,0.0096,2,0.996962300965273,0.499958564850234,1
"245","27","V5",0.9997,4,4,0.0101,2,0.996906905210906,0.528447572310927,1
"246","27","V6",0.9997,4,4,0.0102,2,0.997195663465727,0.565441099418699,1
"247","27","V7",0.9998,4,4,0.0103,2,0.997573514403393,0.610903594831867,1
"248","27","V8",0.9998,4,4,0.0105,2,0.99799888008505,0.664928227754649,1
"249","27","V9",0.9998,4,4,0.0108,2,0.998320807705043,0.726276578548313,1
"250","27","V10",0.9998,4,4,0.0109,2,0.998396924554881,0.79166088904883,1
"251","27","V11",0.9998,4,4,0.0112,2,0.998440819800835,0.856898681475274,1
"252","27","V12",0.9998,4,4,0.0114,2,0.998570550909292,0.918730530511015,1
"253","27","V13",0.9997,4,2,0.0159,2,0.999825158687838,0.975770951162529,1
"254","27","V14",0.9997,4,2,0.016,2,0.999838430144496,1.02860449955304,1
"255","27","V15",0.9998,4,2,0.0165,2,0.999865175106188,1.07919606908166,1
"256","27","V16",0.9998,4,2,0.0167,2,0.999876560855247,1.12981842723763,1
"257","27","V17",0.9998,4,2,0.0169,2,0.999884136451077,1.18229388647108,1
"258","27","V18",0.9998,4,2,0.017,2,0.999901848189809,1.23787757716959,1
"259","27","V19",0.9998,4,2,0.0171,2,0.999914280992363,1.29733455814458,1
"260","27","V20",0.9998,4,2,0.0172,2,0.999922245357595,1.360768125305,1
"261","28","V1",0.9998,4,4,0.0059,2,0.500000076493016,0.466670883956143,1
"262","28","V2",0.9999,4,4,0.005,2,0.993482444053764,0.473582973504831,1
"263","28","V3",0.9999,4,4,0.0057,2,0.997642427259067,0.486339200801422,1
"264","28","V4",0.9997,4,4,0.0084,2,0.997342003807338,0.5035613715922,1
"265","28","V5",0.9997,4,4,0.0104,2,0.996717942649231,0.527531440698028,1
"266","28","V6",0.9997,4,4,0.0109,2,0.996833086006187,0.560177491594064,1
"267","28","V7",0.9997,4,4,0.0113,2,0.997343299225034,0.602383801804481,1
"268","28","V8",0.9997,4,4,0.0119,2,0.997963925349496,0.65422176420616,1
"269","28","V9",0.9997,4,4,0.0126,2,0.99851344161821,0.714359261177966,1
"270","28","V10",0.9997,4,4,0.0129,2,0.998606914041537,0.779618420683801,1
"271","28","V11",0.9997,4,2,0.0159,2,0.999783086998809,0.84603820594978,1
"272","28","V12",0.9997,4,2,0.016,2,0.999829199139965,0.910417714325386,1
"273","28","V13",0.9997,4,2,0.016,2,0.999862565264875,0.970892272573191,1
"274","28","V14",0.9998,4,2,0.016,2,0.999888428406609,1.02691883682101,1
"275","28","V15",0.9998,4,2,0.0161,2,0.999901848189809,1.07933498608313,1
"276","28","V16",0.9998,4,2,0.0163,2,0.999913181516452,1.13011004224771,1
"277","28","V17",0.9998,4,2,0.0168,2,0.999925270899392,1.1815409922694,1
"278","28","V18",0.9998,4,2,0.017,2,0.999932540094282,1.23554107854249,1
"279","28","V19",0.9998,4,2,0.0169,2,0.999942781858259,1.29336565608019,1
"280","28","V20",0.9999,4,2,0.0166,2,0.999951603987291,1.35544112027242,1
"281","29","V1",0.9998,4,4,0.0058,2,0.500000076493016,0.458378558784281,1
"282","29","V2",0.9999,4,4,0.0049,2,0.993596609038532,0.47002273876878,1
"283","29","V3",0.9999,4,4,0.0053,2,0.997674236436885,0.488597702192596,1
"284","29","V4",0.9999,4,4,0.0059,2,0.997805109632027,0.508910914976777,1
"285","29","V5",0.9998,4,4,0.0084,2,0.99766397061031,0.531773354435765,1
"286","29","V6",0.9997,4,4,0.0105,2,0.997461229299011,0.560749075949483,1
"287","29","V7",0.9997,4,4,0.011,2,0.997686297691723,0.598927006657291,1
"288","29","V8",0.9997,4,4,0.0121,2,0.998276657092675,0.647453291383961,1
"289","29","V9",0.9996,4,2,0.0139,2,0.999694225922213,0.705211724703514,1
"290","29","V10",0.9996,4,2,0.0153,2,0.999754930199611,0.769059513251715,1
"291","29","V11",0.9996,4,2,0.016,2,0.999788594037316,0.835161943080556,1
"292","29","V12",0.9997,4,2,0.016,2,0.999824473786786,0.900501948516776,1
"293","29","V13",0.9997,4,2,0.016,2,0.999866699241424,0.963246175186313,1
"294","29","V14",0.9998,4,2,0.0159,2,0.999892200467779,1.02240462379565,1
"295","29","V15",0.9998,4,2,0.0158,2,0.999911419319318,1.07777941256958,1
"296","29","V16",0.9998,4,2,0.0159,2,0.99992207647851,1.13028565115665,1
"297","29","V17",0.9998,4,2,0.016,2,0.999931610232303,1.18189898012485,1
"298","29","V18",0.9998,4,2,0.0165,2,0.999941951352013,1.23493219520682,1
"299","29","V19",0.9998,4,2,0.0163,2,0.999950824524717,1.29123931059475,1
"300","29","V20",0.9999,4,2,0.0162,2,0.999955494718322,1.3517198060908,1
"301","30","V1",0.9998,4,4,0.0057,2,0.499999826518018,0.453197374975547,1
"302","30","V2",0.9999,4,4,0.0049,2,0.99319812015173,0.46513651014848,1
"303","30","V3",0.9998,4,4,0.0062,2,0.997464380884507,0.487537664754696,1
"304","30","V4",0.9998,4,4,0.0064,2,0.997711572992877,0.513013594043008,1
"305","30","V5",0.9998,4,4,0.0068,2,0.997649672327837,0.53893029225514,1
"306","30","V6",0.9998,4,4,0.0086,2,0.997841750096628,0.567246964306192,1
"307","30","V7",0.9997,4,4,0.0103,2,0.998023607702278,0.602198178738667,1
"308","30","V8",0.9998,4,4,0.0108,2,0.998334605135985,0.646859504451917,1
"309","30","V9",0.9997,4,3,0.0137,2,0.999144873913111,0.701243387284398,1
"310","30","V10",0.9996,4,2,0.0149,2,0.999766847479107,0.7625679021286,1
"311","30","V11",0.9997,4,2,0.0157,2,0.999756803943937,0.827104947005541,1
"312","30","V12",0.9997,4,2,0.0157,2,0.999769351136596,0.891956761802678,1
"313","30","V13",0.9997,4,2,0.0159,2,0.999821820199837,0.955440176109814,1
"314","30","V14",0.9998,4,2,0.0159,2,0.999860852078972,1.01658052560817,1
"315","30","V15",0.9998,4,2,0.0159,2,0.99988321072795,1.07476564442096,1
"316","30","V16",0.9998,4,2,0.016,2,0.999904437071644,1.12995610624457,1
"317","30","V17",0.9998,4,2,0.016,2,0.999916374499691,1.18313956950235,1
"318","30","V18",0.9998,4,2,0.0162,2,0.99992666627731,1.2362990313234,1
"319","30","V19",0.9998,4,2,0.0162,2,0.999943262308663,1.291632548569,1
"320","30","V20",0.9999,4,2,0.0162,2,0.999946182536761,1.3505980045312,1
"321","31","V1",0.9997,5,5,0.0083,3,0.500000076493016,0.455319765754959,1
"322","31","V2",0.9998,5,5,0.0061,3,0.992256618404461,0.464726399836058,1
"323","31","V3",0.9998,5,5,0.0069,3,0.996399505071303,0.487218022261936,1
"324","31","V4",0.9997,5,4,0.0086,2,0.99727611719121,0.515879721558672,1
"325","31","V5",0.9998,5,4,0.0087,2,0.997422374587344,0.546249901978845,1
"326","31","V6",0.9998,5,4,0.0091,2,0.997681814344117,0.577287922500965,1
"327","31","V7",0.9997,5,4,0.0105,2,0.998213920084185,0.611654298900852,1
"328","31","V8",0.9997,5,4,0.0115,2,0.998434287990594,0.653277441557166,1
"329","31","V9",0.9997,5,4,0.0124,3,0.99880796671542,0.703889848610566,1
"330","31","V10",0.9997,5,2,0.0145,2,0.999767296567422,0.761830356565097,1
"331","31","V11",0.9997,5,2,0.0153,2,0.999758118916062,0.823782180564149,1
"332","31","V12",0.9997,5,2,0.0158,2,0.999791108617396,0.886970381603032,1
"333","31","V13",0.9997,5,2,0.0161,2,0.999847538089734,0.949818980202555,1
"334","31","V14",0.9997,5,2,0.0163,2,0.999882756330286,1.01148565610803,1
"335","31","V15",0.9998,5,2,0.0162,2,0.999911932803097,1.07136827984064,1
"336","31","V16",0.9998,5,2,0.0161,2,0.999930102542153,1.12904319269117,1
"337","31","V17",0.9998,5,2,0.0162,2,0.999942870632815,1.1846137456849,1
"338","31","V18",0.9998,5,2,0.0161,2,0.999947977099158,1.23913689966766,1
"339","31","V19",0.9998,5,2,0.0163,2,0.99995046919293,1.29448452434187,1
"340","31","V20",0.9998,5,2,0.0167,2,0.99995195306832,1.35242530494568,1
"341","32","V1",0.9996,5,5,0.0086,3,0.499999826518018,0.462158225518888,1
"342","32","V2",0.9998,5,5,0.0064,3,0.991599837122091,0.469394598488092,1
"343","32","V3",0.9998,5,5,0.007,3,0.997168798947327,0.490089943663635,1
"344","32","V4",0.9997,5,3,0.0084,2,0.997558845141592,0.519098340885594,1
"345","32","V5",0.9997,5,3,0.0096,2,0.997292935920573,0.552353941562405,1
"346","32","V6",0.9996,5,4,0.0111,2,0.997573066883603,0.587305784211304,1
"347","32","V7",0.9996,5,3,0.012,2,0.998341394060048,0.624031226296858,1
"348","32","V8",0.9997,5,3,0.0124,2,0.998782364600021,0.665042127753078,1
"349","32","V9",0.9996,5,2,0.0139,2,0.999728227658839,0.712793205240324,1
"350","32","V10",0.9996,5,2,0.0147,2,0.999794653094152,0.767166954625826,1
"351","32","V11",0.9997,5,2,0.0145,2,0.999779120783063,0.825879127688865,1
"352","32","V12",0.9997,5,2,0.015,2,0.999784639717201,0.886544861717695,1
"353","32","V13",0.9998,5,2,0.0151,2,0.999795607285457,0.947713706636329,1
"354","32","V14",0.9998,5,2,0.0155,2,0.999862493970422,1.00865429737696,1
"355","32","V15",0.9998,5,2,0.0157,2,0.999887791420358,1.06889363867464,1
"356","32","V16",0.9998,5,2,0.0157,2,0.999921469371645,1.12801736561549,1
"357","32","V17",0.9998,5,2,0.0158,2,0.999938618884336,1.18577047760769,1
"358","32","V18",0.9998,5,2,0.0158,2,0.999948606931881,1.2423888620975,1
"359","32","V19",0.9999,5,2,0.0157,2,0.999951101478566,1.29888235553354,1
"360","32","V20",0.9999,5,2,0.0158,2,0.999955179586673,1.35671455869989,1
"361","33","V1",0.9997,5,5,0.0085,3,0.499999826518018,0.467505902010012,1
"362","33","V2",0.9998,5,5,0.0063,3,0.992681297176002,0.474943890169772,1
"363","33","V3",0.9997,5,5,0.008,3,0.997831280310584,0.494508930361679,1
"364","33","V4",0.9997,5,3,0.0087,2,0.998343472118478,0.522710941129691,1
"365","33","V5",0.9997,5,3,0.0098,2,0.998402629570838,0.556851100741724,1
"366","33","V6",0.9997,5,3,0.011,2,0.998191876021572,0.59467434895112,1
"367","33","V7",0.9996,5,3,0.0121,2,0.998542014841971,0.634980678291943,1
"368","33","V8",0.9996,5,2,0.0133,2,0.999767139276107,0.67809852809922,1
"369","33","V9",0.9997,5,2,0.0135,2,0.999816634005343,0.725312378025595,1
"370","33","V10",0.9997,5,2,0.0139,2,0.999834307217262,0.777163944378432,1
"371","33","V11",0.9997,5,2,0.0137,2,0.999823272570836,0.832701822471376,1
"372","33","V12",0.9998,5,2,0.0137,2,0.999823382895365,0.890430830625021,1
"373","33","V13",0.9998,5,2,0.0139,2,0.99983776105363,0.949258249678513,1
"374","33","V14",0.9998,5,2,0.0139,2,0.999853177482849,1.00859483535837,1
"375","33","V15",0.9998,5,2,0.0141,2,0.999871571250325,1.06809447651253,1
"376","33","V16",0.9998,5,2,0.0144,2,0.99988420540554,1.12747338189965,1
"377","33","V17",0.9998,5,2,0.0147,2,0.999935022759852,1.1864848968142,1
"378","33","V18",0.9999,5,2,0.0149,2,0.999948638503552,1.24502955395033,1
"379","33","V19",0.9999,5,2,0.0148,2,0.999955158765114,1.30335843445276,1
"380","33","V20",0.9999,5,2,0.0147,2,0.999956689123635,1.36214641400188,1
"381","34","V1",0.9997,5,5,0.008,3,0.499999826518018,0.466441344667824,1
"382","34","V2",0.9999,5,5,0.0052,3,0.994715221133144,0.476196038836697,1
"383","34","V3",0.9998,5,4,0.0076,2,0.998354985697056,0.496466315336029,1
"384","34","V4",0.9997,5,3,0.0091,2,0.998779002935342,0.524499144807011,1
"385","34","V5",0.9996,5,3,0.0105,2,0.999087231311592,0.558786518078733,1
"386","34","V6",0.9996,5,3,0.0114,2,0.999273097064565,0.598083185474886,1
"387","34","V7",0.9996,5,3,0.0122,2,0.999214721670327,0.641369871517113,1
"388","34","V8",0.9997,5,3,0.0124,2,0.999390873135845,0.687886571291977,1
"389","34","V9",0.9997,5,2,0.012,2,0.999853181182986,0.73712230466058,1
"390","34","V10",0.9997,5,2,0.0124,2,0.999870034148276,0.788695704609617,1
"391","34","V11",0.9998,5,2,0.0126,2,0.999869303366059,0.842216569376413,1
"392","34","V12",0.9998,5,2,0.0126,2,0.999866841639497,0.897286600000303,1
"393","34","V13",0.9998,5,2,0.0127,2,0.999878529075357,0.953572669054501,1
"394","34","V14",0.9998,5,2,0.0127,2,0.99989436504967,1.01083026197613,1
"395","34","V15",0.9999,5,2,0.0127,2,0.999906093824888,1.06887961113733,1
"396","34","V16",0.9999,5,2,0.0129,2,0.999915068197697,1.12757914790682,1
"397","34","V17",0.9999,5,2,0.0132,2,0.999936700892347,1.18681213676157,1
"398","34","V18",0.9999,5,2,0.0133,2,0.999952142436622,1.24648550479681,1
"399","34","V19",0.9999,5,2,0.0134,2,0.999959450844793,1.3065390442917,1
"400","34","V20",0.9999,5,2,0.0134,2,0.999962738734143,1.36695694706039,1
"401","35","V1",0.9997,5,5,0.0077,3,0.500000076493016,0.459930851396818,1
"402","35","V2",0.9999,5,5,0.0052,3,0.995346628090773,0.471475088447689,1
"403","35","V3",0.9999,5,4,0.0048,2,0.998578838006042,0.493323387312386,1
"404","35","V4",0.9998,5,4,0.0077,2,0.998936550451544,0.522177287713833,1
"405","35","V5",0.9997,5,4,0.0092,3,0.999152101964567,0.556875328154295,1
"406","35","V6",0.9998,5,3,0.0092,2,0.999239558374227,0.596963542781668,1
"407","35","V7",0.9998,5,3,0.0099,2,0.999471200133309,0.642127012843335,1
"408","35","V8",0.9998,5,3,0.0105,2,0.999538521461946,0.691681941821772,1
"409","35","V9",0.9998,5,3,0.0109,2,0.999609719902102,0.744200563517381,1
"410","35","V10",0.9998,5,3,0.0114,2,0.999632834824906,0.797841768730573,1
"411","35","V11",0.9998,5,2,0.0114,2,0.999903025220391,0.851450049364837,1
"412","35","V12",0.9998,5,2,0.0115,2,0.999902421987099,0.905047763682841,1
"413","35","V13",0.9999,5,2,0.0116,2,0.999909952856211,0.959196282365767,1
"414","35","V14",0.9999,5,2,0.0117,2,0.999923138892794,1.01431975300596,1
"415","35","V15",0.9999,5,2,0.0116,2,0.999932932912719,1.07058062298179,1
"416","35","V16",0.9999,5,2,0.0116,2,0.999939217069295,1.12802229989195,1
"417","35","V17",0.9999,5,2,0.0118,2,0.999953624644523,1.18667856359167,1
"418","35","V18",0.9999,5,2,0.0118,2,0.999961140541709,1.24658241275232,1
"419","35","V19",0.9999,5,2,0.0117,2,0.999966987087272,1.30767964896579,1
"420","35","V20",0.9999,5,2,0.0117,2,0.99997021424656,1.36967339426886,1
"421","36","V1",0.9997,5,5,0.0075,3,0.499999826518018,0.455578200730409,1
"422","36","V2",0.9999,5,5,0.0054,3,0.995443762679805,0.465192972843581,1
"423","36","V3",0.9999,5,5,0.0049,3,0.998535711509138,0.486837073986237,1
"424","36","V4",0.9999,5,4,0.006,2,0.999016171213883,0.516131900307821,1
"425","36","V5",0.9999,5,4,0.0068,2,0.999015521666614,0.551250910728382,1
"426","36","V6",0.9998,5,4,0.0078,2,0.999196444198156,0.591804195637049,1
"427","36","V7",0.9998,5,3,0.0082,2,0.999332733209437,0.637950356138595,1
"428","36","V8",0.9998,5,3,0.0093,2,0.999646888784663,0.689464928575145,1
"429","36","V9",0.9998,5,3,0.0097,2,0.999709042094562,0.74492140919114,1
"430","36","V10",0.9998,5,3,0.0101,2,0.999715762938495,0.801709691465948,1
"431","36","V11",0.9998,5,3,0.0107,2,0.999699419971441,0.857448629662854,1
"432","36","V12",0.9999,5,2,0.0107,2,0.999921490458422,0.911459692730517,1
"433","36","V13",0.9999,5,2,0.0108,2,0.999929188377191,0.964591967842612,1
"434","36","V14",0.9999,5,2,0.0109,2,0.999938700406252,1.01801431804802,1
"435","36","V15",0.9999,5,2,0.011,2,0.999946243321066,1.07249240799409,1
"436","36","V16",0.9999,5,2,0.0109,2,0.99995651226019,1.12840665543018,1
"437","36","V17",0.9999,5,2,0.0107,2,0.999965748682995,1.18598447083641,1
"438","36","V18",0.9999,5,2,0.0107,2,0.99997011259874,1.24541107448509,1
"439","36","V19",0.9999,5,2,0.0107,2,0.999973123794993,1.30675408640903,1
"440","36","V20",0.9999,5,2,0.0105,2,0.99997544876441,1.36972802666474,1
"441","37","V1",0.9998,5,5,0.006,3,0.500000076493016,0.459152799592493,1
"442","37","V2",0.9999,5,5,0.0055,3,0.99558536417357,0.464196345369737,1
"443","37","V3",0.9998,5,5,0.0063,3,0.99845198420312,0.482296491636379,1
"444","37","V4",0.9998,5,4,0.0068,2,0.998706579819207,0.509764995189879,1
"445","37","V5",0.9998,5,4,0.0073,2,0.998948589620989,0.544135309523535,1
"446","37","V6",0.9999,5,4,0.0072,2,0.99898430521222,0.584431713145017,1
"447","37","V7",0.9999,5,4,0.0079,2,0.999195828154237,0.630729019304709,1
"448","37","V8",0.9999,5,4,0.0083,2,0.999380007895763,0.68306329731257,1
"449","37","V9",0.9999,5,4,0.0085,2,0.999530063419488,0.740299805163042,1
"450","37","V10",0.9999,5,3,0.0089,2,0.999631396191052,0.79979001120923,1
"451","37","V11",0.9999,5,3,0.01,2,0.999736296367351,0.858488177407147,1
"452","37","V12",0.9999,5,3,0.0102,2,0.999724708956315,0.914629964892501,1
"453","37","V13",0.9999,5,2,0.0103,2,0.9999495477767,0.968386794435127,1
"454","37","V14",0.9999,5,2,0.0104,2,0.99995564633388,1.02111409384113,1
"455","37","V15",0.9999,5,2,0.0105,2,0.999961468452599,1.07421064473029,1
"456","37","V16",0.9999,5,2,0.0104,2,0.999967060838742,1.12860563522787,1
"457","37","V17",0.9999,5,2,0.0103,2,0.999971526416345,1.1848527167644,1
"458","37","V18",0.9999,5,2,0.0102,2,0.999974680218369,1.24333217083755,1
"459","37","V19",0.9999,5,2,0.0102,2,0.999976590868958,1.30426323874228,1
"460","37","V20",0.9999,5,2,0.0101,2,0.999978538808722,1.36748216756394,1
"461","38","V1",0.9998,5,5,0.0069,3,0.500000076493016,0.46577016213173,1
"462","38","V2",0.9999,5,5,0.0046,3,0.996065209165446,0.46916532010718,1
"463","38","V3",0.9999,5,5,0.0058,3,0.998521266037412,0.48318955263401,1
"464","38","V4",0.9998,5,4,0.0068,2,0.998591688771512,0.506709639540197,1
"465","38","V5",0.9998,5,4,0.0076,2,0.998874174636351,0.538417743554068,1
"466","38","V6",0.9998,5,4,0.0076,2,0.998969022678719,0.577165991307697,1
"467","38","V7",0.9999,5,4,0.0075,2,0.999109760969684,0.622634702953031,1
"468","38","V8",0.9999,5,4,0.0077,2,0.999283426978683,0.674754065839801,1
"469","38","V9",0.9999,5,4,0.0078,2,0.99941994754885,0.732545161407121,1
"470","38","V10",0.9999,5,4,0.0079,2,0.999492655737842,0.793561120088655,1
"471","38","V11",0.9999,5,4,0.0082,2,0.999556015280825,0.854699537429261,1
"472","38","V12",0.9999,5,3,0.0088,2,0.999633830060548,0.913596448118927,1
"473","38","V13",0.9999,5,2,0.0102,2,0.999951231393637,0.969429367409124,1
"474","38","V14",0.9999,5,2,0.0101,2,0.999955212350198,1.02289546642947,1
"475","38","V15",0.9999,5,2,0.0103,2,0.999960211166454,1.07550811146063,1
"476","38","V16",0.9999,5,2,0.0105,2,0.999964936801235,1.1287423297662,1
"477","38","V17",0.9999,5,2,0.0104,2,0.999970084569349,1.183652846586,1
"478","38","V18",0.9999,5,2,0.0103,2,0.999974205964974,1.24093301606241,1
"479","38","V19",0.9999,5,2,0.0103,2,0.999976607345474,1.30099669283405,1
"480","38","V20",0.9999,5,2,0.0101,2,0.999978420529309,1.36383408744168,1
"481","39","V1",0.9999,5,5,0.0052,3,0.500000076493016,0.466971433335021,1
"482","39","V2",0.9999,5,5,0.0039,3,0.996233000475743,0.473613219371934,1
"483","39","V3",0.9999,5,5,0.0041,3,0.998731428863048,0.487423286715086,1
"484","39","V4",0.9999,5,5,0.0052,2,0.99869757466106,0.50794512372758,1
"485","39","V5",0.9999,5,5,0.0061,2,0.998572704840873,0.53606993897261,1
"486","39","V6",0.9998,5,4,0.0078,2,0.998896014378631,0.571993952466765,1
"487","39","V7",0.9998,5,4,0.008,2,0.999063674626892,0.615570868556847,1
"488","39","V8",0.9999,5,4,0.0083,2,0.999269467752531,0.666542518874142,1
"489","39","V9",0.9999,5,4,0.0085,2,0.999381314007232,0.723871983337117,1
"490","39","V10",0.9999,5,4,0.0085,2,0.999440413817011,0.785236657501149,1
"491","39","V11",0.9999,5,4,0.0087,2,0.999509790140389,0.847691603417255,1
"492","39","V12",0.9999,5,3,0.0099,2,0.999730552789505,0.908804820740238,1
"493","39","V13",0.9999,5,2,0.01,2,0.999951425535626,0.9672013346758,1
"494","39","V14",0.9999,5,2,0.01,2,0.999958002797266,1.02266097716048,1
"495","39","V15",0.9999,5,2,0.01,2,0.999961559376528,1.07606398369468,1
"496","39","V16",0.9999,5,2,0.0103,2,0.999966122966911,1.12894856739638,1
"497","39","V17",0.9999,5,2,0.0105,2,0.999969753240088,1.18284518690507,1
"498","39","V18",0.9999,5,2,0.0105,2,0.99997356105004,1.23890729616861,1
"499","39","V19",0.9999,5,2,0.0104,2,0.999976571516131,1.29785029745921,1
"500","39","V20",0.9999,5,2,0.0104,2,0.999978163347681,1.35986154598977,1
"501","40","V1",0.9999,5,5,0.0056,3,0.499999826518018,0.462077437500406,1
"502","40","V2",0.9999,5,5,0.0038,3,0.996376047777122,0.472924315930875,1
"503","40","V3",1,5,4,0.0035,2,0.998892312828284,0.490369354966151,1
"504","40","V4",0.9999,5,4,0.005,2,0.999121676634652,0.511598578718295,1
"505","40","V5",0.9999,5,1,0.0061,1,0.998953343629215,0.537651638189675,1
"506","40","V6",0.9999,5,5,0.0066,2,0.99885795492016,0.570503720505763,1
"507","40","V7",0.9999,5,1,0.0073,1,0.999059716721428,0.611347460815256,1
"508","40","V8",0.9999,5,3,0.0077,2,0.999317402905508,0.660304337487696,1
"509","40","V9",0.9999,5,3,0.0086,2,0.999452875274077,0.716314249217713,1
"510","40","V10",0.9999,5,3,0.0095,2,0.999561517489636,0.777059112131268,1
"511","40","V11",0.9999,5,2,0.0101,2,0.99992179971898,0.839711159761948,1
"512","40","V12",0.9999,5,2,0.0101,2,0.999946189361416,0.901966511989722,1
"513","40","V13",0.9999,5,2,0.01,2,0.999946715581138,0.962374630681941,1
"514","40","V14",0.9999,5,2,0.0098,2,0.999963348094852,1.02020487528139,1
"515","40","V15",0.9999,5,2,0.0098,2,0.99996736327379,1.07548953490706,1
"516","40","V16",0.9999,5,2,0.0099,2,0.9999702117925,1.1291615515172,1
"517","40","V17",0.9999,5,2,0.0101,2,0.999973314377501,1.18277653112523,1
"518","40","V18",0.9999,5,2,0.0103,2,0.999975267415337,1.23790668932635,1
"519","40","V19",0.9999,5,2,0.0103,2,0.999977397313337,1.29569403426858,1
"520","40","V20",0.9999,5,2,0.0102,2,0.999979311260186,1.35662083927805,1
"521","15","V1",-0.0862,2,-Inf,1.0881,0,0.500000076493016,1.02490923153272,2
"522","15","V2",-0.7043,2,1,1.3745,1,0.572966428684365,1.02530622629269,2
"523","15","V3",-0.8268,2,1,1.4308,1,0.598416939491859,1.03276461016972,2
"524","15","V4",-0.7522,2,1,1.4135,1,0.674818457648254,1.04240405974467,2
"525","15","V5",-0.5201,2,1,1.3351,1,0.762505682675284,1.06205516816874,2
"526","15","V6",-0.2947,2,1,1.2555,1,0.82367373107935,1.10102349618481,2
"527","15","V7",-0.1573,2,1,1.213,1,0.861245674690514,1.16031500266239,2
"528","15","V8",-0.1466,2,1,1.2344,1,0.843425124073114,1.22651230949949,2
"529","15","V9",-0.1795,2,2,1.2779,2,0.854337347313395,1.28272586133365,2
"530","15","V10",-0.0767,2,2,1.2444,2,0.863889198022648,1.32040852436337,2
"531","15","V11",0.0643,2,2,1.1861,2,0.879851626081585,1.34175100921652,2
"532","15","V12",0.1669,2,2,1.1521,2,0.895699690098972,1.35604220608499,2
"533","15","V13",0.2105,2,2,1.1602,2,0.910859934306314,1.37147953001007,2
"534","15","V14",0.1428,2,2,1.2523,2,0.901105996089866,1.39172839593424,2
"535","15","V15",0.1836,2,2,1.2655,2,0.915289561698429,1.41831887906309,2
"536","15","V16",0.2471,2,2,1.2578,2,0.928591705949183,1.45321322860519,2
"537","15","V17",0.3284,2,2,1.2286,2,0.941485642092521,1.49931468952157,2
"538","15","V18",0.387,2,2,1.2126,2,0.947963815196492,1.55874190186401,2
"539","15","V19",0.4168,2,2,1.2203,2,0.955408444358028,1.62879552421035,2
"540","15","V20",0.422,2,2,1.2513,2,0.94586497758745,1.70090257739953,2
"541","16","V1",0.1652,2,1,0.9187,1,0.499999826518018,1.01580425323464,2
"542","16","V2",-0.1127,2,1,1.0901,1,0.771115543721929,1.00254198609697,2
"543","16","V3",-0.3188,2,2,1.2105,2,0.784051396828012,1.00698310714978,2
"544","16","V4",-0.3257,2,2,1.232,2,0.878433854469603,1.01779304674946,2
"545","16","V5",-0.1084,2,2,1.1444,2,0.915564356136315,1.03874084695494,2
"546","16","V6",0.1151,2,2,1.0421,2,0.935827611148247,1.07809416807348,2
"547","16","V7",0.2704,2,2,0.9674,2,0.950197871803978,1.13772318955451,2
"548","16","V8",0.3068,2,2,0.9659,2,0.945170919054148,1.20637291449465,2
"549","16","V9",0.034,2,2,1.1679,2,0.958874077734559,1.26963968907939,2
"550","16","V10",0.285,2,2,1.0275,2,0.927367106469862,1.3195511577318,2
"551","16","V11",0.3726,2,2,0.9827,2,0.933933832163135,1.35342961528896,2
"552","16","V12",0.3225,2,2,1.0454,2,0.970302811976264,1.37370576982589,2
"553","16","V13",0.3772,2,2,1.0323,2,0.970431454433255,1.3880043225085,2
"554","16","V14",0.3746,2,2,1.0699,2,0.968029057141907,1.40375652408044,2
"555","16","V15",0.3893,2,2,1.0948,2,0.973559569192756,1.4252217470149,2
"556","16","V16",0.4246,2,2,1.1002,2,0.973988009097427,1.45521098459748,2
"557","16","V17",0.4786,2,2,1.0836,2,0.97510949780563,1.49684995958091,2
"558","16","V18",0.5242,2,2,1.07,2,0.977023922807336,1.55262234577576,2
"559","16","V19",0.5496,2,2,1.0751,2,0.976941233592694,1.62066474889387,2
"560","16","V20",0.5731,2,2,1.0793,2,0.972615482835399,1.69364833991009,2
"561","17","V1",-0.9315,3,-Inf,1.3623,0,0.500000076493016,1.0580210492235,2
"562","17","V2",0.2036,3,1,0.8925,1,0.773486911739604,1.02132334847675,2
"563","17","V3",0.0984,3,1,0.9788,1,0.94736944870035,1.00639408290787,2
"564","17","V4",0.0716,3,3,1.0201,2,0.920847682465242,1.00681486792357,2
"565","17","V5",0.2339,3,3,0.9476,2,0.914226005023034,1.02249453284884,2
"566","17","V6",0.3927,3,3,0.8623,2,0.917720577472696,1.05821278596116,2
"567","17","V7",0.5087,3,3,0.794,2,0.927077595072322,1.11479990266684,2
"568","17","V8",0.5502,3,2,0.7793,2,0.984142466411633,1.18174703839909,2
"569","17","V9",0.5566,3,2,0.7944,2,0.976970747266151,1.24623579015888,2
"570","17","V10",0.514,3,3,0.8536,3,0.98191380888894,1.3020466623933,2
"571","17","V11",0.5756,3,3,0.8171,3,0.985323713046894,1.34679441456698,2
"572","17","V12",0.6072,3,3,0.8039,3,0.984039744629722,1.3785451959956,2
"573","17","V13",0.6209,3,3,0.8095,3,0.985726358762705,1.39869159017435,2
"574","17","V14",0.7311,3,2,0.7024,2,0.990479753041499,1.41385980486345,2
"575","17","V15",0.7124,3,2,0.7512,2,0.984678345227913,1.43145422925656,2
"576","17","V16",0.7281,3,2,0.7562,2,0.986586259233111,1.4567024665435,2
"577","17","V17",0.7095,3,3,0.8089,3,0.982219448204767,1.49355886097929,2
"578","17","V18",0.734,3,3,0.8007,3,0.98022565681095,1.54483319265782,2
"579","17","V19",0.7548,3,3,0.7942,3,0.980114803027035,1.60923271485235,2
"580","17","V20",0.7652,3,3,0.8022,3,0.984943817536449,1.68037870697983,2
"581","18","V1",-0.595,3,1,1.2734,1,0.500000076493016,1.09889399294161,2
"582","18","V2",0.2137,3,1,0.8864,1,0.773197888362152,1.06464198717117,2
"583","18","V3",0.7664,3,3,0.4903,2,0.956161468892035,1.0345552973963,2
"584","18","V4",0.6575,3,2,0.6109,2,0.985775669569774,1.01740633037353,2
"585","18","V5",0.6017,3,3,0.6781,3,0.979903551241254,1.02038494563395,2
"586","18","V6",0.7328,3,3,0.5701,2,0.92471248071309,1.04736754995596,2
"587","18","V7",0.7578,3,3,0.5569,3,0.97921064370689,1.09733786610211,2
"588","18","V8",0.8203,3,2,0.4926,2,0.988750652573292,1.1593853324589,2
"589","18","V9",0.7888,3,3,0.549,3,0.987146260372056,1.22116005605574,2
"590","18","V10",0.88,3,2,0.4256,2,0.984363268757392,1.27741930944152,2
"591","18","V11",0.8769,3,2,0.4431,2,0.979525057495272,1.32712754066146,2
"592","18","V12",0.8836,3,3,0.4419,3,0.983820963313453,1.36856908570617,2
"593","18","V13",0.8937,3,3,0.4324,3,0.985857628599773,1.3992019744111,2
"594","18","V14",0.8715,3,2,0.4877,2,0.990366382684439,1.41992597974638,2
"595","18","V15",0.8805,3,3,0.4846,3,0.984239458796434,1.43716853373386,2
"596","18","V16",0.867,3,3,0.5286,3,0.981580093128596,1.45881308644906,2
"597","18","V17",0.8795,3,3,0.5206,3,0.983716553725878,1.49099203320308,2
"598","18","V18",0.8924,3,3,0.509,3,0.984911836085013,1.53739993716831,2
"599","18","V19",0.8664,3,3,0.5864,3,0.99048554181823,1.59729894096836,2
"600","18","V20",0.8752,3,3,0.5852,3,0.990843149345172,1.66503194141911,2
"601","19","V1",-0.6951,3,1,1.3557,1,0.500000076493016,1.09670473141383,2
"602","19","V2",0.9434,3,3,0.2449,2,0.854467698860137,1.0864726023559,2
"603","19","V3",0.9211,3,3,0.2874,2,0.952885922396569,1.06523813819715,2
"604","19","V4",0.888,3,3,0.3469,3,0.987663058266349,1.040082624051,2
"605","19","V5",0.8678,3,3,0.3871,3,0.979389955346763,1.02929539373023,2
"606","19","V6",0.89,3,3,0.3637,3,0.987642771515116,1.04433823023879,2
"607","19","V7",0.9201,3,3,0.319,3,0.984987341055487,1.08527789155166,2
"608","19","V8",0.9364,3,3,0.2925,3,0.988456150174656,1.14065404943551,2
"609","19","V9",0.9456,3,3,0.2784,3,0.98922717109974,1.19779450651444,2
"610","19","V10",0.9526,3,3,0.2677,3,0.986983278291831,1.25155847330537,2
"611","19","V11",0.9587,3,3,0.2572,3,0.987878727919605,1.3016719220108,2
"612","19","V12",0.9643,3,3,0.246,3,0.990260370513139,1.34767311395706,2
"613","19","V13",0.9459,3,3,0.3108,3,0.994988732878553,1.38724826548184,2
"614","19","V14",0.9506,3,3,0.3046,3,0.995660996318207,1.41772849315668,2
"615","19","V15",0.945,3,3,0.3296,3,0.995577965191383,1.44025380698371,2
"616","19","V16",0.9691,3,3,0.2547,3,0.992078250489151,1.46163170249238,2
"617","19","V17",0.9397,3,3,0.3677,3,0.994663096200597,1.49029615382975,2
"618","19","V18",0.9461,3,3,0.3597,3,0.995052776334374,1.53200803354487,2
"619","19","V19",0.9514,3,3,0.3533,3,0.995484444562528,1.58709791123132,2
"620","19","V20",0.9554,3,3,0.3497,3,0.996026081385867,1.65062983112478,2
"621","20","V1",0.7032,3,3,0.5711,2,0.500000076493016,1.06947201807851,2
"622","20","V2",0.9684,3,3,0.1864,2,0.913672708308833,1.07570929401894,2
"623","20","V3",0.9806,3,3,0.1455,2,0.949769342385695,1.07523489187382,2
"624","20","V4",0.9535,3,2,0.2247,2,0.989385577844026,1.06044555404467,2
"625","20","V5",0.9599,3,2,0.2116,2,0.993089089808884,1.04516047044151,2
"626","20","V6",0.9771,3,3,0.1643,3,0.994375442760752,1.0490510386098,2
"627","20","V7",0.9857,3,3,0.1341,3,0.99378001867825,1.07950564808959,2
"628","20","V8",0.9901,3,3,0.115,3,0.993661575287944,1.12703846703127,2
"629","20","V9",0.99,3,2,0.1188,2,0.994365133222302,1.17862784931581,2
"630","20","V10",0.9916,3,3,0.1124,3,0.99413165548288,1.22859819035552,2
"631","20","V11",0.9919,3,3,0.1137,3,0.993487660583926,1.27670737361757,2
"632","20","V12",0.9926,3,3,0.112,3,0.994349244353499,1.32327661581474,2
"633","20","V13",0.9926,3,3,0.1156,3,0.995218138104942,1.36720885097382,2
"634","20","V14",0.9909,3,3,0.1313,3,0.997233498090515,1.40605545903531,2
"635","20","V15",0.9916,3,3,0.1292,3,0.99711625017703,1.43767629132219,2
"636","20","V16",0.9884,3,3,0.1564,3,0.997433073210902,1.46396808521095,2
"637","20","V17",0.9898,3,3,0.151,3,0.997302376940206,1.49225428242431,2
"638","20","V18",0.9889,3,3,0.1631,3,0.997676701175774,1.53039896374811,2
"639","20","V19",0.9901,3,3,0.1592,3,0.997750484018697,1.58084671677612,2
"640","20","V20",0.9906,3,3,0.1602,3,0.997973072056394,1.63986426177672,2
"641","21","V1",0.9347,3,3,0.2648,2,0.500000076493016,1.04618432356615,2
"642","21","V2",0.9836,3,3,0.134,2,0.964639949073175,1.05395994361985,2
"643","21","V3",0.9944,3,3,0.0791,2,0.976185612685603,1.0653991352544,2
"644","21","V4",0.9905,3,2,0.103,2,0.99169457954128,1.06791882408298,2
"645","21","V5",0.9917,3,3,0.0966,3,0.99329169910891,1.06214651131942,2
"646","21","V6",0.9897,3,3,0.1095,3,0.996889641077132,1.06258630832339,2
"647","21","V7",0.99,3,3,0.1107,3,0.997708759147069,1.08338044998901,2
"648","21","V8",0.9937,3,3,0.0907,3,0.997162997625089,1.12191658434546,2
"649","21","V9",0.995,3,2,0.0835,2,0.997289063300143,1.1669658508518,2
"650","21","V10",0.9941,3,2,0.0935,2,0.997839334730518,1.21230847388006,2
"651","21","V11",0.9955,3,2,0.0842,2,0.997416539737932,1.257171624288,2
"652","21","V12",0.9953,3,2,0.089,2,0.99782590618845,1.3020147383587,2
"653","21","V13",0.9957,3,2,0.0876,2,0.998024426990584,1.34655738952163,2
"654","21","V14",0.9958,3,2,0.0889,2,0.998308412205938,1.38949544404482,2
"655","21","V15",0.9949,3,3,0.1009,3,0.998841584789964,1.42885935567609,2
"656","21","V16",0.9948,3,3,0.1051,3,0.998764010854869,1.46348062354376,2
"657","21","V17",0.9943,3,3,0.1126,3,0.998662003145529,1.49610727424348,2
"658","21","V18",0.9946,3,3,0.1127,3,0.99889657577389,1.53356087141875,2
"659","21","V19",0.9953,3,3,0.1092,3,0.998936111788788,1.58037770735354,2
"660","21","V20",0.9958,3,3,0.1064,3,0.998989992785885,1.6349719179937,2
"661","22","V1",0.9791,3,3,0.1472,2,0.500000076493016,1.03960541518681,2
"662","22","V2",0.9917,3,3,0.0938,2,0.986607549009212,1.04093799266119,2
"663","22","V3",0.9976,3,3,0.0517,2,0.991049186475503,1.052482572118,2
"664","22","V4",0.9969,3,2,0.0594,2,0.995108602970046,1.06431972110182,2
"665","22","V5",0.9951,3,2,0.0744,2,0.997028967637345,1.07284624629273,2
"666","22","V6",0.9959,3,2,0.0686,2,0.9981198471565,1.08108075101491,2
"667","22","V7",0.9953,3,2,0.0754,2,0.998717073248523,1.09852983430343,2
"668","22","V8",0.9972,3,2,0.0598,2,0.998463384811132,1.12865906556595,2
"669","22","V9",0.9972,3,2,0.0616,2,0.998165018837787,1.16605491812274,2
"670","22","V10",0.997,3,2,0.0664,2,0.998219330072264,1.20575314324372,2
"671","22","V11",0.9973,3,2,0.0646,2,0.998431824713968,1.2464479534064,2
"672","22","V12",0.9975,3,2,0.0643,2,0.998545277064459,1.28824589990661,2
"673","22","V13",0.9978,3,2,0.0622,2,0.998822409982288,1.33111688622272,2
"674","22","V14",0.998,3,2,0.0609,2,0.998915528411069,1.37455864628236,2
"675","22","V15",0.9982,3,2,0.0599,2,0.999051646667518,1.41763502153283,2
"676","22","V16",0.9983,3,2,0.0597,2,0.999143540328557,1.45926141527475,2
"677","22","V17",0.9981,3,2,0.0656,2,0.999327162105895,1.49928943959874,2
"678","22","V18",0.9981,3,2,0.067,2,0.999232368877055,1.54033351787039,2
"679","22","V19",0.9978,3,2,0.0742,2,0.999535490153943,1.58612521131904,2
"680","22","V20",0.998,3,2,0.0732,2,0.999517917140266,1.63718167129136,2
"681","23","V1",0.9921,4,4,0.0897,2,0.500000076493016,1.04691222519724,2
"682","23","V2",0.9935,4,4,0.0819,3,0.980514468546557,1.04154462920883,2
"683","23","V3",0.9964,4,4,0.0618,3,0.994325314362229,1.04801442762375,2
"684","23","V4",0.998,4,3,0.047,2,0.995496194434315,1.06013268591568,2
"685","23","V5",0.9969,4,2,0.0599,2,0.99839035859546,1.07647291923705,2
"686","23","V6",0.9963,4,2,0.0658,2,0.998844156136232,1.0964620003951,2
"687","23","V7",0.9969,4,2,0.0612,2,0.999083888450167,1.12000007432347,2
"688","23","V8",0.9968,4,2,0.0635,2,0.9993982803951,1.14709896731373,2
"689","23","V9",0.9973,4,2,0.0597,2,0.99917596148409,1.17743562929944,2
"690","23","V10",0.9977,4,2,0.0568,2,0.999051310832871,1.21055695982618,2
"691","23","V11",0.9978,4,2,0.0575,2,0.999157271900817,1.24613827881179,2
"692","23","V12",0.998,4,2,0.0569,2,0.999250637447109,1.28396091614933,2
"693","23","V13",0.9982,4,2,0.0563,2,0.999339393527347,1.32383344526555,2
"694","23","V14",0.9983,4,2,0.0566,2,0.999410220051444,1.36556589928798,2
"695","23","V15",0.9984,4,2,0.0563,2,0.999388883669628,1.40896673857905,2
"696","23","V16",0.9986,4,2,0.0547,2,0.999427476901466,1.4538468508444,2
"697","23","V17",0.9986,4,2,0.0563,2,0.999543905839727,1.5000376468386,2
"698","23","V18",0.9986,4,2,0.0569,2,0.999597480620462,1.54745034015007,2
"699","23","V19",0.9986,4,2,0.0584,2,0.999620687883887,1.59611062424547,2
"700","23","V20",0.9987,4,2,0.0585,2,0.999701364759827,1.64600526062476,2
"701","24","V1",0.9981,4,4,0.0444,2,0.499999826518018,1.05684386063421,2
"702","24","V2",0.9989,4,4,0.0338,2,0.984688502651532,1.04923691324205,2
"703","24","V3",0.9986,4,4,0.0387,3,0.996096675862311,1.05161472292843,2
"704","24","V4",0.9988,4,3,0.0362,2,0.997744409564806,1.0607194067278,2
"705","24","V5",0.9987,4,3,0.0379,2,0.998619624272516,1.07809445140264,2
"706","24","V6",0.9985,4,3,0.0426,3,0.999509818542375,1.10494663325292,2
"707","24","V7",0.9987,4,2,0.0394,2,0.999558404387422,1.13825461065193,2
"708","24","V8",0.9985,4,2,0.0438,2,0.999718243619201,1.17049850032078,2
"709","24","V9",0.9983,4,2,0.0475,2,0.999662079019121,1.19862657796342,2
"710","24","V10",0.9985,4,2,0.045,2,0.999548866094296,1.22598811044853,2
"711","24","V11",0.9987,4,2,0.0449,2,0.99953684542426,1.25584553162887,2
"712","24","V12",0.9987,4,2,0.0456,2,0.999593981776112,1.28894995892116,2
"713","24","V13",0.9988,4,2,0.0456,2,0.999653052657026,1.32500909182972,2
"714","24","V14",0.9989,4,2,0.0451,2,0.999699423523312,1.3638074881941,2
"715","24","V15",0.999,4,2,0.0454,2,0.999714582509667,1.40548129234317,2
"716","24","V16",0.999,4,2,0.0456,2,0.999714599506899,1.45050247327968,2
"717","24","V17",0.9991,4,2,0.0457,2,0.99976602932066,1.49945320508164,2
"718","24","V18",0.9991,4,2,0.046,2,0.999823683005644,1.55215775512172,2
"719","24","V19",0.9992,4,2,0.0461,2,0.999845700361758,1.60625253664008,2
"720","24","V20",0.9991,4,2,0.0489,2,0.99986572889942,1.65855551394242,2
"721","25","V1",0.9981,4,4,0.0456,3,0.500000076493016,1.05679180131346,2
"722","25","V2",0.9996,4,4,0.0208,2,0.991818249599553,1.05277632247975,2
"723","25","V3",0.9994,4,4,0.0255,3,0.997496297371112,1.05524307763164,2
"724","25","V4",0.9991,4,3,0.0314,2,0.99869555255638,1.06275870606801,2
"725","25","V5",0.9989,4,3,0.0354,2,0.99896890125006,1.07906392067499,2
"726","25","V6",0.9988,4,3,0.0379,2,0.999436794938666,1.10776255902327,2
"727","25","V7",0.9988,4,3,0.0384,2,0.999454063326086,1.14736901869474,2
"728","25","V8",0.9991,4,2,0.0347,2,0.999779977867477,1.18828948733382,2
"729","25","V9",0.9988,4,2,0.0404,2,0.999756048187585,1.22146518284217,2
"730","25","V10",0.9988,4,2,0.041,2,0.999697118236605,1.24763041007914,2
"731","25","V11",0.9989,4,2,0.0409,2,0.999715668417764,1.27288208307609,2
"732","25","V12",0.9989,4,2,0.0417,2,0.999781424106953,1.30103404872168,2
"733","25","V13",0.999,4,2,0.042,2,0.999829229055721,1.33280945797908,2
"734","25","V14",0.999,4,2,0.0419,2,0.999852522892296,1.36805164857488,2
"735","25","V15",0.9991,4,2,0.0412,2,0.999872555069597,1.40695112296621,2
"736","25","V16",0.9992,4,2,0.0411,2,0.999890701586844,1.45029278782685,2
"737","25","V17",0.9992,4,2,0.0412,2,0.999900706749158,1.49923096730081,2
"738","25","V18",0.9993,4,2,0.041,2,0.999912491679749,1.55423486784368,2
"739","25","V19",0.9994,4,2,0.0405,2,0.999920986135833,1.61290073959912,2
"740","25","V20",0.9994,4,2,0.0407,2,0.99992596157775,1.67001733585254,2
"741","26","V1",0.9996,4,4,0.0218,2,0.499999826518018,1.04066897535862,2
"742","26","V2",0.9997,4,4,0.0182,2,0.994413518855579,1.04340599396319,2
"743","26","V3",0.9996,4,4,0.0198,2,0.998199365297807,1.05002227238686,2
"744","26","V4",0.9994,4,4,0.0256,3,0.998745877703007,1.05916615071443,2
"745","26","V5",0.9991,4,4,0.0323,3,0.99916380693549,1.07561701726646,2
"746","26","V6",0.9989,4,4,0.0357,3,0.999428977560088,1.10464141699712,2
"747","26","V7",0.9991,4,4,0.0344,3,0.999529780837658,1.14675428934993,2
"748","26","V8",0.9991,4,3,0.0346,2,0.999508656073402,1.19385183950742,2
"749","26","V9",0.9992,4,3,0.0328,3,0.999735447195217,1.23535528064566,2
"750","26","V10",0.9991,4,3,0.0356,3,0.999780991152704,1.26683251613968,2
"751","26","V11",0.9991,4,3,0.0367,3,0.999753424151453,1.2918231811958,2
"752","26","V12",0.9991,4,3,0.0375,3,0.999809304038574,1.31639446780039,2
"753","26","V13",0.9991,4,3,0.0382,3,0.99984329462185,1.34397816921942,2
"754","26","V14",0.9992,4,3,0.0383,3,0.999864616790575,1.37544487198047,2
"755","26","V15",0.9993,4,3,0.0382,3,0.999886240781737,1.41114008300059,2
"756","26","V16",0.9993,4,3,0.0379,3,0.999902058675479,1.45194450191962,2
"757","26","V17",0.9994,4,3,0.0377,3,0.999913483259668,1.49930127388978,2
"758","26","V18",0.9994,4,3,0.0373,3,0.999924804470732,1.55419651689003,2
"759","26","V19",0.9995,4,3,0.037,3,0.999934173268189,1.6148602040621,2
"760","26","V20",0.9995,4,3,0.0372,3,0.99993712091553,1.67613382571025,2
"761","27","V1",0.9996,4,4,0.0217,2,0.500000076493016,1.02245314891123,2
"762","27","V2",0.9996,4,4,0.0196,2,0.993604869250067,1.02540657103585,2
"763","27","V3",0.9996,4,4,0.0217,2,0.998148283681687,1.03533292154078,2
"764","27","V4",0.9995,4,4,0.0243,2,0.998865409678366,1.04740543884825,2
"765","27","V5",0.9993,4,4,0.0293,2,0.999171050882985,1.06539634300683,2
"766","27","V6",0.9991,4,4,0.0332,2,0.999330598689436,1.09497710184777,2
"767","27","V7",0.9992,4,4,0.031,2,0.999199234569752,1.13790459482263,2
"768","27","V8",0.9992,4,4,0.0328,3,0.999030759945852,1.18780344056444,2
"769","27","V9",0.999,4,3,0.0378,3,0.999747558299271,1.23541662657742,2
"770","27","V10",0.999,4,3,0.0382,3,0.999816639606458,1.27498700077068,2
"771","27","V11",0.999,4,3,0.039,3,0.999836353227907,1.30545865344508,2
"772","27","V12",0.999,4,2,0.0401,2,0.999828012154787,1.33047026928712,2
"773","27","V13",0.999,4,3,0.0411,3,0.999879084805462,1.35530309370256,2
"774","27","V14",0.999,4,3,0.0421,3,0.999890569890197,1.38323816226341,2
"775","27","V15",0.9991,4,3,0.042,3,0.999903230907832,1.41562381103063,2
"776","27","V16",0.9992,4,3,0.0415,3,0.999918131343145,1.45354876720308,2
"777","27","V17",0.9992,4,3,0.0413,3,0.999928705580873,1.49857601888719,2
"778","27","V18",0.9993,4,3,0.0414,3,0.999935919504692,1.55198059753499,2
"779","27","V19",0.9993,4,3,0.0411,3,0.999943413329589,1.61252724343846,2
"780","27","V20",0.9994,4,3,0.0406,3,0.999949122014812,1.67570673820313,2
"781","28","V1",0.9995,4,4,0.0221,2,0.499999826518018,1.02975341331998,2
"782","28","V2",0.9996,4,4,0.0209,2,0.98886967651743,1.01972011725249,2
"783","28","V3",0.9994,4,4,0.0258,2,0.995450738064954,1.02390392677289,2
"784","28","V4",0.9992,4,4,0.03,2,0.997680587791022,1.03486524990129,2
"785","28","V5",0.999,4,4,0.0337,2,0.998493733806366,1.05296287979157,2
"786","28","V6",0.9989,4,4,0.0368,2,0.998751883715864,1.0824101277207,2
"787","28","V7",0.9988,4,4,0.0397,3,0.999077376777331,1.12498190831387,2
"788","28","V8",0.9986,4,4,0.0439,3,0.999568520935124,1.17525861114772,2
"789","28","V9",0.9986,4,2,0.0448,2,0.999737208385356,1.22537225054924,2
"790","28","V10",0.9987,4,2,0.0444,2,0.999817754916323,1.27060038709667,2
"791","28","V11",0.9988,4,2,0.0435,2,0.999861301223727,1.30865052982593,2
"792","28","V12",0.9989,4,2,0.0428,2,0.999885543142692,1.33901109125068,2
"793","28","V13",0.9989,4,2,0.0429,2,0.999902720568387,1.36464643249236,2
"794","28","V14",0.9989,4,2,0.0439,2,0.999919301724148,1.3903544635525,2
"795","28","V15",0.999,4,2,0.0452,2,0.999927269233563,1.41962841480273,2
"796","28","V16",0.999,4,2,0.0449,2,0.999934687700891,1.45451533219366,2
"797","28","V17",0.9991,4,2,0.0443,2,0.9999431719691,1.49681856674573,2
"798","28","V18",0.9992,4,2,0.0442,2,0.999949104342774,1.54797130069093,2
"799","28","V19",0.9992,4,2,0.0445,2,0.999953904219576,1.6070823318259,2
"800","28","V20",0.9993,4,2,0.0444,2,0.999958102895603,1.67020226629935,2
"801","29","V1",0.9995,4,4,0.0216,2,0.500000076493016,1.05867587872327,2
"802","29","V2",0.9995,4,4,0.0216,2,0.991881540068059,1.03820856563052,2
"803","29","V3",0.9994,4,4,0.026,2,0.994674834485469,1.02931532087046,2
"804","29","V4",0.9993,4,4,0.0284,2,0.996189673767169,1.031712066781,2
"805","29","V5",0.9992,4,4,0.0312,2,0.997749404906095,1.04543354211665,2
"806","29","V6",0.9989,4,4,0.0358,3,0.999186600145008,1.07229824088605,2
"807","29","V7",0.9986,4,2,0.042,2,0.999642566780493,1.11283080352505,2
"808","29","V8",0.9984,4,2,0.0458,2,0.999691988115695,1.16158871241017,2
"809","29","V9",0.9985,4,2,0.0467,2,0.999752016759118,1.2113966976801,2
"810","29","V10",0.9986,4,2,0.0457,2,0.999835259911511,1.25857048055693,2
"811","29","V11",0.9987,4,2,0.0448,2,0.999879840114597,1.301630417061,2
"812","29","V12",0.9988,4,2,0.0438,2,0.999907214344933,1.33891047606583,2
"813","29","V13",0.9989,4,2,0.0428,2,0.999919788973668,1.36957898309768,2
"814","29","V14",0.999,4,2,0.0426,2,0.999927972522441,1.39620587529517,2
"815","29","V15",0.999,4,2,0.0434,2,0.999939045908134,1.42352506167975,2
"816","29","V16",0.9991,4,2,0.0444,2,0.999944966547245,1.45549890820275,2
"817","29","V17",0.9991,4,2,0.0438,2,0.999950285472886,1.49484469570862,2
"818","29","V18",0.9992,4,2,0.043,2,0.999955412203025,1.54328095660902,2
"819","29","V19",0.9993,4,3,0.0426,3,0.999960038796041,1.60015728698729,2
"820","29","V20",0.9993,4,3,0.0424,3,0.999963384508409,1.66191777439502,2
"821","30","V1",0.9996,4,4,0.0194,2,0.499999826518018,1.0731434338999,2
"822","30","V2",0.9997,4,4,0.0171,2,0.994334858470033,1.0607068283296,2
"823","30","V3",0.9994,4,4,0.0239,2,0.997783660586371,1.0472547576535,2
"824","30","V4",0.9992,4,4,0.0296,2,0.998081732499807,1.03958736853622,2
"825","30","V5",0.9992,4,4,0.0312,2,0.999053575006015,1.04491551383788,2
"826","30","V6",0.9991,4,4,0.033,3,0.99965364534205,1.06630867455085,2
"827","30","V7",0.9989,4,2,0.0372,2,0.999772972395462,1.10306954026117,2
"828","30","V8",0.9987,4,2,0.0423,2,0.999778663454622,1.14899892301653,2
"829","30","V9",0.9986,4,2,0.0454,2,0.999771437106966,1.19688278271666,2
"830","30","V10",0.9987,4,2,0.0448,2,0.999783762074822,1.24349790387125,2
"831","30","V11",0.9988,4,2,0.0443,2,0.999841774708093,1.28820447328586,2
"832","30","V12",0.9989,4,2,0.0437,2,0.99988417512138,1.33004155233126,2
"833","30","V13",0.999,4,2,0.0426,2,0.999905864381303,1.36711400327464,2
"834","30","V14",0.9991,4,2,0.0418,2,0.99992054234512,1.398500175852,2
"835","30","V15",0.9991,4,2,0.0413,2,0.999928844046515,1.42679718242331,2
"836","30","V16",0.9992,4,2,0.0417,2,0.999942274653223,1.45699207723575,2
"837","30","V17",0.9992,4,2,0.0423,2,0.999947409643112,1.49353346386423,2
"838","30","V18",0.9993,4,2,0.0415,2,0.999952190796397,1.53903900214624,2
"839","30","V19",0.9994,4,3,0.0401,3,0.999958613504066,1.5932305692124,2
"840","30","V20",0.9994,4,3,0.039,3,0.999964675346196,1.65286220348617,2
"841","31","V1",0.9997,5,5,0.019,3,0.500000076493016,1.06338664995747,2
"842","31","V2",0.9997,5,4,0.019,2,0.994611208637543,1.06474532092913,2
"843","31","V3",0.9996,5,4,0.0199,2,0.998314211596343,1.06101012339304,2
"844","31","V4",0.9995,5,5,0.0224,3,0.99892932408702,1.05246696772895,2
"845","31","V5",0.9995,5,5,0.024,3,0.999248493852834,1.05055461617999,2
"846","31","V6",0.9994,5,5,0.0264,3,0.999405124272936,1.06466926883544,2
"847","31","V7",0.9993,5,2,0.0287,2,0.999657860797183,1.09612575925006,2
"848","31","V8",0.9992,5,2,0.0334,2,0.999644312062593,1.1383093416873,2
"849","31","V9",0.999,5,2,0.0374,2,0.999627182468774,1.18348704253243,2
"850","31","V10",0.999,5,2,0.0396,2,0.999647268113319,1.22832458267976,2
"851","31","V11",0.999,5,2,0.0404,2,0.999690528670907,1.27255185713442,2
"852","31","V12",0.999,5,2,0.041,2,0.999774166965747,1.31597551299237,2
"853","31","V13",0.9991,5,2,0.0411,2,0.999839319594601,1.35734731083222,2
"854","31","V14",0.9991,5,2,0.0411,2,0.99987931483554,1.39476507077315,2
"855","31","V15",0.9992,5,2,0.0406,2,0.999899043336062,1.42759878273842,2
"856","31","V16",0.9992,5,2,0.0401,2,0.999909576765059,1.458794187376,2
"857","31","V17",0.9993,5,2,0.0402,2,0.999930867513525,1.49366417482389,2
"858","31","V18",0.9993,5,2,0.0408,2,0.999939315409402,1.53643330217399,2
"859","31","V19",0.9993,5,2,0.041,2,0.999945249101341,1.58775968307397,2
"860","31","V20",0.9994,5,2,0.0407,2,0.999950694653188,1.64484082417713,2
"861","32","V1",0.9997,5,5,0.019,3,0.500000076493016,1.0461018832079,2
"862","32","V2",0.9997,5,4,0.0184,2,0.993892779127807,1.0532654229584,2
"863","32","V3",0.9996,5,4,0.022,2,0.998242162784979,1.06086752540093,2
"864","32","V4",0.9995,5,4,0.0231,2,0.998958375256503,1.06169926424549,2
"865","32","V5",0.9994,5,4,0.0256,2,0.999404032940818,1.06041465897322,2
"866","32","V6",0.9995,5,5,0.0246,3,0.999572980105924,1.06892409479693,2
"867","32","V7",0.9993,5,3,0.0293,2,0.999654250500999,1.09404759146786,2
"868","32","V8",0.9993,5,2,0.0303,2,0.999740111598366,1.13144696188294,2
"869","32","V9",0.9992,5,2,0.0335,2,0.999688199352666,1.17325887554491,2
"870","32","V10",0.9991,5,2,0.0357,2,0.999685261939593,1.2156749502662,2
"871","32","V11",0.9992,5,2,0.0365,2,0.99971592610854,1.25831618114517,2
"872","32","V12",0.9992,5,2,0.0372,2,0.999760626654232,1.3013565193661,2
"873","32","V13",0.9992,5,2,0.0378,2,0.999818662281613,1.34427332883151,2
"874","32","V14",0.9992,5,2,0.0378,2,0.999857736773231,1.38575595110071,2
"875","32","V15",0.9993,5,2,0.038,2,0.999888931493948,1.42425500288608,2
"876","32","V16",0.9993,5,2,0.0376,2,0.999906302987085,1.45971351951523,2
"877","32","V17",0.9994,5,2,0.0374,2,0.999912001791768,1.49550156473287,2
"878","32","V18",0.9994,5,2,0.0372,2,0.999938907256606,1.53660930505343,2
"879","32","V19",0.9995,5,2,0.0373,2,0.999938550714315,1.58525077988258,2
"880","32","V20",0.9995,5,2,0.0372,2,0.999941482113056,1.63958957385334,2
"881","33","V1",0.9997,5,5,0.0189,3,0.500000076493016,1.03562629762175,2
"882","33","V2",0.9997,5,5,0.0165,3,0.994681198262915,1.04094643483196,2
"883","33","V3",0.9997,5,5,0.0192,3,0.997611023691327,1.0524497474615,2
"884","33","V4",0.9994,5,4,0.0251,2,0.998779064289082,1.06257828703886,2
"885","33","V5",0.9994,5,4,0.0256,2,0.999265569683341,1.0695892267901,2
"886","33","V6",0.9994,5,4,0.0258,2,0.999510310931286,1.07900828249752,2
"887","33","V7",0.9995,5,4,0.0256,3,0.999528728142337,1.09935417172689,2
"888","33","V8",0.9994,5,3,0.0281,2,0.999507132661419,1.13115732602135,2
"889","33","V9",0.9994,5,2,0.0298,2,0.999771438629527,1.16867812099225,2
"890","33","V10",0.9993,5,2,0.0325,2,0.999775973236657,1.20800809848127,2
"891","33","V11",0.9993,5,2,0.0328,2,0.999779569301107,1.24836687885345,2
"892","33","V12",0.9993,5,2,0.0331,2,0.999810061582751,1.28988474032701,2
"893","33","V13",0.9994,5,2,0.0334,2,0.999861442718907,1.33241701125101,2
"894","33","V14",0.9994,5,2,0.0335,2,0.999874354380621,1.37533012031119,2
"895","33","V15",0.9995,5,2,0.0332,2,0.9998993223893,1.41760180812621,2
"896","33","V16",0.9995,5,2,0.0333,2,0.999915371291097,1.45829352572232,2
"897","33","V17",0.9995,5,2,0.0331,2,0.999924170967409,1.49796766331143,2
"898","33","V18",0.9995,5,2,0.033,2,0.999932845560312,1.53979516291935,2
"899","33","V19",0.9996,5,2,0.0333,2,0.999940414661345,1.58673826335282,2
"900","33","V20",0.9996,5,2,0.0333,2,0.999939423580189,1.63847718430813,2
"901","34","V1",0.9996,5,5,0.0195,3,0.500000076493016,1.03595744118035,2
"902","34","V2",0.9997,5,5,0.0166,3,0.995481488563545,1.0366216956927,2
"903","34","V3",0.9997,5,5,0.0183,3,0.99847733404863,1.04616106390749,2
"904","34","V4",0.9996,5,5,0.0207,3,0.998679965325277,1.05928560574466,2
"905","34","V5",0.9994,5,4,0.0252,2,0.999251864369331,1.07405012627056,2
"906","34","V6",0.9994,5,4,0.0253,2,0.999518402639685,1.09052873476029,2
"907","34","V7",0.9995,5,4,0.0243,2,0.999544235292814,1.1116082719885,2
"908","34","V8",0.9994,5,3,0.0271,2,0.999587113030077,1.13923480074883,2
"909","34","V9",0.9994,5,2,0.0281,2,0.9998208646182,1.17180982059867,2
"910","34","V10",0.9994,5,2,0.0286,2,0.999814918170936,1.20720845388314,2
"911","34","V11",0.9994,5,2,0.0295,2,0.999836106263951,1.2446021372466,2
"912","34","V12",0.9995,5,2,0.0296,2,0.999857798396621,1.28384699173204,2
"913","34","V13",0.9995,5,2,0.0296,2,0.9998781961236,1.32482610707478,2
"914","34","V14",0.9995,5,2,0.03,2,0.999892807151757,1.36728099029498,2
"915","34","V15",0.9995,5,2,0.0301,2,0.999894945259242,1.41080722847402,2
"916","34","V16",0.9996,5,2,0.0299,2,0.999911029236182,1.45491971565484,2
"917","34","V17",0.9996,5,2,0.0309,2,0.999935431540316,1.49932167640009,2
"918","34","V18",0.9996,5,2,0.0305,2,0.999938494877028,1.54457406224074,2
"919","34","V19",0.9996,5,2,0.0309,2,0.999948634306917,1.59200696959675,2
"920","34","V20",0.9996,5,2,0.0312,2,0.999953490205353,1.64205587005696,2
"921","35","V1",0.9996,5,5,0.0197,3,0.500000076493016,1.04289308362218,2
"922","35","V2",0.9997,5,5,0.018,3,0.995840145344384,1.0402160456443,2
"923","35","V3",0.9997,5,5,0.0191,3,0.998827546013258,1.04628449253354,2
"924","35","V4",0.9997,5,3,0.0196,2,0.999229035579242,1.05804042463358,2
"925","35","V5",0.9996,5,3,0.0216,2,0.999375262506492,1.07548664886019,2
"926","35","V6",0.9995,5,5,0.0236,3,0.999541730003032,1.09858048135212,2
"927","35","V7",0.9995,5,4,0.0234,3,0.999714279129242,1.12563563898351,2
"928","35","V8",0.9996,5,4,0.0236,3,0.999710913201134,1.15392838735419,2
"929","35","V9",0.9994,5,2,0.0269,2,0.999880102755993,1.18298416600683,2
"930","35","V10",0.9995,5,2,0.0269,2,0.999869288967083,1.21402465730664,2
"931","35","V11",0.9995,5,2,0.0273,2,0.999881143079276,1.24775434201175,2
"932","35","V12",0.9995,5,2,0.0275,2,0.999900440808334,1.28409644898705,2
"933","35","V13",0.9996,5,2,0.0272,2,0.999916119539852,1.32278707426696,2
"934","35","V14",0.9996,5,2,0.0271,2,0.999926602954834,1.36364691497501,2
"935","35","V15",0.9996,5,2,0.0273,2,0.99992988771056,1.4066289333979,2
"936","35","V16",0.9996,5,2,0.0275,2,0.99992934442572,1.45179892609639,2
"937","35","V17",0.9997,5,2,0.0276,2,0.999943581638871,1.49923669388782,2
"938","35","V18",0.9997,5,2,0.0278,2,0.999950660440595,1.54867723511341,2
"939","35","V19",0.9997,5,2,0.0282,2,0.999956727664369,1.59908787715553,2
"940","35","V20",0.9997,5,2,0.0286,2,0.999965395942232,1.6494799156508,2
"941","36","V1",0.9998,5,5,0.0159,4,0.499999826518018,1.04812493492696,2
"942","36","V2",0.9998,5,5,0.0151,3,0.99631629200655,1.04570321929701,2
"943","36","V3",0.9997,5,5,0.0177,3,0.999000827794806,1.05008067454081,2
"944","36","V4",0.9997,5,5,0.0192,3,0.999322621335896,1.05981839969746,2
"945","36","V5",0.9997,5,3,0.0199,2,0.999534635020499,1.07676111207023,2
"946","36","V6",0.9996,5,3,0.0208,2,0.999694689220157,1.10253746804739,2
"947","36","V7",0.9996,5,3,0.0219,2,0.999670468848309,1.1354353893539,2
"948","36","V8",0.9996,5,4,0.023,3,0.999769177235493,1.16906045636886,2
"949","36","V9",0.9995,5,2,0.026,2,0.999902120293833,1.19902146357366,2
"950","36","V10",0.9995,5,2,0.026,2,0.999899381325511,1.22724238395045,2
"951","36","V11",0.9995,5,2,0.0266,2,0.999907480006915,1.25716056821716,2
"952","36","V12",0.9995,5,2,0.0271,2,0.999921087220443,1.29010858975354,2
"953","36","V13",0.9996,5,2,0.0271,2,0.999933357284608,1.32600486305877,2
"954","36","V14",0.9996,5,2,0.0268,2,0.999941359184694,1.36462003378912,2
"955","36","V15",0.9996,5,2,0.0265,2,0.999945865648682,1.40601614986809,2
"956","36","V16",0.9997,5,2,0.0265,2,0.999952817068856,1.45058852001637,2
"957","36","V17",0.9997,5,2,0.0264,2,0.999958196869656,1.49890019961105,2
"958","36","V18",0.9997,5,2,0.0259,2,0.999964479588869,1.5510036672125,2
"959","36","V19",0.9997,5,2,0.0258,2,0.999968931260537,1.6051250824917,2
"960","36","V20",0.9997,5,2,0.0266,2,0.999972271652157,1.6581792135235,2
"961","37","V1",0.9997,5,5,0.0178,3,0.500000076493016,1.04364366828943,2
"962","37","V2",0.9998,5,5,0.0142,3,0.996857682429893,1.04521936330467,2
"963","37","V3",0.9998,5,5,0.0153,3,0.999112133393777,1.05109969370433,2
"964","37","V4",0.9997,5,5,0.0184,3,0.999417635939142,1.06063256580052,2
"965","37","V5",0.9996,5,5,0.0213,3,0.999549511255649,1.07688678097051,2
"966","37","V6",0.9995,5,4,0.0244,2,0.999750543991367,1.10301895073422,2
"967","37","V7",0.9995,5,4,0.0248,3,0.999773033305624,1.13877710985071,2
"968","37","V8",0.9995,5,3,0.0248,2,0.999788884210835,1.17790514023368,2
"969","37","V9",0.9996,5,3,0.0241,3,0.999891909720758,1.21302249329116,2
"970","37","V10",0.9995,5,2,0.0257,2,0.999901991361003,1.2425667653885,2
"971","37","V11",0.9996,5,2,0.0256,2,0.999932206824355,1.2703516199227,2
"972","37","V12",0.9996,5,2,0.0256,2,0.999938713139258,1.30003825128456,2
"973","37","V13",0.9996,5,2,0.0254,2,0.999950668320447,1.33287566768108,2
"974","37","V14",0.9997,5,2,0.025,2,0.999959231738122,1.36889832169029,2
"975","37","V15",0.9997,5,2,0.0245,2,0.999965418579195,1.40818409654225,2
"976","37","V16",0.9997,5,2,0.0241,2,0.999969593044304,1.45125141168902,2
"977","37","V17",0.9998,5,3,0.0235,3,0.999969885988868,1.49896250492766,2
"978","37","V18",0.9998,5,2,0.0236,2,0.999974837765718,1.55180302176557,2
"979","37","V19",0.9998,5,2,0.0232,2,0.99997714575203,1.60830683380329,2
"980","37","V20",0.9998,5,2,0.0231,2,0.999978885288916,1.66475741190968,2
"981","38","V1",0.9998,5,5,0.0128,3,0.500000076493016,1.02985303382374,2
"982","38","V2",0.9999,5,5,0.0123,3,0.997024608178995,1.03521988044252,2
"983","38","V3",0.9998,5,5,0.0131,3,0.999137295038813,1.04452171705678,2
"984","38","V4",0.9998,5,5,0.0151,3,0.99945416646101,1.05596791780282,2
"985","38","V5",0.9997,5,5,0.0186,3,0.999620721017998,1.07282268320524,2
"986","38","V6",0.9995,5,4,0.0236,2,0.999764385041151,1.09910600037359,2
"987","38","V7",0.9996,5,4,0.0226,3,0.999787007322841,1.13582908773754,2
"988","38","V8",0.9996,5,3,0.0218,2,0.999841376182401,1.17805083556324,2
"989","38","V9",0.9996,5,3,0.0233,2,0.999844650100327,1.2185943773522,2
"990","38","V10",0.9996,5,3,0.0235,3,0.999922278093975,1.25330569391107,2
"991","38","V11",0.9996,5,3,0.0246,3,0.999934226903821,1.28282482328019,2
"992","38","V12",0.9996,5,3,0.0248,3,0.999943942831255,1.31100028227411,2
"993","38","V13",0.9996,5,3,0.0251,3,0.999952029738634,1.34111343468718,2
"994","38","V14",0.9997,5,3,0.025,3,0.999958886941094,1.37445141081853,2
"995","38","V15",0.9997,5,3,0.0246,3,0.999964954388939,1.41140428882525,2
"996","38","V16",0.9997,5,3,0.0242,3,0.999969395634649,1.45254864100125,2
"997","38","V17",0.9997,5,3,0.0239,3,0.999972457646368,1.49887615866019,2
"998","38","V18",0.9998,5,3,0.0235,3,0.999975190782403,1.55115488981356,2
"999","38","V19",0.9998,5,3,0.0231,3,0.99997766768039,1.6083425390184,2
"1000","38","V20",0.9998,5,3,0.023,3,0.99997956976329,1.66704180670758,2
"1001","39","V1",0.9998,5,5,0.0148,3,0.499999826518018,1.02329613909206,2
"1002","39","V2",0.9999,5,5,0.0125,3,0.996252792054755,1.02436519490192,2
"1003","39","V3",0.9998,5,5,0.0148,3,0.998842192989425,1.03385171888217,2
"1004","39","V4",0.9998,5,5,0.0159,3,0.999326579278586,1.04675704683406,2
"1005","39","V5",0.9997,5,5,0.0174,3,0.999532685043934,1.06464715041788,2
"1006","39","V6",0.9997,5,5,0.0201,3,0.999588743621966,1.09127263265198,2
"1007","39","V7",0.9996,5,5,0.0216,3,0.999531270006636,1.12818918988706,2
"1008","39","V8",0.9996,5,5,0.0237,3,0.999613876447074,1.17149162886353,2
"1009","39","V9",0.9995,5,3,0.026,3,0.99990530553315,1.21511928015009,2
"1010","39","V10",0.9995,5,2,0.0262,2,0.999923072002789,1.25506553871181,2
"1011","39","V11",0.9996,5,3,0.0258,3,0.99994123981594,1.28964362576857,2
"1012","39","V12",0.9996,5,2,0.0263,2,0.999947166473116,1.31979240869959,2
"1013","39","V13",0.9996,5,2,0.0266,2,0.999951536980168,1.34884736292956,2
"1014","39","V14",0.9996,5,2,0.0271,2,0.999957595907799,1.37987948075999,2
"1015","39","V15",0.9996,5,2,0.0271,2,0.999962114407644,1.41444845043897,2
"1016","39","V16",0.9997,5,2,0.0266,2,0.999967250767035,1.45346732672773,2
"1017","39","V17",0.9997,5,2,0.0263,2,0.999971117294683,1.49801412885535,2
"1018","39","V18",0.9997,5,2,0.0262,2,0.999974005381154,1.54899966140221,2
"1019","39","V19",0.9997,5,2,0.026,2,0.999976880276821,1.60567807171937,2
"1020","39","V20",0.9998,5,2,0.0256,2,0.99997918367635,1.6650773061518,2
"1021","40","V1",0.9998,5,5,0.0154,4,0.499999826518018,1.0377209626786,2
"1022","40","V2",0.9998,5,5,0.0139,3,0.995557207584049,1.02802549329532,2
"1023","40","V3",0.9997,5,5,0.017,3,0.998112049993372,1.03012788937954,2
"1024","40","V4",0.9997,5,5,0.0185,3,0.998855444519568,1.03998880446861,2
"1025","40","V5",0.9997,5,5,0.0191,3,0.999355666849245,1.05688872866485,2
"1026","40","V6",0.9997,5,5,0.0202,3,0.999618656372104,1.08292383728831,2
"1027","40","V7",0.9996,5,5,0.0226,3,0.999619662311579,1.1191945319743,2
"1028","40","V8",0.9995,5,2,0.027,2,0.999796791910951,1.1621518582198,2
"1029","40","V9",0.9994,5,2,0.0283,2,0.999880166937975,1.20653858893952,2
"1030","40","V10",0.9995,5,2,0.0281,2,0.999918304587119,1.24923532126355,2
"1031","40","V11",0.9995,5,2,0.0276,2,0.999937151333161,1.28862952217969,2
"1032","40","V12",0.9996,5,2,0.027,2,0.999949317700966,1.32353514614668,2
"1033","40","V13",0.9996,5,2,0.0269,2,0.999954595837913,1.35458865437599,2
"1034","40","V14",0.9996,5,2,0.0272,2,0.999960511300376,1.38480272914885,2
"1035","40","V15",0.9996,5,2,0.0278,2,0.999965327677381,1.41730536878352,2
"1036","40","V16",0.9996,5,2,0.0277,2,0.999968792691989,1.45409638884837,2
"1037","40","V17",0.9997,5,2,0.0272,2,0.999972567451336,1.49660215904521,2
"1038","40","V18",0.9997,5,2,0.0271,2,0.999974835161068,1.54585016563872,2
"1039","40","V19",0.9997,5,2,0.0272,2,0.999977252516075,1.6012736297872,2
"1040","40","V20",0.9997,5,2,0.0272,2,0.999979286083561,1.66021286724068,2
