"","rowname","phi1","phi2","phi3","phi4","phi5","phi6","phi7","phi8","phi9","phi10","ve","sigma2","rho","tslength","approach","maxE","iter"
"1","N_total",0.0928734092883997,4.64329622959346e-260,0.174345314673274,4.64329622959346e-260,2.27166477890432e-70,0.0346243295480388,2.27166477890432e-70,4.64329622959346e-260,4.64329622959346e-260,2.94108339848014e-14,0.01,1.60404795848275,0.499999826518018,100,"TAindex",10,1
"2","5yrs20ages",0.681146602799446,0.592545680210932,NA,NA,NA,NA,NA,NA,NA,NA,0.107872473013944,1.10927817234375,0.979117156713964,5,"hier",2,1
"3","10yrs10ages",0.0388110832257768,0.00181332600039224,0.718576104795625,NA,NA,NA,NA,NA,NA,NA,0.01,2.06516547283254,0.983433874265615,10,"hier",3,1
"4","20yrs5ages",0.310550311593617,0.0830495985425665,0.435959203335567,0.0794186694332499,NA,NA,NA,NA,NA,NA,0.01,0.749176266905491,0.998559881384146,20,"hier",4,1
"5","25yrs4ages",0.0107681891020405,0.0124447432861953,0.575966668961827,0.0584564735567802,0,NA,NA,NA,NA,NA,0.01,1.36564470989473,0.989247683758105,25,"hier",5,1
"6","N_total",0.0945625822229947,0,0.179801274319364,0,1.72252668775837e-140,0.0321543341363002,0,0,0,1.71415472429149e-26,0.01,1.59288649803084,0.499999826518018,100,"TAindex",10,2
"7","5yrs20ages",0.708721128679209,0.453128127870194,NA,NA,NA,NA,NA,NA,NA,NA,0.114060082421981,1.08170107986494,0.972496691658266,5,"hier",2,2
"8","10yrs10ages",0.0319383092948359,0.00123831648394594,0.554710228780793,NA,NA,NA,NA,NA,NA,NA,0.01,3.05608097262988,0.987070325507148,10,"hier",3,2
"9","20yrs5ages",0,0.0443823534624617,0.55408815146139,0.134466291261253,NA,NA,NA,NA,NA,NA,0.01,1.02738497273058,0.998837047957715,20,"hier",4,2
"10","25yrs4ages",0.00275070930620222,0.0417308804563059,0.528305298361632,0.0782912819722402,0,NA,NA,NA,NA,NA,0.01,1.29426758489333,0.991392427670407,25,"hier",5,2
"11","N_total",0.0939903056177672,4.64329622959346e-260,0.176422285137871,4.64329622959346e-260,2.27166477890432e-70,0.0327145254824209,4.64329622959346e-260,4.64329622959346e-260,4.64329622959346e-260,4.23872475194712e-14,0.01,1.60566204925328,0.499999826518018,100,"TAindex",10,3
"12","5yrs20ages",0.645036436811555,0.488591877403295,NA,NA,NA,NA,NA,NA,NA,NA,0.124644321995645,1.07181834251791,0.975170907183371,5,"hier",2,3
"13","10yrs10ages",0.0277348221634646,0.00139663086459808,0.578366235586436,NA,NA,NA,NA,NA,NA,NA,0.01,2.86013031427177,0.987035511309974,10,"hier",3,3
"14","20yrs5ages",0.048780651281741,0.0490302920451953,0.360239837607464,4.59775138097311e-249,NA,NA,NA,NA,NA,NA,0.01,1.90158590065094,0.998877716025613,20,"hier",4,3
"15","25yrs4ages",4.65024239785092e-39,0.0928324523803917,0.0857433621783204,0.0837516603704518,0,NA,NA,NA,NA,NA,0.01,1.4550031155672,0.992417144807966,25,"hier",5,3
"16","N_total",0.0925872379269168,0,0.175274984734692,0,4.59775138097311e-249,0.0304861526837474,4.59775138097311e-249,0,0,2.81681902140674e-62,0.01,1.63922906467606,0.500000076493016,100,"TAindex",10,4
"17","5yrs20ages",0.633122286473871,0.550613814114973,NA,NA,NA,NA,NA,NA,NA,NA,0.140292513977007,1.04573215702954,0.976539359327652,5,"hier",2,4
"18","10yrs10ages",0.0310102011058214,0.0018046984235113,0.919917900905774,NA,NA,NA,NA,NA,NA,NA,0.01,1.93755179796805,0.984708906786414,10,"hier",3,4
"19","20yrs5ages",0.161722094757033,0.048662551545518,0.428632268587367,0.0097488681809674,NA,NA,NA,NA,NA,NA,0.01,1.15458281178884,0.998580293431108,20,"hier",4,4
"20","25yrs4ages",0.00583145383531093,0.0174336241521128,0.334926400721734,0.0562633459801929,0,NA,NA,NA,NA,NA,0.01,1.6613623875138,0.991449927963077,25,"hier",5,4
"21","N_total",0.0961956791341505,0,0.186061569621422,0,2.38379870040001e-227,0.0294269551381179,2.38379870040001e-227,0,0,1.37693264811046e-11,0.01,1.57624352780065,0.499999826518018,100,"TAindex",10,5
"22","5yrs20ages",0.704056618904553,0.468512649235504,NA,NA,NA,NA,NA,NA,NA,NA,0.109243723444993,1.13899529453354,0.977189394730184,5,"hier",2,5
"23","10yrs10ages",0.0368918245916728,0.00152189896930482,0.531777162393236,NA,NA,NA,NA,NA,NA,NA,0.01,3.20471989193671,0.98693265347731,10,"hier",3,5
"24","20yrs5ages",0,0.0590290885478725,0.793441159257657,0.12819202987684,NA,NA,NA,NA,NA,NA,0.01,0.928084729556388,0.998733058971561,20,"hier",4,5
"25","25yrs4ages",0.00658143226170258,0.0176597948012352,0.534279433735779,0.0645716069942889,0,NA,NA,NA,NA,NA,0.01,1.40018575676976,0.991106016454404,25,"hier",5,5
"26","N_total",0.100055578208206,1.72734147532588e-303,0.196087584563497,1.72734147532588e-303,1.25979680706037e-99,0.0274001270354892,1.72734147532588e-303,1.72734147532588e-303,1.72734147532588e-303,3.32358131896775e-19,0.01,1.5399605584683,0.499999826518018,100,"TAindex",10,6
"27","5yrs20ages",0.806477916519349,0.52343524997888,NA,NA,NA,NA,NA,NA,NA,NA,0.14249887309564,1.02063013002532,0.977553650952432,5,"hier",2,6
"28","10yrs10ages",0.0470535787000035,0.00095103916678495,0.738997646586682,NA,NA,NA,NA,NA,NA,NA,0.01,1.87144059844334,0.978434444078518,10,"hier",3,6
"29","20yrs5ages",0,0.0833916132637632,0.47591207598502,0.00704317365673225,NA,NA,NA,NA,NA,NA,0.01,1.53684963318635,0.996981161245345,20,"hier",4,6
"30","25yrs4ages",0.00131233172899439,0.0516635025078286,0.472914724871226,0.0885498721997617,0,NA,NA,NA,NA,NA,0.01,1.11155805577416,0.995575726030048,25,"hier",5,6
"31","N_total",0.0944491663245102,1.24817241893004e-216,0.179571471186978,1.24817241893004e-216,4.71022102939469e-50,0.0313279883340042,4.71022102939469e-50,1.24817241893004e-216,1.24817241893004e-216,9.9017438514848e-11,0.01,1.60780801056998,0.499999826518018,100,"TAindex",10,7
"32","5yrs20ages",0.599801916012943,0.518009403035183,NA,NA,NA,NA,NA,NA,NA,NA,0.130308103431858,1.08167990524857,0.977549528822149,5,"hier",2,7
"33","10yrs10ages",0.0253100891423972,0.00164003371795234,0.602880321243917,NA,NA,NA,NA,NA,NA,NA,0.01,2.71943754363688,0.986982199237445,10,"hier",3,7
"34","20yrs5ages",0.0639096578364737,0.0417161153409903,0.324504295957116,1.71039844560747e-292,NA,NA,NA,NA,NA,NA,0.01,1.9394782196783,0.998931000281374,20,"hier",4,7
"35","25yrs4ages",2.02867789112512e-22,0.0696868194559375,0.112900788576139,0.0765403583699062,0,NA,NA,NA,NA,NA,0.01,1.62598544925917,0.992627159579023,25,"hier",5,7
"36","N_total",0.0956485814537995,0,0.184603622904451,0,0,0.0289303755071655,0,0,0,5.36256095836776e-67,0.01,1.58987818608696,0.500000076493016,100,"TAindex",10,8
"37","5yrs20ages",0.690972049976175,0.479868721717894,NA,NA,NA,NA,NA,NA,NA,NA,0.110297234074576,1.14525178009153,0.978521311791565,5,"hier",2,8
"38","10yrs10ages",0.0375642075475521,0.00162512815339276,0.526498727988005,NA,NA,NA,NA,NA,NA,NA,0.01,3.2044594161686,0.986892726767204,10,"hier",3,8
"39","20yrs5ages",0.173906302151676,0.0329347094350052,0.583572246605355,0.167914130772994,NA,NA,NA,NA,NA,NA,0.01,0.807352755106257,0.998777471564126,20,"hier",4,8
"40","25yrs4ages",0.00663011974501205,0.0164674763459984,0.519975476530163,0.0626345746356007,0,NA,NA,NA,NA,NA,0.01,1.42285814632724,0.991335969927701,25,"hier",5,8
"41","N_total",0.0972769021884782,0,0.185947653853642,0,0,0.0296789230029242,0,0,0,1.92510527205032e-56,0.01,1.56017266511048,0.499999826518018,100,"TAindex",10,9
"42","5yrs20ages",0.71926679203377,0.453117818348083,NA,NA,NA,NA,NA,NA,NA,NA,0.108170433328721,1.11923372283286,0.974641144004157,5,"hier",2,9
"43","10yrs10ages",0.0350907336234706,0.00132160950104153,0.532401307647285,NA,NA,NA,NA,NA,NA,NA,0.01,3.17716114756686,0.987140428899789,10,"hier",3,9
"44","20yrs5ages",0,0.0517845803466081,0.698238596007542,0.140930053710659,NA,NA,NA,NA,NA,NA,0.01,0.93177597528018,0.998764740436571,20,"hier",4,9
"45","25yrs4ages",0.00451164059866537,0.0237965409654336,0.529457438167305,0.0668657656769367,0,NA,NA,NA,NA,NA,0.01,1.45214245257189,0.991472083421686,25,"hier",5,9
"46","N_total",0.0924851719887777,8.95575689687982e-282,0.175195215764749,8.95575689687982e-282,1.14325351148341e-83,0.031514353353024,1.14325351148341e-83,8.95575689687982e-282,8.95575689687982e-282,1.44474688474476e-16,0.01,1.63145339853711,0.500000076493016,100,"TAindex",10,10
"47","5yrs20ages",0.630277345785319,0.625515373518859,NA,NA,NA,NA,NA,NA,NA,NA,0.135825954514583,1.03575803254462,0.976694438924409,5,"hier",2,10
"48","10yrs10ages",0.0331208118683138,0.00139510882603289,0.922231142894675,NA,NA,NA,NA,NA,NA,NA,0.01,1.93235241332946,0.984656636273625,10,"hier",3,10
"49","20yrs5ages",0.214451076841849,0.0585303220028584,0.468150705202605,0.0223023452271603,NA,NA,NA,NA,NA,NA,0.01,0.944830243035924,0.998513942562646,20,"hier",4,10
"50","25yrs4ages",0.00740282553031027,0.0139008857883201,0.382849970653074,0.0551602413294811,0,NA,NA,NA,NA,NA,0.01,1.60820620131979,0.990680377030928,25,"hier",5,10
"51","N_total",0.0942629740552988,1.72734147532588e-303,0.179570349553139,1.72734147532588e-303,1.25979680706037e-99,0.0291405412436783,1.25979680706037e-99,1.72734147532588e-303,1.72734147532588e-303,2.45094225395538e-19,0.01,1.63122949937284,0.499999826518018,100,"TAindex",10,11
"52","5yrs20ages",0.625050732581316,0.52261151879183,NA,NA,NA,NA,NA,NA,NA,NA,0.140576972469475,1.05635617883697,0.976959217158652,5,"hier",2,11
"53","10yrs10ages",0.028470626568373,0.00209422171703447,0.861821988081854,NA,NA,NA,NA,NA,NA,NA,0.01,2.0460401304266,0.985085647992338,10,"hier",3,11
"54","20yrs5ages",0.120559612547153,0.0394015848391419,0.372415247826076,0.00336129056206838,NA,NA,NA,NA,NA,NA,0.01,1.47911791113797,0.998703457492237,20,"hier",4,11
"55","25yrs4ages",0.00447419436417716,0.0225750235572576,0.288521488370717,0.0591155052642384,0,NA,NA,NA,NA,NA,0.01,1.69418389990313,0.992074324352237,25,"hier",5,11
"56","N_total",0.0929199663883021,0,0.176051339841296,0,8.86791227702778e-271,0.0300753517473888,8.86791227702778e-271,0,0,3.44582877056722e-74,0.01,1.63556811212489,0.499999826518018,100,"TAindex",10,12
"57","5yrs20ages",0.632079500201481,0.537935692785934,NA,NA,NA,NA,NA,NA,NA,NA,0.140631960430812,1.04901716182866,0.976637886427094,5,"hier",2,12
"58","10yrs10ages",0.0302819540219947,0.0019091591029914,0.90747698173529,NA,NA,NA,NA,NA,NA,NA,0.01,1.95816817080173,0.984783725217068,10,"hier",3,12
"59","20yrs5ages",0.148102135690688,0.0459811496794093,0.411730456817136,0.00724892254302493,NA,NA,NA,NA,NA,NA,0.01,1.23433499757719,0.998608196837575,20,"hier",4,12
"60","25yrs4ages",0.00538641407279426,0.0190134380463794,0.319530805074302,0.0571737106100569,0,NA,NA,NA,NA,NA,0.01,1.67073985876453,0.991648058669887,25,"hier",5,12
"61","N_total",0.0948731728188706,3.35523367526795e-173,0.179669519102874,3.35523367526795e-173,6.05143924918802e-36,0.0300966531703416,6.05143924918802e-36,3.35523367526795e-173,3.35523367526795e-173,2.78714235424159e-08,0.01,1.61566247672226,0.499999826518018,100,"TAindex",10,13
"62","5yrs20ages",0.549690579625484,0.607787593301603,NA,NA,NA,NA,NA,NA,NA,NA,0.140387528150773,1.13731179170559,0.984325086636525,5,"hier",2,13
"63","10yrs10ages",0.0371861436730083,0.00162051078373893,0.663145697210212,NA,NA,NA,NA,NA,NA,NA,0.01,2.63583801796829,0.983036011306287,10,"hier",3,13
"64","20yrs5ages",0.176589994708112,0.0421911708476552,0.503887338274543,0.0279993370858704,NA,NA,NA,NA,NA,NA,0.01,1.0975310566639,0.996311702423398,20,"hier",4,13
"65","25yrs4ages",0.00238630831609222,0.0354432786170033,0.417501289965898,0.0696069506691993,0,NA,NA,NA,NA,NA,0.01,1.32052392489423,0.995155243935392,25,"hier",5,13
"66","N_total",0.0956380812219198,0,0.184642300290759,0,6.40793014918467e-184,0.0292785234216201,6.40793014918467e-184,0,0,5.91502567681472e-09,0.01,1.59217105035436,0.499999826518018,100,"TAindex",10,14
"67","5yrs20ages",0.681958400583505,0.489063834644303,NA,NA,NA,NA,NA,NA,NA,NA,0.111570443222302,1.14713824500323,0.979191237829392,5,"hier",2,14
"68","10yrs10ages",0.0378915967739092,0.0016931749820375,0.529100493733403,NA,NA,NA,NA,NA,NA,NA,0.01,3.20533910869148,0.986809327330688,10,"hier",3,14
"69","20yrs5ages",0.206092195376874,0.0306883661058994,0.560086040262545,0.166261921754188,NA,NA,NA,NA,NA,NA,0.01,0.817746424013039,0.998792882032416,20,"hier",4,14
"70","25yrs4ages",0.00641769435721352,0.0162200119553106,0.511854978190027,0.0616405437789378,0,NA,NA,NA,NA,NA,0.01,1.45766976428226,0.991571580235803,25,"hier",5,14
"71","N_total",0.0914352907455378,0,0.17262761964319,0,6.40793014918467e-184,0.0321723895199851,6.40793014918467e-184,0,0,5.91502567681472e-09,0.01,1.64012887399833,0.499999826518018,100,"TAindex",10,15
"72","5yrs20ages",0.631176359173849,0.745448290240125,NA,NA,NA,NA,NA,NA,NA,NA,0.116509667723521,1.05680382128662,0.979596969701033,5,"hier",2,15
"73","10yrs10ages",0.0353212935455134,0.000989597013800064,0.830908465253735,NA,NA,NA,NA,NA,NA,NA,0.01,2.02612109501063,0.984559207082437,10,"hier",3,15
"74","20yrs5ages",0.290506400672911,0.0699824414181484,0.458548206429943,0.0479233738022183,NA,NA,NA,NA,NA,NA,0.01,0.798387526011195,0.998537615791842,20,"hier",4,15
"75","25yrs4ages",0.0102881714887409,0.0111027757399038,0.457177391264322,0.0537897160747153,0,NA,NA,NA,NA,NA,0.01,1.51691672572188,0.989910312464729,25,"hier",5,15
"76","N_total",0.0940559998512848,2.40741236324407e-238,0.177133732203782,2.40741236324407e-238,2.7427043481019e-59,0.0324000613622737,2.40741236324407e-238,2.40741236324407e-238,2.40741236324407e-238,3.55766343402807e-12,0.01,1.606419810228,0.500000076493016,100,"TAindex",10,16
"77","5yrs20ages",0.62441970375925,0.5019848680728,NA,NA,NA,NA,NA,NA,NA,NA,0.126884766557652,1.07680778258009,0.976297321921826,5,"hier",2,16
"78","10yrs10ages",0.0268310366414965,0.00149181007504648,0.588746510331915,NA,NA,NA,NA,NA,NA,NA,0.01,2.78019851985291,0.986897282293559,10,"hier",3,16
"79","20yrs5ages",0.0546778008002217,0.0461489768349773,0.34570762657618,3.05600675307394e-90,NA,NA,NA,NA,NA,NA,0.01,1.91304593118423,0.998922984032763,20,"hier",4,16
"80","25yrs4ages",0,0.0841332905010445,0.0932492225365681,0.0812495886811683,0,NA,NA,NA,NA,NA,0.01,1.50398654017423,0.992438110567303,25,"hier",5,16
"81","N_total",0.0948544861932819,0,0.180828367074773,0,3.32232308712775e-162,0.0310723817209676,0,0,0,2.79703182435066e-31,0.01,1.592253587364,0.500000076493016,100,"TAindex",10,17
"82","5yrs20ages",0.714540557655688,0.451782016432362,NA,NA,NA,NA,NA,NA,NA,NA,0.112030808404637,1.08913268314626,0.972751790644199,5,"hier",2,17
"83","10yrs10ages",0.0327322609127913,0.00122706184130505,0.54677642668852,NA,NA,NA,NA,NA,NA,NA,0.01,3.09127967515622,0.987098187604931,10,"hier",3,17
"84","20yrs5ages",0,0.045560023455406,0.582808891378425,0.139598310740021,NA,NA,NA,NA,NA,NA,0.01,0.995409669444534,0.998817741693843,20,"hier",4,17
"85","25yrs4ages",0.00347297743461725,0.0362153933820794,0.542266316336276,0.0757633134404432,0,NA,NA,NA,NA,NA,0.01,1.29996061180823,0.991247149124799,25,"hier",5,17
"86","N_total",0.0954230191992781,0,0.182315726976332,0,8.93079364115962e-119,0.0289529599848493,8.93079364115962e-119,0,0,1.16086750320934e-22,0.01,1.60396213071693,0.500000076493016,100,"TAindex",10,18
"87","5yrs20ages",0.595533366847087,0.523177384118417,NA,NA,NA,NA,NA,NA,NA,NA,0.135945268223431,1.0735984498932,0.977959340305263,5,"hier",2,18
"88","10yrs10ages",0.0244182750133939,0.00192076433987072,0.656099411234826,NA,NA,NA,NA,NA,NA,NA,0.01,2.51583816089652,0.986757146406188,10,"hier",3,18
"89","20yrs5ages",0.0826091481711974,0.0373965076265463,0.311923486254794,0,NA,NA,NA,NA,NA,NA,0.01,1.86858899543173,0.998823164745004,20,"hier",4,18
"90","25yrs4ages",0.00219595656759285,0.0409405089559264,0.192529737907488,0.0672019432669442,0,NA,NA,NA,NA,NA,0.01,1.67976382961677,0.992775974526308,25,"hier",5,18
"91","N_total",0.0958926722256347,0,0.185418645641651,0,6.40793014918467e-184,0.0286079762390912,6.40793014918467e-184,0,0,5.91502567681472e-09,0.01,1.59079723406871,0.499999826518018,100,"TAindex",10,19
"92","5yrs20ages",0.679354728198809,0.490456800051076,NA,NA,NA,NA,NA,NA,NA,NA,0.111578552837806,1.14846881991646,0.979410979237438,5,"hier",2,19
"93","10yrs10ages",0.0379674424527641,0.00170865486390543,0.525895183832363,NA,NA,NA,NA,NA,NA,NA,0.01,3.20237755633343,0.986832024926222,10,"hier",3,19
"94","20yrs5ages",0.209638867625125,0.0304362705001522,0.559033695860275,0.164041133505696,NA,NA,NA,NA,NA,NA,0.01,0.819140368374357,0.998794732649118,20,"hier",4,19
"95","25yrs4ages",0.00647064882423084,0.0163279593405706,0.511161689645833,0.0620223349645864,0,NA,NA,NA,NA,NA,0.01,1.43541251374092,0.991538761775347,25,"hier",5,19
"96","N_total",0.0939336790215612,0,0.177419213692323,0,8.93079364115962e-119,0.0328949572762307,0,0,0,1.67305620171373e-22,0.01,1.59721550894662,0.500000076493016,100,"TAindex",10,20
"97","5yrs20ages",0.631798819370242,0.49773553446243,NA,NA,NA,NA,NA,NA,NA,NA,0.126187536602805,1.07486100651453,0.975860975848035,5,"hier",2,20
"98","10yrs10ages",0.0270482692455901,0.00145926046273636,0.585158453890875,NA,NA,NA,NA,NA,NA,NA,0.01,2.82425165386247,0.986999728394322,10,"hier",3,20
"99","20yrs5ages",0.0529403022740294,0.0471912202437642,0.350333754272603,1.4888259005399e-236,NA,NA,NA,NA,NA,NA,0.01,1.90785628767405,0.998908982919231,20,"hier",4,20
"100","25yrs4ages",0,0.0866472994775594,0.0911774577599199,0.0819320456203448,0,NA,NA,NA,NA,NA,0.01,1.49484447659885,0.992448483096492,25,"hier",5,20
"101","N_total",0.0957258354427483,6.47140644105648e-195,0.183301769684025,6.47140644105648e-195,2.3375443734317e-42,0.0292468203495993,2.3375443734317e-42,6.47140644105648e-195,6.47140644105648e-195,2.14671277252129e-09,0.01,1.58974207734463,0.500000076493016,100,"TAindex",10,21
"102","5yrs20ages",0.593821569627725,0.52433545951379,NA,NA,NA,NA,NA,NA,NA,NA,0.135525324687049,1.07490601398302,0.977989948528881,5,"hier",2,21
"103","10yrs10ages",0.024297233178768,0.00190493682594474,0.649257738551693,NA,NA,NA,NA,NA,NA,NA,0.01,2.54483402840557,0.986813444087643,10,"hier",3,21
"104","20yrs5ages",0.0809402554609706,0.0374407285728516,0.311585244722309,0,NA,NA,NA,NA,NA,NA,0.01,1.88620203439017,0.998839531071206,20,"hier",4,21
"105","25yrs4ages",0.00204399347921825,0.0430262359282443,0.187201046336341,0.0688581974426389,0,NA,NA,NA,NA,NA,0.01,1.65569027132841,0.992713069064713,25,"hier",5,21
"106","N_total",0.095234301133714,0,0.181620830203157,0,8.93079364115962e-119,0.0291517265512766,8.93079364115962e-119,0,0,1.16086750320934e-22,0.01,1.59969359541476,0.500000076493016,100,"TAindex",10,22
"107","5yrs20ages",0.595398906902914,0.522676274166638,NA,NA,NA,NA,NA,NA,NA,NA,0.135799394301928,1.07382819680159,0.977976428341776,5,"hier",2,22
"108","10yrs10ages",0.0244362283662321,0.00190472913719833,0.652886555338643,NA,NA,NA,NA,NA,NA,NA,0.01,2.52264738038527,0.986790387960457,10,"hier",3,22
"109","20yrs5ages",0.0822899153885424,0.0375567591394715,0.312097770384393,0,NA,NA,NA,NA,NA,NA,0.01,1.8656321354689,0.998824752228565,20,"hier",4,22
"110","25yrs4ages",0.00214595230112468,0.0418146445381915,0.190310516063237,0.0677363909247262,0,NA,NA,NA,NA,NA,0.01,1.66868101594623,0.992746802364695,25,"hier",5,22
"111","N_total",0.0963560260520892,0,0.186428746769879,0,8.86791227702778e-271,0.0288059623021758,8.86791227702778e-271,0,0,2.22499699430362e-15,0.01,1.58301735134287,0.499999826518018,100,"TAindex",10,23
"112","5yrs20ages",0.668928928762509,0.501230406050287,NA,NA,NA,NA,NA,NA,NA,NA,0.113186791987027,1.1495290622588,0.980038081431225,5,"hier",2,23
"113","10yrs10ages",0.0382504731005701,0.00177834493926191,0.529994989997327,NA,NA,NA,NA,NA,NA,NA,0.01,3.20332804609383,0.986732621552019,10,"hier",3,23
"114","20yrs5ages",0.231938015191663,0.0294018565149057,0.549272147762225,0.161018880429243,NA,NA,NA,NA,NA,NA,0.01,0.829827365209366,0.998801635420725,20,"hier",4,23
"115","25yrs4ages",0.00625144515108927,0.0165244718905163,0.507449493552264,0.0622369097419749,0,NA,NA,NA,NA,NA,0.01,1.4448229995873,0.991661730272987,25,"hier",5,23
"116","N_total",0.0937209488241238,0,0.175445178359444,0,1.23592943010033e-205,0.0331208573572443,0,0,0,6.42815753578576e-44,0.01,1.60513172969728,0.500000076493016,100,"TAindex",10,24
"117","5yrs20ages",0.652380975397428,0.483323573590831,NA,NA,NA,NA,NA,NA,NA,NA,0.123673807273855,1.07060955265863,0.974821530643192,5,"hier",2,24
"118","10yrs10ages",0.0281427592340218,0.001360034492095,0.573745558734943,NA,NA,NA,NA,NA,NA,NA,0.01,2.87876289249929,0.987064238116844,10,"hier",3,24
"119","20yrs5ages",0.0469016812942521,0.0508118681505338,0.367935120623801,0,NA,NA,NA,NA,NA,NA,0.01,1.87177161639022,0.998836344382001,20,"hier",4,24
"120","25yrs4ages",0,0.0966027888538149,0.0830748262288038,0.0843398704386253,0,NA,NA,NA,NA,NA,0.01,1.4420022468667,0.992434017662431,25,"hier",5,24
"121","N_total",0.0957450217611283,0,0.182356383586386,0,3.32232308712775e-162,0.031234369252025,0,0,0,2.79703182435066e-31,0.01,1.57769540705745,0.500000076493016,100,"TAindex",10,25
"122","5yrs20ages",0.527218998257521,0.620387686467549,NA,NA,NA,NA,NA,NA,NA,NA,0.131226421489487,1.16520788651133,0.984911220755141,5,"hier",2,25
"123","10yrs10ages",0.0387711135384823,0.0024969091419368,0.565414617010694,NA,NA,NA,NA,NA,NA,NA,0.01,3.02501963080039,0.985458689192237,10,"hier",3,25
"124","20yrs5ages",0.27223720477408,0.0309322430859112,0.600893887993783,0.0963332192082727,NA,NA,NA,NA,NA,NA,0.01,0.927821516434878,0.998540218897981,20,"hier",4,25
"125","25yrs4ages",0.00427822783397331,0.0211809214464163,0.429294377092278,0.0584205446201832,0,NA,NA,NA,NA,NA,0.01,1.54052320977511,0.994044798330086,25,"hier",5,25
"126","N_total",0.0924183814436807,8.95575689687982e-282,0.17293410260393,8.95575689687982e-282,1.14325351148341e-83,0.0342320451430744,1.14325351148341e-83,8.95575689687982e-282,8.95575689687982e-282,2.08218657921455e-16,0.01,1.61076797094591,0.500000076493016,100,"TAindex",10,26
"127","5yrs20ages",0.505700074318346,0.640898511672383,NA,NA,NA,NA,NA,NA,NA,NA,0.136749152594185,1.15968708119318,0.985476682481681,5,"hier",2,26
"128","10yrs10ages",0.0388300238682736,0.00249191342846817,0.626938850548784,NA,NA,NA,NA,NA,NA,NA,0.0100000000007735,2.59676618642466,0.982838505166084,10,"hier",3,26
"129","20yrs5ages",0.636079566850515,0.0515134252490474,0,0.0382844481284153,NA,NA,NA,NA,NA,NA,0.01,2.02483588238912,0.991224136419463,20,"hier",4,26
"130","25yrs4ages",0.00327547569524215,0.0269576405295233,0.403050480724257,0.0608790329942073,0,NA,NA,NA,NA,NA,0.01,1.48119701110582,0.994875311787796,25,"hier",5,26
"131","N_total",0.0935912132429088,0,0.175228166690166,0,2.38379870040001e-227,0.032428249844515,2.38379870040001e-227,0,0,2.38129566543161e-52,0.01,1.61429534001508,0.499999826518018,100,"TAindex",10,27
"132","5yrs20ages",0.527575780097031,0.62450475602674,NA,NA,NA,NA,NA,NA,NA,NA,0.139016840731743,1.14815696781326,0.984933420757052,5,"hier",2,27
"133","10yrs10ages",0.0371441410189273,0.00182256073157882,0.653027886720461,NA,NA,NA,NA,NA,NA,NA,0.01,2.67840875103616,0.983216616322503,10,"hier",3,27
"134","20yrs5ages",0.589605798018736,0.0691910282534803,2.70648650567222e-67,0.0611725754275,NA,NA,NA,NA,NA,NA,0.01,1.69767576962612,0.99084712091422,20,"hier",4,27
"135","25yrs4ages",0.00268327880526985,0.0321609516411268,0.409695040534294,0.0661718383216881,0,NA,NA,NA,NA,NA,0.01,1.38019808004667,0.995071411657425,25,"hier",5,27
"136","N_total",0.0944364665971884,6.47140644105648e-195,0.180395468767486,6.47140644105648e-195,2.3375443734317e-42,0.0302837976761378,6.47140644105648e-195,6.47140644105648e-195,6.47140644105648e-195,3.09386825579624e-09,0.01,1.61510546709365,0.500000076493016,100,"TAindex",10,28
"137","5yrs20ages",0.60377978306349,0.514904444878241,NA,NA,NA,NA,NA,NA,NA,NA,0.12952038598703,1.08134492158482,0.977370290784228,5,"hier",2,28
"138","10yrs10ages",0.025601908490201,0.00159388342072225,0.597255859969909,NA,NA,NA,NA,NA,NA,NA,0.01,2.741852486706,0.987021745477503,10,"hier",3,28
"139","20yrs5ages",0.0617533496321253,0.0427408867691811,0.328952909051484,2.85933745217188e-215,NA,NA,NA,NA,NA,NA,0.01,1.93085330325397,0.998933547062207,20,"hier",4,28
"140","25yrs4ages",2.32629391626085e-90,0.0728520039364803,0.107324573012221,0.0773633837130225,0,NA,NA,NA,NA,NA,0.01,1.59684099418514,0.992581424949745,25,"hier",5,28
"141","N_total",0.0945227032440987,4.64329622959346e-260,0.179592351390559,4.64329622959346e-260,2.27166477890432e-70,0.0319768922764621,4.64329622959346e-260,4.64329622959346e-260,4.64329622959346e-260,4.23872475194712e-14,0.01,1.59969469664017,0.499999826518018,100,"TAindex",10,29
"142","5yrs20ages",0.607907215675778,0.513261953828464,NA,NA,NA,NA,NA,NA,NA,NA,0.129056854482468,1.08046290234152,0.97712398754104,5,"hier",2,29
"143","10yrs10ages",0.0257671324158819,0.00158348562483882,0.596948262752365,NA,NA,NA,NA,NA,NA,NA,0.01,2.75648907113927,0.986998550074115,10,"hier",3,29
"144","20yrs5ages",0.0605304235822658,0.0433559333542476,0.331750014259923,0,NA,NA,NA,NA,NA,NA,0.01,1.93132462532407,0.998932850406541,20,"hier",4,29
"145","25yrs4ages",0,0.0748693004031516,0.105224346462467,0.0781583816352883,0,NA,NA,NA,NA,NA,0.01,1.57620173286407,0.992557078179011,25,"hier",5,29
"146","N_total",0.0942629740552988,1.72734147532588e-303,0.179570349553139,1.72734147532588e-303,1.25979680706037e-99,0.0285719733898225,1.25979680706037e-99,1.72734147532588e-303,1.72734147532588e-303,2.45094225395538e-19,0.01,1.63122949937284,0.499999826518018,100,"TAindex",10,30
"147","5yrs20ages",0.62211619191185,0.521007163309976,NA,NA,NA,NA,NA,NA,NA,NA,0.140226606946466,1.05817190018577,0.977083817858851,5,"hier",2,30
"148","10yrs10ages",0.027874637816144,0.00210667428232038,0.835463470952373,NA,NA,NA,NA,NA,NA,NA,0.01,2.09307241090001,0.985289004603424,10,"hier",3,30
"149","20yrs5ages",0.117673968827567,0.0406938299489411,0.367753975672148,0.00295441598885757,NA,NA,NA,NA,NA,NA,0.01,1.46811978098487,0.998680001131813,20,"hier",4,30
"150","25yrs4ages",0.00422379415636157,0.0240588554095679,0.277901526061549,0.0597582597986038,0,NA,NA,NA,NA,NA,0.01,1.69419569055899,0.992201654732348,25,"hier",5,30
"151","N_total",0.0955253938738673,4.64329622959346e-260,0.182977285615746,4.64329622959346e-260,2.27166477890432e-70,0.028679825606769,2.27166477890432e-70,4.64329622959346e-260,4.64329622959346e-260,2.94108339848014e-14,0.01,1.60257988696747,0.499999826518018,100,"TAindex",10,31
"152","5yrs20ages",0.603896149536178,0.522272444249556,NA,NA,NA,NA,NA,NA,NA,NA,0.1379326469611,1.06805658714117,0.977685230912729,5,"hier",2,31
"153","10yrs10ages",0.024991078367636,0.00204819512069546,0.705625422096645,NA,NA,NA,NA,NA,NA,NA,0.01,2.38586658192899,0.986380282997648,10,"hier",3,31
"154","20yrs5ages",0.0930617171209992,0.0374953286787261,0.326006580108181,0.000592126987561239,NA,NA,NA,NA,NA,NA,0.01,1.74958148635141,0.998770018936868,20,"hier",4,31
"155","25yrs4ages",0.00305733413499178,0.0330006258144219,0.229578434141453,0.0647977813908994,0,NA,NA,NA,NA,NA,0.01,1.67660200150287,0.992549589439683,25,"hier",5,31
"156","N_total",0.0911699522034816,2.40741236324407e-238,0.168036881718933,2.40741236324407e-238,2.7427043481019e-59,0.0372551128392911,2.7427043481019e-59,2.40741236324407e-238,2.40741236324407e-238,2.46852189644852e-12,0.01,1.62035144784642,0.500000076493016,100,"TAindex",10,32
"157","5yrs20ages",0.715599080591975,0.530530843569306,NA,NA,NA,NA,NA,NA,NA,NA,0.107616821955648,1.12728773732579,0.97817326139468,5,"hier",2,32
"158","10yrs10ages",0.0429988918061445,0.00175033463198807,0.629891735379964,NA,NA,NA,NA,NA,NA,NA,0.01,2.10055076436522,0.983227745809484,10,"hier",3,32
"159","20yrs5ages",0.224214746494415,0.093927949701106,0.509600388207431,0.0933601012385228,NA,NA,NA,NA,NA,NA,0.01,0.740110811286443,0.998492861174431,20,"hier",4,32
"160","25yrs4ages",0.00773857167819031,0.0190896933291305,0.615918337210901,0.0629455727570201,0,NA,NA,NA,NA,NA,0.01,1.31538474895824,0.989549501801886,25,"hier",5,32
"161","N_total",0.0921058969989733,2.40741236324407e-238,0.173569177943911,2.40741236324407e-238,2.7427043481019e-59,0.0326315796532271,2.7427043481019e-59,2.40741236324407e-238,2.40741236324407e-238,2.46852189644852e-12,0.01,1.62442050381442,0.500000076493016,100,"TAindex",10,33
"162","5yrs20ages",0.637093464129403,0.717217749974745,NA,NA,NA,NA,NA,NA,NA,NA,0.113752855702295,1.06957005525832,0.979886146923284,5,"hier",2,33
"163","10yrs10ages",0.0357732045485676,0.00112106135777079,0.810953069576922,NA,NA,NA,NA,NA,NA,NA,0.01,2.04015134603272,0.984360869407491,10,"hier",3,33
"164","20yrs5ages",0.305364279693127,0.0727359478605909,0.45093788603121,0.0542936428930807,NA,NA,NA,NA,NA,NA,0.01,0.782054938654725,0.998546523308004,20,"hier",4,33
"165","25yrs4ages",0.0107825207332662,0.0107063972622014,0.477667875437815,0.0537514401396143,0,NA,NA,NA,NA,NA,0.01,1.50475560084143,0.989829412344673,25,"hier",5,33
"166","N_total",0.0955253938738673,4.64329622959346e-260,0.182279867310438,4.64329622959346e-260,2.27166477890432e-70,0.028679825606769,2.27166477890432e-70,4.64329622959346e-260,4.64329622959346e-260,2.94108339848014e-14,0.01,1.60257988696747,0.499999826518018,100,"TAindex",10,34
"167","5yrs20ages",0.603125742190322,0.521367539106846,NA,NA,NA,NA,NA,NA,NA,NA,0.137598209395696,1.0685921220664,0.977733787365543,5,"hier",2,34
"168","10yrs10ages",0.0249476592703719,0.00201195424440106,0.694912625843612,NA,NA,NA,NA,NA,NA,NA,0.01,2.40569893267352,0.986466436481755,10,"hier",3,34
"169","20yrs5ages",0.0908578241164733,0.0372575137567317,0.320790680419174,0.000364520705587195,NA,NA,NA,NA,NA,NA,0.01,1.78021630993584,0.998779391112746,20,"hier",4,34
"170","25yrs4ages",0.00286945022695049,0.0341483577291774,0.220560421986886,0.0646102793269068,0,NA,NA,NA,NA,NA,0.01,1.70126008545924,0.992633557740539,25,"hier",5,34
"171","N_total",0.091838646878674,6.47140644105648e-195,0.176689389977736,6.47140644105648e-195,2.3375443734317e-42,0.0326668623656761,2.3375443734317e-42,6.47140644105648e-195,6.47140644105648e-195,2.14671277252129e-09,0.01,1.60557270735475,0.500000076493016,100,"TAindex",10,35
"172","5yrs20ages",0.619502271984716,0.564950661785191,NA,NA,NA,NA,NA,NA,NA,NA,0.137198257198216,1.13733977038295,0.978959211780962,5,"hier",2,35
"173","10yrs10ages",0.0352264366499258,0.00273181613774775,0.569656316977634,NA,NA,NA,NA,NA,NA,NA,0.01,3.08959319740085,0.987977859561377,10,"hier",3,35
"174","20yrs5ages",0.299176845975612,0.0336863931185679,0.534848835951779,0.181242619371054,NA,NA,NA,NA,NA,NA,0.01,0.736282824752387,0.99856309126755,20,"hier",4,35
"175","25yrs4ages",0.0116130449031839,0.00987092913215287,0.431817106719749,0.0472146600188136,0,NA,NA,NA,NA,NA,0.01,1.81905476881794,0.989597852239395,25,"hier",5,35
"176","N_total",0.0969465117015117,1.73958985858633e-151,0.187618889073885,1.73958985858633e-151,1.33692698504729e-30,0.0273395154118,1.33692698504729e-30,1.73958985858633e-151,1.73958985858633e-151,2.36037040111553e-07,0.01,1.57805230388728,0.500000076493016,100,"TAindex",10,36
"177","5yrs20ages",0.655475918582662,0.511618797921045,NA,NA,NA,NA,NA,NA,NA,NA,0.114266941378734,1.1529085466863,0.980842718174886,5,"hier",2,36
"178","10yrs10ages",0.0385111129509063,0.00185965833848159,0.525612691307486,NA,NA,NA,NA,NA,NA,NA,0.01,3.19135920357221,0.986716825673537,10,"hier",3,36
"179","20yrs5ages",0.247469383984944,0.0286466335808842,0.543934437208924,0.153542829542274,NA,NA,NA,NA,NA,NA,0.01,0.841455227061979,0.998807128676846,20,"hier",4,36
"180","25yrs4ages",0.00609314001289635,0.0165454170782532,0.495643097529941,0.0610381900460194,0,NA,NA,NA,NA,NA,0.01,1.45579172497178,0.991938687019179,25,"hier",5,36
"181","N_total",0.0916246062186003,0,0.167210337589365,0,0,0.0386001082912632,0,0,0,6.15065513358293e-148,0.01,1.60996740645422,0.499999826518018,100,"TAindex",10,37
"182","5yrs20ages",0.72935749665973,0.531079843997155,NA,NA,NA,NA,NA,NA,NA,NA,0.113264896589666,1.13160126119334,0.979428632861519,5,"hier",2,37
"183","10yrs10ages",0.0482910200169244,0.000580177897036548,0.551617129388236,NA,NA,NA,NA,NA,NA,NA,0.01,2.19355749984302,0.983322158800359,10,"hier",3,37
"184","20yrs5ages",0,0.100927558905855,0.721251721249102,0.00911837354596728,NA,NA,NA,NA,NA,NA,0.01,1.29742489360508,0.997784265223694,20,"hier",4,37
"185","25yrs4ages",0.0035326146553569,0.0370685908832273,0.455338000064413,0.0655317413634385,0,NA,NA,NA,NA,NA,0.01,1.50846218506682,0.991388742605569,25,"hier",5,37
"186","N_total",0.0948970923821225,1.73958985858633e-151,0.181250246008506,1.73958985858633e-151,1.33692698504729e-30,0.0301547132698883,1.33692698504729e-30,1.73958985858633e-151,1.73958985858633e-151,2.36037040111553e-07,0.01,1.60252854355555,0.500000076493016,100,"TAindex",10,38
"187","5yrs20ages",0.591120527687508,0.523267059486848,NA,NA,NA,NA,NA,NA,NA,NA,0.13328261295278,1.07966344802263,0.97804655603238,5,"hier",2,38
"188","10yrs10ages",0.0245219461771198,0.0017757944899458,0.621814072916897,NA,NA,NA,NA,NA,NA,NA,0.01,2.62958987449548,0.98695700748591,10,"hier",3,38
"189","20yrs5ages",0.0728594068410508,0.0388159719314039,0.312519006116185,8.86791227702778e-271,NA,NA,NA,NA,NA,NA,0.01,1.92447417175115,0.998890982001527,20,"hier",4,38
"190","25yrs4ages",0.00106440925737557,0.053354489730786,0.150568490445222,0.0716263156363327,0,NA,NA,NA,NA,NA,0.01,1.65855023863547,0.992785009790329,25,"hier",5,38
"191","N_total",0.0921741477834867,0,0.173960762412041,0,1.72252668775837e-140,0.0311156630398655,1.72252668775837e-140,0,0,1.18938414194603e-26,0.01,1.63472859507752,0.499999826518018,100,"TAindex",10,39
"192","5yrs20ages",0.628004695568174,0.651893424651038,NA,NA,NA,NA,NA,NA,NA,NA,0.133782488041458,1.03290799708761,0.977007276496126,5,"hier",2,39
"193","10yrs10ages",0.0330961497212428,0.00133268125700341,0.902743660522392,NA,NA,NA,NA,NA,NA,NA,0.01,1.94299154613546,0.984762097989508,10,"hier",3,39
"194","20yrs5ages",0.208810339510632,0.0573961258198344,0.461553399255268,0.0212725471135111,NA,NA,NA,NA,NA,NA,0.01,0.957794048379238,0.998534624604698,20,"hier",4,39
"195","25yrs4ages",0.00749699542536802,0.0141753009105672,0.379959973351943,0.0547505852898967,0,NA,NA,NA,NA,NA,0.01,1.60023987784857,0.990722805586209,25,"hier",5,39
"196","N_total",0.0921178460744226,0,0.175241055856565,0,1.72252668775837e-140,0.0315789068680466,1.72252668775837e-140,0,0,1.18938414194603e-26,0.01,1.63192899024501,0.499999826518018,100,"TAindex",10,40
"197","5yrs20ages",0.627468180175037,0.698769348857583,NA,NA,NA,NA,NA,NA,NA,NA,0.129965857029949,1.03228643952217,0.9773936859826,5,"hier",2,40
"198","10yrs10ages",0.0340065741223667,0.00116003205204575,0.898938701655044,NA,NA,NA,NA,NA,NA,NA,0.01,1.95546095364004,0.984679426918306,10,"hier",3,40
"199","20yrs5ages",0.238981786272294,0.0623482620587614,0.47237617158779,0.029750665320796,NA,NA,NA,NA,NA,NA,0.01,0.883021518449302,0.998513320661826,20,"hier",4,40
"200","25yrs4ages",0.00829150670759922,0.0127888232509731,0.403670314538913,0.0543474445110109,0,NA,NA,NA,NA,NA,0.01,1.59266005482052,0.990472332756867,25,"hier",5,40
"201","N_total",0.0935047085614139,0,0.176436844966307,0,1.72252668775837e-140,0.0333076620314508,0,0,0,1.18938414194603e-26,0.01,1.60471089224358,0.499999826518018,100,"TAindex",10,41
"202","5yrs20ages",0.812477747297765,0.415450620944332,NA,NA,NA,NA,NA,NA,NA,NA,0.129338341168134,1.1146140773495,0.976144137380626,5,"hier",2,41
"203","10yrs10ages",0.044517160536127,0,0.621303620860093,NA,NA,NA,NA,NA,NA,NA,0.01,2.2211056284794,0.982821422040211,10,"hier",3,41
"204","20yrs5ages",0,0.0921100655652647,0.554837126976639,0.00329911246585489,NA,NA,NA,NA,NA,NA,0.01,1.50619118941,0.997050819415963,20,"hier",4,41
"205","25yrs4ages",0.00466148975296436,0.0300020524401476,0.407539963989886,0.0636528925778508,0,NA,NA,NA,NA,NA,0.01,1.57866576028069,0.990981858629813,25,"hier",5,41
"206","N_total",0.0952353574741649,3.35523367526795e-173,0.181475404174551,3.35523367526795e-173,6.05143924918802e-36,0.0297670565865369,6.05143924918802e-36,3.35523367526795e-173,3.35523367526795e-173,2.78714235424159e-08,0.01,1.60042683993913,0.499999826518018,100,"TAindex",10,42
"207","5yrs20ages",0.591592436984918,0.524437893723441,NA,NA,NA,NA,NA,NA,NA,NA,0.134385957616484,1.07760000426853,0.978041838355249,5,"hier",2,42
"208","10yrs10ages",0.0243397853809924,0.00184273856476258,0.634193840940246,NA,NA,NA,NA,NA,NA,NA,0.01,2.59147888427056,0.986889410348912,10,"hier",3,42
"209","20yrs5ages",0.0766761973889816,0.038132887943081,0.311501904042026,0,NA,NA,NA,NA,NA,NA,0.01,1.90640346206998,0.998863847296069,20,"hier",4,42
"210","25yrs4ages",0.00156905472765558,0.0478171378526218,0.168306780681087,0.0700913608520608,0,NA,NA,NA,NA,NA,0.01,1.66271006033782,0.99279316958097,25,"hier",5,42
"211","N_total",0.0941550448993032,1.72734147532588e-303,0.179570349553139,1.72734147532588e-303,1.25979680706037e-99,0.0291405412436783,1.25979680706037e-99,1.72734147532588e-303,1.72734147532588e-303,2.45094225395538e-19,0.01,1.63122949937284,0.499999826518018,100,"TAindex",10,43
"212","5yrs20ages",0.625166565969351,0.522692345199563,NA,NA,NA,NA,NA,NA,NA,NA,0.140539418409729,1.05623690351831,0.976959510297679,5,"hier",2,43
"213","10yrs10ages",0.0284937558558681,0.0020879337911274,0.860832300951224,NA,NA,NA,NA,NA,NA,NA,0.01,2.04590428623191,0.985091052009176,10,"hier",3,43
"214","20yrs5ages",0.123139163214556,0.0412930938565403,0.376846301265884,0.00363307310237338,NA,NA,NA,NA,NA,NA,0.01,1.42964049406638,0.998673708762818,20,"hier",4,43
"215","25yrs4ages",0.00450378785665137,0.0227675984545735,0.288638040853583,0.0593112487132726,0,NA,NA,NA,NA,NA,0.01,1.68001055996394,0.992037813748013,25,"hier",5,43
"216","N_total",0.0878493239348895,8.95575689687982e-282,0.165232474519485,8.95575689687982e-282,1.14325351148341e-83,0.0343612760953281,1.14325351148341e-83,8.95575689687982e-282,8.95575689687982e-282,1.44474688474476e-16,0.01,1.68243696212025,0.500000076493016,100,"TAindex",10,44
"217","5yrs20ages",0.635477862815565,0.667773225797656,NA,NA,NA,NA,NA,NA,NA,NA,0.134102645909549,1.0593986821493,0.97768400681662,5,"hier",2,44
"218","10yrs10ages",0.0372393407020078,0,0.734497609688368,NA,NA,NA,NA,NA,NA,NA,0.01,2.46804124452172,0.983454440615305,10,"hier",3,44
"219","20yrs5ages",0.21593572134984,0.0597155081293534,0.354465164405758,0.0353185138009762,NA,NA,NA,NA,NA,NA,0.01,1.04752284418621,0.998261461826556,20,"hier",4,44
"220","25yrs4ages",0.00355817139451833,0.0413363197892162,0.380353451893406,0.0698072056347307,0,NA,NA,NA,NA,NA,0.01,1.48868754571087,0.991069169990076,25,"hier",5,44
"221","N_total",0.0995151522856296,1.90055555034199e-57,0.203193281351052,2.40741236324407e-238,2.7427043481019e-59,0.0232547183835604,2.40741236324407e-238,2.40741236324407e-238,2.40741236324407e-238,2.46852189644852e-12,0.01,1.57456424614963,0.500000076493016,100,"TAindex",10,45
"222","5yrs20ages",0.896838209933936,0.384809793444413,NA,NA,NA,NA,NA,NA,NA,NA,0.126896972215085,1.12645425823481,0.974577821775381,5,"hier",2,45
"223","10yrs10ages",0.0488335157807971,0.00257464743611126,0.560921082762613,NA,NA,NA,NA,NA,NA,NA,0.0102749431590646,1.96874183258801,0.983036760591197,10,"hier",3,45
"224","20yrs5ages",2.74097589609026e-66,0.0965935976042654,0.534595269116813,0.00248883299710848,NA,NA,NA,NA,NA,NA,0.01,1.50753923765211,0.996918183635377,20,"hier",4,45
"225","25yrs4ages",0.000642556371887364,0.0550214055545505,0.558482616426089,0.0950746035427608,0,NA,NA,NA,NA,NA,0.01,1.12854254373351,0.995894943319046,25,"hier",5,45
"226","N_total",0.0927255758035789,0,0.172752852715884,0,1.72252668775837e-140,0.035048288197849,1.72252668775837e-140,0,0,1.18938414194603e-26,0.01,1.60324839757229,0.499999826518018,100,"TAindex",10,46
"227","5yrs20ages",0.693178966272963,0.568495408169283,NA,NA,NA,NA,NA,NA,NA,NA,0.107373795132422,1.115924632307,0.978780270546748,5,"hier",2,46
"228","10yrs10ages",0.0397895149172528,0.00188818258948855,0.690508364156648,NA,NA,NA,NA,NA,NA,NA,0.01,2.07408652576872,0.983368062728323,10,"hier",3,46
"229","20yrs5ages",0.286980458944698,0.0855397330855226,0.45361036966756,0.0833941060614198,NA,NA,NA,NA,NA,NA,0.01,0.744983181567711,0.998550062592473,20,"hier",4,46
"230","25yrs4ages",0.0101611513446464,0.0132972077746965,0.590115543940625,0.0588182925712987,0,NA,NA,NA,NA,NA,0.01,1.35949480777283,0.989335291323765,25,"hier",5,46
"231","N_total",0.0943270381426379,1.73958985858633e-151,0.180659034757771,1.73958985858633e-151,1.33692698504729e-30,0.0297925066543287,1.33692698504729e-30,1.73958985858633e-151,1.73958985858633e-151,2.36037040111553e-07,0.01,1.61769161400967,0.500000076493016,100,"TAindex",10,47
"232","5yrs20ages",0.591107596709427,0.524288867424274,NA,NA,NA,NA,NA,NA,NA,NA,0.133571136618811,1.07920316176895,0.978029261718384,5,"hier",2,47
"233","10yrs10ages",0.0244302207636533,0.00180134572464165,0.625798833458986,NA,NA,NA,NA,NA,NA,NA,0.01,2.6227632545726,0.986928384464421,10,"hier",3,47
"234","20yrs5ages",0.0736612514876032,0.0385250879921343,0.312129157388403,0,NA,NA,NA,NA,NA,NA,0.01,1.9277246093969,0.998886424150537,20,"hier",4,47
"235","25yrs4ages",0.00121117159811308,0.0519465102348932,0.1560264033308,0.071691799031619,0,NA,NA,NA,NA,NA,0.01,1.65202845583223,0.992772818010982,25,"hier",5,47
"236","N_total",0.0927952072021662,0,0.169972922927152,0,1.23592943010033e-205,0.0368781286126886,1.23592943010033e-205,0,0,4.4602441813732e-44,0.01,1.5924610354484,0.500000076493016,100,"TAindex",10,48
"237","5yrs20ages",0.783757762086261,0.465458214745875,NA,NA,NA,NA,NA,NA,NA,NA,0.122670570608617,1.11988274120309,0.977914329272129,5,"hier",2,48
"238","10yrs10ages",0.0469812639476877,0,0.56829238540985,NA,NA,NA,NA,NA,NA,NA,0.01,2.23401911157396,0.983143859490231,10,"hier",3,48
"239","20yrs5ages",0,0.0974796048863307,0.615406186255988,0.00365582387191263,NA,NA,NA,NA,NA,NA,0.01,1.41921886708942,0.997136249009362,20,"hier",4,48
"240","25yrs4ages",0.00399138479424282,0.0332766369644442,0.392202964678111,0.0632359217648801,0,NA,NA,NA,NA,NA,0.01,1.6029606352671,0.991453297277909,25,"hier",5,48
"241","N_total",0.0974139407236903,0,0.187052930867161,0,1.23592943010033e-205,0.0290618418647953,0,0,0,6.42815753578576e-44,0.01,1.56923625313679,0.500000076493016,100,"TAindex",10,49
"242","5yrs20ages",0.543056039324638,0.608147087449915,NA,NA,NA,NA,NA,NA,NA,NA,0.129566405787581,1.16281600063883,0.984482299217424,5,"hier",2,49
"243","10yrs10ages",0.0390641789873777,0.00245177198607494,0.558736041648895,NA,NA,NA,NA,NA,NA,NA,0.01,3.06422926636599,0.985669185439582,10,"hier",3,49
"244","20yrs5ages",0.308131052835295,0.0289636503355346,0.554079732763254,0.104318634218222,NA,NA,NA,NA,NA,NA,0.01,0.942352835667894,0.998710021701136,20,"hier",4,49
"245","25yrs4ages",0.0044119013628345,0.0200654244878285,0.438113767993447,0.0580752591878062,8.19103811746012e-314,NA,NA,NA,NA,NA,0.01,1.55958106600374,0.99381268610464,25,"hier",5,49
"246","N_total",0.0944797426170198,0,0.180054573701489,0,0,0.0309134501716041,0,0,0,3.21501322571573e-67,0.01,1.60235192573576,0.500000076493016,100,"TAindex",10,50
"247","5yrs20ages",0.717931475793745,0.451431876814936,NA,NA,NA,NA,NA,NA,NA,NA,0.110393506649618,1.09714057106749,0.973161916707986,5,"hier",2,50
"248","10yrs10ages",0.033407391342768,0.00123556862359105,0.540906211903649,NA,NA,NA,NA,NA,NA,NA,0.01,3.11387045286036,0.987138682300058,10,"hier",3,50
"249","20yrs5ages",0,0.046929744461664,0.61180419084507,0.142032118307562,NA,NA,NA,NA,NA,NA,0.01,0.971644953091774,0.998801160787649,20,"hier",4,50
"250","25yrs4ages",0.00421860533462232,0.0314994975552088,0.549756424785671,0.0733621304879531,0,NA,NA,NA,NA,NA,0.01,1.30599536374065,0.991105992626139,25,"hier",5,50
"251","N_total",0.0917986998919557,8.95575689687982e-282,0.173876813093603,8.95575689687982e-282,1.14325351148341e-83,0.0322205516768772,1.14325351148341e-83,8.95575689687982e-282,8.95575689687982e-282,1.44474688474476e-16,0.01,1.63418356253347,0.500000076493016,100,"TAindex",10,51
"252","5yrs20ages",0.628962150756911,0.752264539262168,NA,NA,NA,NA,NA,NA,NA,NA,0.119889568935617,1.04694486002117,0.978996585655927,5,"hier",2,51
"253","10yrs10ages",0.0351637528453989,0.000951845573881586,0.854810136095164,NA,NA,NA,NA,NA,NA,NA,0.01,2.00617678697142,0.984576292115727,10,"hier",3,51
"254","20yrs5ages",0.282202140995162,0.0688452991732088,0.466384264353718,0.0440399055326192,NA,NA,NA,NA,NA,NA,0.01,0.806280093362041,0.998515240173669,20,"hier",4,51
"255","25yrs4ages",0.00973388176267834,0.011229385268928,0.443087615391388,0.0537198007801816,0,NA,NA,NA,NA,NA,0.01,1.55028497717033,0.990112510804659,25,"hier",5,51
"256","N_total",0.0928697263713808,0,0.175457919570538,0,8.93079364115962e-119,0.0304530966806919,8.93079364115962e-119,0,0,1.16086750320934e-22,0.01,1.63940779918418,0.500000076493016,100,"TAindex",10,52
"257","5yrs20ages",0.633164731795746,0.544932802483168,NA,NA,NA,NA,NA,NA,NA,NA,0.140664760561264,1.04711313607336,0.976531897007232,5,"hier",2,52
"258","10yrs10ages",0.0308055046911304,0.00185149345101991,0.922489799413477,NA,NA,NA,NA,NA,NA,NA,0.01,1.93902343356003,0.984693594835615,10,"hier",3,52
"259","20yrs5ages",0.158167258546704,0.047535021817817,0.424643932749967,0.00900715543986111,NA,NA,NA,NA,NA,NA,0.01,1.18175307987108,0.998594363118437,20,"hier",4,52
"260","25yrs4ages",0.00569783397570644,0.0176963009996625,0.332035048199482,0.0565399528028849,0,NA,NA,NA,NA,NA,0.01,1.6671901726097,0.991505173978479,25,"hier",5,52
"261","N_total",0.0945354930102342,1.72734147532588e-303,0.179735002701095,1.72734147532588e-303,1.25979680706037e-99,0.0312126552229037,1.72734147532588e-303,1.72734147532588e-303,1.72734147532588e-303,3.53232744192237e-19,0.01,1.60515024722252,0.499999826518018,100,"TAindex",10,53
"262","5yrs20ages",0.602759296505877,0.516056846973605,NA,NA,NA,NA,NA,NA,NA,NA,0.129772753157425,1.08136618971623,0.977402985725196,5,"hier",2,53
"263","10yrs10ages",0.0250354439383267,0.00155169598816926,0.587971371575036,NA,NA,NA,NA,NA,NA,NA,0.01,2.84404006448238,0.98750283977687,10,"hier",3,53
"264","20yrs5ages",0.0624627685469866,0.0422290362201779,0.326812737791924,6.10311025167893e-31,NA,NA,NA,NA,NA,NA,0.01,1.9404811259332,0.998932824392752,20,"hier",4,53
"265","25yrs4ages",1.4953367247796e-19,0.0720219914095863,0.108489494422975,0.0770010925322739,0,NA,NA,NA,NA,NA,0.01,1.60756255486358,0.99260048223905,25,"hier",5,53
"266","N_total",0.0935535151244741,1.24817241893004e-216,0.177728795871536,1.24817241893004e-216,4.71022102939469e-50,0.0321403182070237,4.71022102939469e-50,1.24817241893004e-216,1.24817241893004e-216,1.42705122787127e-10,0.01,1.60490447841813,0.499999826518018,100,"TAindex",10,54
"267","5yrs20ages",0.694234079336366,0.458240828453643,NA,NA,NA,NA,NA,NA,NA,NA,0.117265725895445,1.07249227070894,0.972903273614908,5,"hier",2,54
"268","10yrs10ages",0.0306648263869036,0.00123753110191322,0.556791924842157,NA,NA,NA,NA,NA,NA,NA,0.01,2.99522996290872,0.987107219764247,10,"hier",3,54
"269","20yrs5ages",0.0320834411086734,0.0604176633960078,0.414824484132623,0,NA,NA,NA,NA,NA,NA,0.01,1.80055602832377,0.998403022354725,20,"hier",4,54
"270","25yrs4ages",0.00159433566057145,0.0518544475706061,0.461927940973375,0.0781159214483855,0,NA,NA,NA,NA,NA,0.01,1.36703381903398,0.992113814837664,25,"hier",5,54
"271","N_total",0.0968412005936369,4.64329622959346e-260,0.18799043041596,4.64329622959346e-260,2.27166477890432e-70,0.0272717184308189,2.27166477890432e-70,4.64329622959346e-260,4.64329622959346e-260,2.94108339848014e-14,0.01,1.58570342763672,0.499999826518018,100,"TAindex",10,55
"272","5yrs20ages",0.632958124846396,0.532181891443144,NA,NA,NA,NA,NA,NA,NA,NA,0.117226806706735,1.15501747343525,0.98184258212889,5,"hier",2,55
"273","10yrs10ages",0.0388584594794707,0.0019899859694544,0.530640366562094,NA,NA,NA,NA,NA,NA,NA,0.01,3.17837185438573,0.986544433809197,10,"hier",3,55
"274","20yrs5ages",0.265007994171711,0.0284478203268335,0.550096894048206,0.144750841329351,NA,NA,NA,NA,NA,NA,0.01,0.856077607220386,0.998798190921207,20,"hier",4,55
"275","25yrs4ages",0.00569638580208394,0.0170838295543815,0.485695247172473,0.0608266438951393,0,NA,NA,NA,NA,NA,0.01,1.47368200659296,0.992266071336555,25,"hier",5,55
"276","N_total",0.0945887695952912,2.40741236324407e-238,0.180145320302942,2.40741236324407e-238,2.7427043481019e-59,0.0316695185595436,2.40741236324407e-238,2.40741236324407e-238,2.40741236324407e-238,3.55766343402807e-12,0.01,1.59574006014279,0.500000076493016,100,"TAindex",10,56
"277","5yrs20ages",0.712211016453664,0.452221372034809,NA,NA,NA,NA,NA,NA,NA,NA,0.112893963632841,1.08567385918969,0.972622623677229,5,"hier",2,56
"278","10yrs10ages",0.0323863221710922,0.00123212676945187,0.550771052705659,NA,NA,NA,NA,NA,NA,NA,0.01,3.07092692004028,0.987079489490318,10,"hier",3,56
"279","20yrs5ages",6.14384629149683e-79,0.0469054643402728,0.578065059380206,0.139991856195449,NA,NA,NA,NA,NA,NA,0.01,0.979509077792474,0.998773042310347,20,"hier",4,56
"280","25yrs4ages",0.00315319448805202,0.0386025266989187,0.53699227420981,0.0769029430254559,0,NA,NA,NA,NA,NA,0.01,1.29619050729547,0.991302370253281,25,"hier",5,56
"281","N_total",0.0947602876186862,1.73958985858633e-151,0.182044113136071,1.73958985858633e-151,1.33692698504729e-30,0.0297925066543287,1.33692698504729e-30,1.73958985858633e-151,1.73958985858633e-151,2.36037040111553e-07,0.01,1.60938801361334,0.500000076493016,100,"TAindex",10,57
"282","5yrs20ages",0.591853062345543,0.524576238516678,NA,NA,NA,NA,NA,NA,NA,NA,0.132774932640153,1.0805335851449,0.977941696172863,5,"hier",2,57
"283","10yrs10ages",0.0244990030318689,0.00177342746726353,0.620070283680708,NA,NA,NA,NA,NA,NA,NA,0.01,2.65655590549797,0.986956379026133,10,"hier",3,57
"284","20yrs5ages",0.0712061162952027,0.0391773493894937,0.314512800650394,8.86791227702778e-271,NA,NA,NA,NA,NA,NA,0.01,1.93937021705339,0.998900382755047,20,"hier",4,57
"285","25yrs4ages",0.000902530140956995,0.0549228239607966,0.145889061417623,0.072485289059077,0,NA,NA,NA,NA,NA,0.01,1.66404080034554,0.992828592024607,25,"hier",5,57
"286","N_total",0.0921732534207688,0,0.16891306940019,0,0,0.038538989637002,0,0,0,3.18893356755199e-126,0.01,1.59703327144803,0.500000076493016,100,"TAindex",10,58
"287","5yrs20ages",0.719213775251757,0.531197374548121,NA,NA,NA,NA,NA,NA,NA,NA,0.109232070294619,1.13449762351216,0.978775039466005,5,"hier",2,58
"288","10yrs10ages",0.0463237686886397,0.00124621270002092,0.584178012219502,NA,NA,NA,NA,NA,NA,NA,0.01,2.13952882075621,0.98318254579238,10,"hier",3,58
"289","20yrs5ages",0.150241007008496,0.102052765602996,0.58889085793304,0.0998290762282199,NA,NA,NA,NA,NA,NA,0.01,0.75516731992129,0.998404154231533,20,"hier",4,58
"290","25yrs4ages",0.00515908709229223,0.02759459601598,0.587689105362037,0.0662880863431853,0,NA,NA,NA,NA,NA,0.01,1.35256835792062,0.990255455834859,25,"hier",5,58
"291","N_total",0.0955253938738673,4.64329622959346e-260,0.182275323307826,4.64329622959346e-260,2.27166477890432e-70,0.0294689004031463,2.27166477890432e-70,4.64329622959346e-260,4.64329622959346e-260,2.94108339848014e-14,0.01,1.59372367209984,0.499999826518018,100,"TAindex",10,59
"292","5yrs20ages",0.592664340050063,0.523760263429436,NA,NA,NA,NA,NA,NA,NA,NA,0.134931663511102,1.07622209977533,0.978033915636342,5,"hier",2,59
"293","10yrs10ages",0.0243593364007425,0.00186508318941201,0.64045458692812,NA,NA,NA,NA,NA,NA,NA,0.01,2.56513440727488,0.986854829322689,10,"hier",3,59
"294","20yrs5ages",0.0785069386960225,0.0377131927054918,0.310662692695972,0,NA,NA,NA,NA,NA,NA,0.01,1.89849739301371,0.998853772031209,20,"hier",4,59
"295","25yrs4ages",0.001792432900542,0.0457469039675694,0.176683771318284,0.0694827153887845,0,NA,NA,NA,NA,NA,0.01,1.6604012911938,0.992781296140955,25,"hier",5,59
"296","N_total",0.0947602876186862,1.73958985858633e-151,0.181211796997994,1.73958985858633e-151,1.33692698504729e-30,0.0301864613912692,1.33692698504729e-30,1.73958985858633e-151,1.73958985858633e-151,2.36037040111553e-07,0.01,1.60938801361334,0.500000076493016,100,"TAindex",10,60
"297","5yrs20ages",0.5938675423527,0.522866735501919,NA,NA,NA,NA,NA,NA,NA,NA,0.131860325835085,1.08141393691488,0.977829939337474,5,"hier",2,60
"298","10yrs10ages",0.0247476745856067,0.00172536899650419,0.613241765200079,NA,NA,NA,NA,NA,NA,NA,0.01,2.68313230881865,0.986972971328717,10,"hier",3,60
"299","20yrs5ages",0.0687444549254704,0.0402178151341893,0.317812813032107,3.39459877977571e-33,NA,NA,NA,NA,NA,NA,0.01,1.94370471513804,0.998913141010551,20,"hier",4,60
"300","25yrs4ages",0.000500617305872447,0.0612231267325943,0.133319303203575,0.0750392786122719,0,NA,NA,NA,NA,NA,0.01,1.62156245180672,0.99265666643744,25,"hier",5,60
"301","N_total",0.0945434147078216,1.73958985858633e-151,0.17983305127757,1.73958985858633e-151,1.33692698504729e-30,0.0308012941521279,1.33692698504729e-30,1.73958985858633e-151,1.73958985858633e-151,2.36037040111553e-07,0.01,1.60938801361334,0.500000076493016,100,"TAindex",10,61
"302","5yrs20ages",0.596155356763668,0.520796526028488,NA,NA,NA,NA,NA,NA,NA,NA,0.131151440058919,1.08170122942513,0.977722878040937,5,"hier",2,61
"303","10yrs10ages",0.0250138666134119,0.00168611490345573,0.60851122270917,NA,NA,NA,NA,NA,NA,NA,0.01,2.69684594454628,0.986962669804688,10,"hier",3,61
"304","20yrs5ages",0.0663804878606232,0.0408238492194121,0.32059653687482,0,NA,NA,NA,NA,NA,NA,0.01,1.93969212011741,0.998922531371895,20,"hier",4,61
"305","25yrs4ages",0.000159593524771608,0.0655250937684058,0.121814660076679,0.0752477713145739,0,NA,NA,NA,NA,NA,0.01,1.64699555214531,0.992683392827951,25,"hier",5,61
"306","N_total",0.0932474929888658,0,0.179140060253106,0,2.38379870040001e-227,0.0313545462375818,0,0,0,8.25511674172634e-12,0.01,1.61900835563966,0.499999826518018,100,"TAindex",10,62
"307","5yrs20ages",0.71784383616693,0.451360961841441,NA,NA,NA,NA,NA,NA,NA,NA,0.110556438317067,1.09647413844872,0.973096913198702,5,"hier",2,62
"308","10yrs10ages",0.0333714711397113,0.00123789121899123,0.542556567912402,NA,NA,NA,NA,NA,NA,NA,0.01,3.10901390905956,0.987111753682169,10,"hier",3,62
"309","20yrs5ages",0,0.0468210985863188,0.610162070921006,0.14206138934043,NA,NA,NA,NA,NA,NA,0.01,0.972933118905824,0.998801914499737,20,"hier",4,62
"310","25yrs4ages",0.0041181136190013,0.0319416977032783,0.549209421011536,0.07356528645198,0,NA,NA,NA,NA,NA,0.01,1.3082356381174,0.991132468131328,25,"hier",5,62
"311","N_total",0.0974346032073037,0,0.187578530646809,0,0,0.0287596546312639,0,0,0,1.22674097732473e-234,0.01,1.55876586397377,0.499999826518018,100,"TAindex",10,63
"312","5yrs20ages",0.553705015889772,0.597949177465362,NA,NA,NA,NA,NA,NA,NA,NA,0.12715049345572,1.16407834592429,0.984316263052869,5,"hier",2,63
"313","10yrs10ages",0.0390726355162792,0.00238943563244786,0.548686436635108,NA,NA,NA,NA,NA,NA,NA,0.01,3.08523405357592,0.985900270810184,10,"hier",3,63
"314","20yrs5ages",0.278741350951021,0.0295955815297014,0.584138921475371,0.111425251797135,NA,NA,NA,NA,NA,NA,0.01,0.906333344639422,0.998679902301799,20,"hier",4,63
"315","25yrs4ages",0.00467286610550715,0.0195391505361286,0.443297106822519,0.0583614666239507,0,NA,NA,NA,NA,NA,0.01,1.53808406465361,0.993587181531173,25,"hier",5,63
"316","N_total",0.0920677169516857,0,0.167968342301677,0,0,0.0385026345234678,0,0,0,3.18893356755199e-126,0.01,1.60514192541355,0.500000076493016,100,"TAindex",10,64
"317","5yrs20ages",0.73053634795518,0.530165226908643,NA,NA,NA,NA,NA,NA,NA,NA,0.113481200080772,1.13122596418817,0.979425030231721,5,"hier",2,64
"318","10yrs10ages",0.0483104446084238,0.000555032247930846,0.550825740242484,NA,NA,NA,NA,NA,NA,NA,0.01,2.19552972945017,0.98332935758591,10,"hier",3,64
"319","20yrs5ages",0,0.100907058987766,0.718017423435524,0.00879178592243178,NA,NA,NA,NA,NA,NA,0.01,1.30072106873031,0.997761325857307,20,"hier",4,64
"320","25yrs4ages",0.00351057741386399,0.0373045719459755,0.449562204925678,0.0654188819279938,0,NA,NA,NA,NA,NA,0.01,1.51528230110143,0.991427724940451,25,"hier",5,64
"321","N_total",0.0967886185650889,0,0.185042729086457,0,3.29893074207135e-314,0.0294962058853191,0,0,0,5.90748421567024e-21,0.01,1.57230412004266,0.499999826518018,100,"TAindex",10,65
"322","5yrs20ages",0.715995113457214,0.456597341183141,NA,NA,NA,NA,NA,NA,NA,NA,0.10810583595282,1.12783975779519,0.975505308189736,5,"hier",2,65
"323","10yrs10ages",0.0358365720308977,0.00138906780013176,0.531921004691593,NA,NA,NA,NA,NA,NA,NA,0.01,3.18468254750783,0.98704059270996,10,"hier",3,65
"324","20yrs5ages",0,0.054349292481165,0.736057509851045,0.137354050265821,NA,NA,NA,NA,NA,NA,0.01,0.925480701452361,0.998752377738646,20,"hier",4,65
"325","25yrs4ages",0.00621659569444649,0.0197732541071266,0.543654846518108,0.0656853609566091,0,NA,NA,NA,NA,NA,0.01,1.38715532637847,0.991040300267746,25,"hier",5,65
"326","N_total",0.0923783431804168,2.40741236324407e-238,0.176070914415732,2.40741236324407e-238,2.7427043481019e-59,0.0314429596518384,2.7427043481019e-59,2.40741236324407e-238,2.40741236324407e-238,2.46852189644852e-12,0.01,1.63249650180228,0.500000076493016,100,"TAindex",10,66
"327","5yrs20ages",0.631658710977192,0.595029991255605,NA,NA,NA,NA,NA,NA,NA,NA,0.13790024622226,1.03863501404788,0.976559727106348,5,"hier",2,66
"328","10yrs10ages",0.0324469817125301,0.0015360947200698,0.925194866084081,NA,NA,NA,NA,NA,NA,NA,0.01,1.9264773834417,0.984664065008051,10,"hier",3,66
"329","20yrs5ages",0.194785004092134,0.0549003014458656,0.457161088932662,0.017053445889317,NA,NA,NA,NA,NA,NA,0.01,1.00942758248153,0.998535744803205,20,"hier",4,66
"330","25yrs4ages",0.00688859090976171,0.0150316701403634,0.368208296560755,0.0557130717916253,0,NA,NA,NA,NA,NA,0.01,1.61874144240223,0.990904321298439,25,"hier",5,66
"331","N_total",0.0914385836127353,0,0.172903829251144,0,1.72252668775837e-140,0.0321543341363002,1.72252668775837e-140,0,0,1.18938414194603e-26,0.01,1.64173732396795,0.499999826518018,100,"TAindex",10,67
"332","5yrs20ages",0.627866573474475,0.756961567655837,NA,NA,NA,NA,NA,NA,NA,NA,0.120860684915878,1.04348907927931,0.978865846578186,5,"hier",2,67
"333","10yrs10ages",0.0349630949654345,0.000955205265640871,0.858296069123928,NA,NA,NA,NA,NA,NA,NA,0.01,2.00055597341739,0.984636902086711,10,"hier",3,67
"334","20yrs5ages",0.276131869320659,0.0683001754956974,0.467423211634034,0.0422180350048019,NA,NA,NA,NA,NA,NA,0.01,0.810092907886635,0.998486843615941,20,"hier",4,67
"335","25yrs4ages",0.00960162161732809,0.0115542093444671,0.436594706529926,0.0539133047579979,0,NA,NA,NA,NA,NA,0.01,1.54539246406967,0.990085797098653,25,"hier",5,67
"336","N_total",0.0919512646208209,2.40741236324407e-238,0.174192072919281,2.40741236324407e-238,2.7427043481019e-59,0.0314296832446833,2.7427043481019e-59,2.40741236324407e-238,2.40741236324407e-238,2.46852189644852e-12,0.01,1.63936143755886,0.500000076493016,100,"TAindex",10,68
"337","5yrs20ages",0.626616278217267,0.73092729615039,NA,NA,NA,NA,NA,NA,NA,NA,0.126906752669831,1.03308379829503,0.977867556827919,5,"hier",2,68
"338","10yrs10ages",0.0342733507322895,0.00107474909247759,0.884881296622093,NA,NA,NA,NA,NA,NA,NA,0.01,1.96864206887348,0.98470077792439,10,"hier",3,68
"339","20yrs5ages",0.247445842908933,0.0637669031918666,0.471738278456694,0.0327120549168837,NA,NA,NA,NA,NA,NA,0.01,0.862585674840295,0.998513307604146,20,"hier",4,68
"340","25yrs4ages",0.00863271946333421,0.0121720168727455,0.409971275671694,0.053525277486537,0,NA,NA,NA,NA,NA,0.01,1.6093588041238,0.990497256366956,25,"hier",5,68
"341","N_total",0.093311555262609,4.64329622959346e-260,0.175535141589396,4.64329622959346e-260,2.27166477890432e-70,0.0332382382380554,2.27166477890432e-70,4.64329622959346e-260,4.64329622959346e-260,2.94108339848014e-14,0.01,1.59992847946584,0.499999826518018,100,"TAindex",10,69
"342","5yrs20ages",0.660681444591808,0.639911518085634,NA,NA,NA,NA,NA,NA,NA,NA,0.109149566165432,1.09700155591742,0.979783080544035,5,"hier",2,69
"343","10yrs10ages",0.0372141875313736,0.00159458347523455,0.753683750840021,NA,NA,NA,NA,NA,NA,NA,0.01,2.05946079583559,0.983826577437494,10,"hier",3,69
"344","20yrs5ages",0.318259793743098,0.0786419419207583,0.435463717098238,0.0693006406718613,NA,NA,NA,NA,NA,NA,0.01,0.759110607248439,0.998565970238269,20,"hier",4,69
"345","25yrs4ages",0.0114598247559541,0.0110406588685304,0.536211715796871,0.0558155650999041,0,NA,NA,NA,NA,NA,0.01,1.4222965612402,0.989418498308335,25,"hier",5,69
"346","N_total",0.0948648117725432,4.64329622959346e-260,0.179220700306239,4.64329622959346e-260,2.27166477890432e-70,0.0310627771651282,2.27166477890432e-70,4.64329622959346e-260,4.64329622959346e-260,2.94108339848014e-14,0.01,1.59911176822458,0.499999826518018,100,"TAindex",10,70
"347","5yrs20ages",0.595275130636992,0.520022510771558,NA,NA,NA,NA,NA,NA,NA,NA,0.131175398433223,1.08188475995347,0.977807779292712,5,"hier",2,70
"348","10yrs10ages",0.0250564693257534,0.00167354144467353,0.60658822370394,NA,NA,NA,NA,NA,NA,NA,0.01,2.6901456828741,0.986981078108433,10,"hier",3,70
"349","20yrs5ages",0.0665542510499971,0.0408202598963157,0.320320289109059,2.23259534126778e-76,NA,NA,NA,NA,NA,NA,0.01,1.93167133165899,0.998922459512169,20,"hier",4,70
"350","25yrs4ages",8.22300977967751e-05,0.066665074765304,0.119266900676653,0.0755291447526365,0,NA,NA,NA,NA,NA,0.01,1.63093294608507,0.992639919774416,25,"hier",5,70
"351","N_total",0.0906618001192676,0,0.172818788427395,0,1.71039844560747e-292,0.0316434200326124,1.71039844560747e-292,0,0,7.33779939303286e-18,0.01,1.65060506597718,0.500000076493016,100,"TAindex",10,71
"352","5yrs20ages",0.748741073864743,0.469015203800509,NA,NA,NA,NA,NA,NA,NA,NA,0.139708022556535,1.0719424653049,0.974251192347088,5,"hier",2,71
"353","10yrs10ages",0.0393065745553649,0,0.737937891742906,NA,NA,NA,NA,NA,NA,NA,0.01,2.27221638093477,0.982735462916084,10,"hier",3,71
"354","20yrs5ages",0.0729835159053853,0.0708196412364493,0.400303064381784,0.0100742315260891,NA,NA,NA,NA,NA,NA,0.01,1.28203642914702,0.997799778847517,20,"hier",4,71
"355","25yrs4ages",0.0040608611138086,0.0389620565747231,0.416623472310047,0.0701436098938208,0,NA,NA,NA,NA,NA,0.01,1.45083471953027,0.990781488890889,25,"hier",5,71
"356","N_total",0.0916915186832509,0,0.168500746212014,0,0,0.0383331079896952,0,0,0,3.18893356755199e-126,0.01,1.60550032650822,0.500000076493016,100,"TAindex",10,72
"357","5yrs20ages",0.719655477146479,0.527270912585778,NA,NA,NA,NA,NA,NA,NA,NA,0.10846734821834,1.13077394012543,0.978280628153406,5,"hier",2,72
"358","10yrs10ages",0.0450644392969522,0.00149168433693945,0.605688100643671,NA,NA,NA,NA,NA,NA,NA,0.01,2.11780554127194,0.983095095672881,10,"hier",3,72
"359","20yrs5ages",0.181608193762566,0.0992176007802359,0.557668748841515,0.0966764561727992,NA,NA,NA,NA,NA,NA,0.01,0.747562484216879,0.998440179727049,20,"hier",4,72
"360","25yrs4ages",0.00610972666714042,0.0237859407568763,0.612055998367026,0.0654821087254105,0,NA,NA,NA,NA,NA,0.01,1.32507226576092,0.989897432301352,25,"hier",5,72
"361","N_total",0.0990333740563167,3.18600942615237e-247,0.196284402877087,0,4.59775138097311e-249,0.0257683354324944,0,0,0,2.81681902140674e-62,0.01,1.57424731438405,0.500000076493016,100,"TAindex",10,73
"362","5yrs20ages",0.906711056818954,0.378243714279866,NA,NA,NA,NA,NA,NA,NA,NA,0.132655244018878,1.11099456768023,0.974665945717428,5,"hier",2,73
"363","10yrs10ages",0.0505976371778978,0.00202479289260369,0.591572921400704,NA,NA,NA,NA,NA,NA,NA,0.01,1.90144497408101,0.981748338724338,10,"hier",3,73
"364","20yrs5ages",1.0525504475772e-23,0.0977971465944989,0.533390204983573,0.00283944918074866,NA,NA,NA,NA,NA,NA,0.01,1.49064583000545,0.996950894738812,20,"hier",4,73
"365","25yrs4ages",0.000901714548557162,0.0532228839171674,0.491935736962558,0.0902497998101016,0,NA,NA,NA,NA,NA,0.01,1.1856108157352,0.995952893809121,25,"hier",5,73
"366","N_total",0.0947645799013992,0,0.181322764599159,0,4.59775138097311e-249,0.0286438141726733,4.59775138097311e-249,0,0,2.81681902140674e-62,0.01,1.61302367514455,0.500000076493016,100,"TAindex",10,74
"367","5yrs20ages",0.609599593771413,0.519679583746146,NA,NA,NA,NA,NA,NA,NA,NA,0.138504683389969,1.06509011641356,0.977542692382151,5,"hier",2,74
"368","10yrs10ages",0.0257214464579036,0.00205186931380317,0.730641720182363,NA,NA,NA,NA,NA,NA,NA,0.01,2.30958603579788,0.986161780018451,10,"hier",3,74
"369","20yrs5ages",0.0975950637064521,0.0377772259957924,0.331331574084925,0.000902961022010566,NA,NA,NA,NA,NA,NA,0.01,1.69169244998724,0.998753632380019,20,"hier",4,74
"370","25yrs4ages",0.00328662369532615,0.0301971278599224,0.23759963908599,0.0620498438556198,0,NA,NA,NA,NA,NA,0.01,1.71895569736173,0.992646263939863,25,"hier",5,74
"371","N_total",0.101682921824863,3.09233844966539e-34,0.204911507914284,3.35523367526795e-173,6.05143924918802e-36,0.0227052584760622,3.35523367526795e-173,3.35523367526795e-173,3.35523367526795e-173,2.78714235424159e-08,0.01,1.57337572770164,0.499999826518018,100,"TAindex",10,75
"372","5yrs20ages",0.880280193878084,0.414922140016469,NA,NA,NA,NA,NA,NA,NA,NA,0.123003325646857,1.12602298588819,0.975016347267948,5,"hier",2,75
"373","10yrs10ages",0.0471465804705644,0.00294950684379193,0.552528118486605,NA,NA,NA,NA,NA,NA,NA,0.0105815508562717,2.00015374419093,0.983623836098406,10,"hier",3,75
"374","20yrs5ages",0,0.0978250167379544,0.541452873082517,0.00236900717366534,NA,NA,NA,NA,NA,NA,0.01,1.47894295269917,0.996861649836803,20,"hier",4,75
"375","25yrs4ages",0.000779731961871029,0.0528653071032867,0.618488017777696,0.0973446402525304,0,NA,NA,NA,NA,NA,0.01,1.08106425794878,0.995793927383145,25,"hier",5,75
"376","N_total",0.0957091331095949,0,0.184215928069754,0,8.86791227702778e-271,0.0288912275304119,8.86791227702778e-271,0,0,2.22499699430362e-15,0.01,1.58796246064765,0.499999826518018,100,"TAindex",10,76
"377","5yrs20ages",0.687364169627313,0.48355843660583,NA,NA,NA,NA,NA,NA,NA,NA,0.110800860355307,1.14613306060489,0.978802044174172,5,"hier",2,76
"378","10yrs10ages",0.0377020571669565,0.00165268428466873,0.527476439612274,NA,NA,NA,NA,NA,NA,NA,0.01,3.20633219887053,0.986863276323985,10,"hier",3,76
"379","20yrs5ages",0.18939890152036,0.0317527796901696,0.57085347215806,0.167590676170868,NA,NA,NA,NA,NA,NA,0.01,0.81178132813291,0.998785357438147,20,"hier",4,76
"380","25yrs4ages",0.00661122165324554,0.0163685644308422,0.518192402723498,0.0625369220398898,0,NA,NA,NA,NA,NA,0.01,1.42663470709349,0.991378541128813,25,"hier",5,76
"381","N_total",0.094078390182815,0,0.177419213692323,0,8.93079364115962e-119,0.0328949572762307,0,0,0,1.67305620171373e-22,0.01,1.59850019699251,0.500000076493016,100,"TAindex",10,77
"382","5yrs20ages",0.688417305225928,0.461211638385611,NA,NA,NA,NA,NA,NA,NA,NA,0.118700263107395,1.0703624241218,0.972957029423668,5,"hier",2,77
"383","10yrs10ages",0.0301935308783448,0.00126777526985053,0.563658808857834,NA,NA,NA,NA,NA,NA,NA,0.01,2.97624645001776,0.987056165655087,10,"hier",3,77
"384","20yrs5ages",0.03464613064016,0.0568361285054758,0.401667726902888,0,NA,NA,NA,NA,NA,NA,0.01,1.86413345774197,0.998564844212805,20,"hier",4,77
"385","25yrs4ages",0,0.118619521811296,0.0805841787792898,0.0907462981805024,0,NA,NA,NA,NA,NA,0.01,1.35516082549779,0.992371017321228,25,"hier",5,77
"386","N_total",0.0916308947942827,0,0.16823993868048,0,1.71039844560747e-292,0.0386402700386852,1.71039844560747e-292,0,0,1.74717091077641e-88,0.01,1.59767799986985,0.500000076493016,100,"TAindex",10,78
"387","5yrs20ages",0.719043003912776,0.534166515964576,NA,NA,NA,NA,NA,NA,NA,NA,0.109983930959033,1.13597466970676,0.979117899000456,5,"hier",2,78
"388","10yrs10ages",0.047044039858646,0.00106585209978617,0.571810732999154,NA,NA,NA,NA,NA,NA,NA,0.01,2.15449014293822,0.983241407430557,10,"hier",3,78
"389","20yrs5ages",0.132849924804989,0.102789297893302,0.60170707769135,0.101619519607001,NA,NA,NA,NA,NA,NA,0.01,0.765166972387685,0.998399251758218,20,"hier",4,78
"390","25yrs4ages",0.00457750438805437,0.0304624787759265,0.559556349606955,0.0665050414990084,0,NA,NA,NA,NA,NA,0.01,1.38390849415568,0.990549649439522,25,"hier",5,78
"391","N_total",0.0917177041191745,1.72734147532588e-303,0.173667084986864,1.72734147532588e-303,1.25979680706037e-99,0.0316221125444766,1.25979680706037e-99,1.72734147532588e-303,1.72734147532588e-303,2.45094225395538e-19,0.01,1.64052336169926,0.499999826518018,100,"TAindex",10,79
"392","5yrs20ages",0.626508456275807,0.732130626073695,NA,NA,NA,NA,NA,NA,NA,NA,0.126841825064139,1.03296523130576,0.977884131035648,5,"hier",2,79
"393","10yrs10ages",0.0342473220212335,0.00107463080406656,0.883880472040056,NA,NA,NA,NA,NA,NA,NA,0.01,1.96932964007923,0.984712879072135,10,"hier",3,79
"394","20yrs5ages",0.245888273283727,0.0634364035275499,0.471284514292018,0.0324173360005231,NA,NA,NA,NA,NA,NA,0.01,0.866302299738722,0.99851719749786,20,"hier",4,79
"395","25yrs4ages",0.00867022222299743,0.0125271619278355,0.411170385602618,0.0541771829582504,0,NA,NA,NA,NA,NA,0.01,1.56752967353001,0.99031337771151,25,"hier",5,79
"396","N_total",0.0936021252647548,0,0.175809896276193,0,6.40793014918467e-184,0.0333547014102573,0,0,0,5.03354868042466e-37,0.01,1.6047355357643,0.499999826518018,100,"TAindex",10,80
"397","5yrs20ages",0.649806433387669,0.485209708708892,NA,NA,NA,NA,NA,NA,NA,NA,0.124051227325313,1.07101560657308,0.974932274865462,5,"hier",2,80
"398","10yrs10ages",0.0279949672752965,0.00137530855606319,0.575910728944992,NA,NA,NA,NA,NA,NA,NA,0.01,2.87151354248763,0.98704415454956,10,"hier",3,80
"399","20yrs5ages",0.0473149937674171,0.0497446951177972,0.364396537367297,6.40793014918467e-184,NA,NA,NA,NA,NA,NA,0.01,1.89810481947248,0.998859283618843,20,"hier",4,80
"400","25yrs4ages",2.40741236324407e-238,0.0937406392758307,0.0834508844718364,0.0828952255473533,2.40741236324407e-238,NA,NA,NA,NA,NA,0.01,1.48158567648652,0.992568418806501,25,"hier",5,80
"401","N_total",0.0923644075216109,2.40741236324407e-238,0.175807629517366,2.40741236324407e-238,2.7427043481019e-59,0.0325715180086777,2.7427043481019e-59,2.40741236324407e-238,2.40741236324407e-238,2.46852189644852e-12,0.01,1.61647423857468,0.500000076493016,100,"TAindex",10,81
"402","5yrs20ages",0.64282692747443,0.693828920159762,NA,NA,NA,NA,NA,NA,NA,NA,0.1125004731462,1.0774999867027,0.979844231539057,5,"hier",2,81
"403","10yrs10ages",0.0362473466364151,0.00123518731147406,0.801591201051432,NA,NA,NA,NA,NA,NA,NA,0.01,2.04416934234627,0.984136726884309,10,"hier",3,81
"404","20yrs5ages",0.316516850154144,0.0750841695153641,0.445500575265573,0.0596328953945233,NA,NA,NA,NA,NA,NA,0.01,0.770375183263568,0.998546037945288,20,"hier",4,81
"405","25yrs4ages",0.0110003776943329,0.0106311908058205,0.496903112615111,0.0544882057861565,0,NA,NA,NA,NA,NA,0.01,1.48731309932868,0.989697442969967,25,"hier",5,81
"406","N_total",0.0939702768956492,0,0.169468130645609,0,8.86791227702778e-271,0.0384826513763365,8.86791227702778e-271,0,0,3.44582877056722e-74,0.01,1.58620595570179,0.499999826518018,100,"TAindex",10,82
"407","5yrs20ages",0.727377484845174,0.532533998137302,NA,NA,NA,NA,NA,NA,NA,NA,0.113090235618101,1.13133656172495,0.979359209247547,5,"hier",2,82
"408","10yrs10ages",0.0484384818071609,0.000608554434534526,0.555244721248879,NA,NA,NA,NA,NA,NA,NA,0.01,2.18577596019631,0.98320960569262,10,"hier",3,82
"409","20yrs5ages",0,0.101233450972696,0.72975644977429,0.00971608246653443,NA,NA,NA,NA,NA,NA,0.01,1.29187875520256,0.997806585711545,20,"hier",4,82
"410","25yrs4ages",0.00354874421702796,0.0364745232845587,0.468769467195489,0.0660701062063927,0,NA,NA,NA,NA,NA,0.01,1.494638645635,0.991296539333393,25,"hier",5,82
"411","N_total",0.0926222111839424,0,0.175274984734692,0,4.59775138097311e-249,0.0304861526837474,4.59775138097311e-249,0,0,2.81681902140674e-62,0.01,1.63920926473124,0.500000076493016,100,"TAindex",10,83
"412","5yrs20ages",0.633182609840273,0.555687893017649,NA,NA,NA,NA,NA,NA,NA,NA,0.140090795229573,1.04469897355716,0.976520835891743,5,"hier",2,83
"413","10yrs10ages",0.031238424884909,0.00176738043311501,0.922479666519539,NA,NA,NA,NA,NA,NA,NA,0.01,1.93320375683098,0.98469358314224,10,"hier",3,83
"414","20yrs5ages",0.166215860534517,0.0493437230856152,0.432803263433316,0.0105190584936602,NA,NA,NA,NA,NA,NA,0.01,1.13431462780821,0.998575591046187,20,"hier",4,83
"415","25yrs4ages",0.00592386787384442,0.0169941814275062,0.339180645977137,0.0560130008678853,0,NA,NA,NA,NA,NA,0.01,1.66031028184969,0.991418917494315,25,"hier",5,83
"416","N_total",0.0948050469670681,6.47140644105648e-195,0.180477984504624,6.47140644105648e-195,2.3375443734317e-42,0.0301254647120126,2.3375443734317e-42,6.47140644105648e-195,6.47140644105648e-195,2.14671277252129e-09,0.01,1.60147750775446,0.500000076493016,100,"TAindex",10,84
"417","5yrs20ages",0.591339821049838,0.523106204186434,NA,NA,NA,NA,NA,NA,NA,NA,0.132958809675946,1.0801644054628,0.978023631560827,5,"hier",2,84
"418","10yrs10ages",0.0243031611505508,0.00174194597792983,0.612088126446346,NA,NA,NA,NA,NA,NA,NA,0.01,2.7195463772205,0.987117049448818,10,"hier",3,84
"419","20yrs5ages",0.0714087613196268,0.0386096232015229,0.312235820806845,1.14325351148341e-83,NA,NA,NA,NA,NA,NA,0.01,1.94435590396147,0.998912159559436,20,"hier",4,84
"420","25yrs4ages",0.000902265152866539,0.0555203327186566,0.146219674419795,0.0728819646634211,0,NA,NA,NA,NA,NA,0.01,1.64719309189709,0.992742943051906,25,"hier",5,84
"421","N_total",0.0938153452332695,6.47140644105648e-195,0.178226209035511,6.47140644105648e-195,2.3375443734317e-42,0.0319254569302504,6.47140644105648e-195,6.47140644105648e-195,6.47140644105648e-195,3.09386825579624e-09,0.01,1.60793590214222,0.500000076493016,100,"TAindex",10,85
"422","5yrs20ages",0.646058326510615,0.487784797555321,NA,NA,NA,NA,NA,NA,NA,NA,0.124501229674091,1.07172414360214,0.975126745350669,5,"hier",2,85
"423","10yrs10ages",0.0277980713634787,0.00139064558034616,0.577631225702172,NA,NA,NA,NA,NA,NA,NA,0.01,2.86236822894061,0.987038405724693,10,"hier",3,85
"424","20yrs5ages",0.0486391519813052,0.0494681751081893,0.361649946150759,8.86791227702778e-271,NA,NA,NA,NA,NA,NA,0.01,1.89502423027358,0.99886959215477,20,"hier",4,85
"425","25yrs4ages",2.32629391626085e-90,0.0936416098284113,0.0854233879134041,0.0841460835104584,0,NA,NA,NA,NA,NA,0.01,1.44659471568535,0.992394626266722,25,"hier",5,85
"426","N_total",0.0959895157255051,0,0.185144472713883,0,1.72252668775837e-140,0.029908589107324,0,0,0,1.7819637207317e-07,0.01,1.57846637506266,0.499999826518018,100,"TAindex",10,86
"427","5yrs20ages",0.718927392655286,0.454033113592836,NA,NA,NA,NA,NA,NA,NA,NA,0.108312618202892,1.12128987647216,0.97477242484361,5,"hier",2,86
"428","10yrs10ages",0.035317796155871,0.00134796014466291,0.536095542606627,NA,NA,NA,NA,NA,NA,NA,0.01,3.17309881797434,0.987041927121175,10,"hier",3,86
"429","20yrs5ages",0,0.0523688505412,0.710113156544038,0.140848193198236,NA,NA,NA,NA,NA,NA,0.01,0.929474467576097,0.998761379890058,20,"hier",4,86
"430","25yrs4ages",0.00578337946630971,0.0223924670552433,0.552047542078609,0.0684499194793862,0,NA,NA,NA,NA,NA,0.01,1.34826688527535,0.990941093836062,25,"hier",5,86
"431","N_total",0.0932488578155746,0,0.174628989304225,0,4.59775138097311e-249,0.0342783093149181,4.59775138097311e-249,0,0,2.81681902140674e-62,0.01,1.59662224109774,0.500000076493016,100,"TAindex",10,87
"432","5yrs20ages",0.681429770940019,0.591976240789466,NA,NA,NA,NA,NA,NA,NA,NA,0.107701189018185,1.11019244235119,0.979193417169433,5,"hier",2,87
"433","10yrs10ages",0.0387186101684482,0.00182818220027366,0.71324231316419,NA,NA,NA,NA,NA,NA,NA,0.01,2.06860908015634,0.983516573253649,10,"hier",3,87
"434","20yrs5ages",0.307159475979919,0.0826216833426308,0.437194796992998,0.0796661603756356,NA,NA,NA,NA,NA,NA,0.01,0.748526663962556,0.998564153236424,20,"hier",4,87
"435","25yrs4ages",0.0108743417093746,0.012340063963708,0.573013277735138,0.0579566767609597,0,NA,NA,NA,NA,NA,0.01,1.36799247095423,0.989268592562257,25,"hier",5,87
"436","N_total",0.0990164819459512,8.56436655242798e-204,0.195436798007335,0,1.23592943010033e-205,0.0252264225371643,0,0,0,4.4602441813732e-44,0.01,1.5778717908085,0.500000076493016,100,"TAindex",10,88
"437","5yrs20ages",0.90712681965489,0.384438166826043,NA,NA,NA,NA,NA,NA,NA,NA,0.133576362122531,1.10320714066502,0.974838799116215,5,"hier",2,88
"438","10yrs10ages",0.0503477641937321,0.00193222197555505,0.597168371855016,NA,NA,NA,NA,NA,NA,NA,0.01,1.89022390827105,0.981579460723614,10,"hier",3,88
"439","20yrs5ages",4.81105826249957e-178,0.0939214638753478,0.520483229316485,0.00269588381372692,NA,NA,NA,NA,NA,NA,0.01,1.55839389572025,0.997117296485233,20,"hier",4,88
"440","25yrs4ages",0.000906820851372651,0.0537119478076953,0.48037832473581,0.0895618118717266,0,NA,NA,NA,NA,NA,0.01,1.1865811270965,0.995960358794853,25,"hier",5,88
"441","N_total",0.0950392023440711,0,0.182120434690344,0,0,0.030417589084015,0,0,0,2.16471982512447e-95,0.01,1.5949856948909,0.500000076493016,100,"TAindex",10,89
"442","5yrs20ages",0.720373183294102,0.451720021170101,NA,NA,NA,NA,NA,NA,NA,NA,0.108797292870146,1.11083138907726,0.973925884818163,5,"hier",2,89
"443","10yrs10ages",0.0345082109623043,0.00128730870252129,0.537519725501918,NA,NA,NA,NA,NA,NA,NA,0.01,3.14719118862236,0.987085955590298,10,"hier",3,89
"444","20yrs5ages",0,0.0497366153699207,0.665949006448834,0.142910095261825,NA,NA,NA,NA,NA,NA,0.01,0.942757157404739,0.998777159385254,20,"hier",4,89
"445","25yrs4ages",0.00516770664428114,0.0257688075562782,0.554082458243961,0.070386081916198,0,NA,NA,NA,NA,NA,0.01,1.32817513294583,0.990983871239296,25,"hier",5,89
"446","N_total",0.09680549603652,1.24817241893004e-216,0.188321505061563,1.24817241893004e-216,4.71022102939469e-50,0.0278070140705119,4.71022102939469e-50,1.24817241893004e-216,1.24817241893004e-216,9.9017438514848e-11,0.01,1.57939745162432,0.499999826518018,100,"TAindex",10,90
"447","5yrs20ages",0.602910900023232,0.558414252863341,NA,NA,NA,NA,NA,NA,NA,NA,0.121293587670249,1.15760089133761,0.982895958200345,5,"hier",2,90
"448","10yrs10ages",0.0391232741679164,0.00215192426477693,0.537724596946811,NA,NA,NA,NA,NA,NA,NA,0.01,3.15367601054218,0.98631063475616,10,"hier",3,90
"449","20yrs5ages",0.276798881809572,0.0287124769326074,0.563735772173124,0.133324522622922,NA,NA,NA,NA,NA,NA,0.01,0.874317632192503,0.99877123535473,20,"hier",4,90
"450","25yrs4ages",0.00525177475115057,0.0179521661412719,0.472349200071654,0.0603819067836839,0,NA,NA,NA,NA,NA,0.01,1.49640587727984,0.992720784015456,25,"hier",5,90
"451","N_total",0.0927345457594117,0,0.174938607570272,0,1.23592943010033e-205,0.0339920303065724,1.23592943010033e-205,0,0,4.4602441813732e-44,0.01,1.60824390128943,0.500000076493016,100,"TAindex",10,91
"452","5yrs20ages",0.666452695268231,0.625380660706398,NA,NA,NA,NA,NA,NA,NA,NA,0.108809121425703,1.10048252206367,0.979557091164496,5,"hier",2,91
"453","10yrs10ages",0.0377006550725884,0.0016596493649888,0.746957001895473,NA,NA,NA,NA,NA,NA,NA,0.01,2.06010882317352,0.983663194813418,10,"hier",3,91
"454","20yrs5ages",0.317764533418978,0.0803959918131342,0.437393798517978,0.0719625478016357,NA,NA,NA,NA,NA,NA,0.01,0.755260920670365,0.998560021076049,20,"hier",4,91
"455","25yrs4ages",0.0108681086802851,0.0110011666702324,0.543224026340891,0.0552593929368765,0,NA,NA,NA,NA,NA,0.01,1.4415044231808,0.989645838619395,25,"hier",5,91
"456","N_total",0.092381244650841,0,0.175604404898846,0,6.40793014918467e-184,0.0309140000106303,6.40793014918467e-184,0,0,3.49258027491365e-37,0.01,1.63956663569425,0.499999826518018,100,"TAindex",10,92
"457","5yrs20ages",0.633141490589099,0.559299905028941,NA,NA,NA,NA,NA,NA,NA,NA,0.139929936918496,1.04398515400875,0.976512552399427,5,"hier",2,92
"458","10yrs10ages",0.0313860468242827,0.00174223745348505,0.923723742872031,NA,NA,NA,NA,NA,NA,NA,0.01,1.93094388402191,0.984686385886548,10,"hier",3,92
"459","20yrs5ages",0.169932358142863,0.0502398566380685,0.436849576542709,0.0113399950033523,NA,NA,NA,NA,NA,NA,0.01,1.11305477523842,0.998565824222893,20,"hier",4,92
"460","25yrs4ages",0.00608825901426394,0.0167423045020068,0.343189570944548,0.0560668744660405,0,NA,NA,NA,NA,NA,0.01,1.65281836423387,0.991326099406099,25,"hier",5,92
"461","N_total",0.0998399987785196,8.95575689687982e-282,0.196596081790898,8.95575689687982e-282,1.14325351148341e-83,0.0267543108712152,8.95575689687982e-282,8.95575689687982e-282,8.95575689687982e-282,1.9591378577057e-16,0.01,1.54707922995162,0.500000076493016,100,"TAindex",10,93
"462","5yrs20ages",0.793785851323484,0.524832471105545,NA,NA,NA,NA,NA,NA,NA,NA,0.143092041098949,1.02235418930319,0.977755898349516,5,"hier",2,93
"463","10yrs10ages",0.0464601822863625,0.000945052529211298,0.740426000549341,NA,NA,NA,NA,NA,NA,NA,0.01,1.89818649729718,0.97854815197988,10,"hier",3,93
"464","20yrs5ages",1.91575425689543e-84,0.0820864220058018,0.47804997583734,0.00804922367772398,NA,NA,NA,NA,NA,NA,0.01,1.51653309927911,0.996932139511194,20,"hier",4,93
"465","25yrs4ages",0.00131835983677843,0.0514060067207897,0.474585678945905,0.0884739734677137,0,NA,NA,NA,NA,NA,0.01,1.10807235855061,0.995547298650553,25,"hier",5,93
"466","N_total",0.0919512646208209,2.40741236324407e-238,0.174192072919281,2.40741236324407e-238,2.7427043481019e-59,0.0314296832446833,2.7427043481019e-59,2.40741236324407e-238,2.40741236324407e-238,2.46852189644852e-12,0.01,1.63936143755886,0.500000076493016,100,"TAindex",10,94
"467","5yrs20ages",0.631226408525582,0.600615985574627,NA,NA,NA,NA,NA,NA,NA,NA,0.137500595093377,1.0379455291123,0.976599258721236,5,"hier",2,94
"468","10yrs10ages",0.032529142744806,0.00151171409078496,0.922753417045554,NA,NA,NA,NA,NA,NA,NA,0.01,1.92817742694404,0.984676070791248,10,"hier",3,94
"469","20yrs5ages",0.196523613395636,0.0552497314666007,0.458013290624372,0.0175731006762786,NA,NA,NA,NA,NA,NA,0.01,1.00168268247305,0.998533606603461,20,"hier",4,94
"470","25yrs4ages",0.00696600899052464,0.0148539364400675,0.369113362033371,0.0554175577103253,0,NA,NA,NA,NA,NA,0.01,1.62223925334261,0.990906022164414,25,"hier",5,94
"471","N_total",0.0956305114416192,4.64329622959346e-260,0.183758104334386,4.64329622959346e-260,2.27166477890432e-70,0.0287573477490404,2.27166477890432e-70,4.64329622959346e-260,4.64329622959346e-260,2.94108339848014e-14,0.01,1.60085946487503,0.499999826518018,100,"TAindex",10,95
"472","5yrs20ages",0.595498914441929,0.524542355309101,NA,NA,NA,NA,NA,NA,NA,NA,0.136142846071252,1.07344484751028,0.977932970794571,5,"hier",2,95
"473","10yrs10ages",0.0243267931664256,0.00194912764640483,0.660585798192731,NA,NA,NA,NA,NA,NA,NA,0.01,2.51260703107166,0.986727266234807,10,"hier",3,95
"474","20yrs5ages",0.0846171342128803,0.0378487387382664,0.314819977670153,3.07086246332606e-20,NA,NA,NA,NA,NA,NA,0.01,1.843230640964,0.998801557838693,20,"hier",4,95
"475","25yrs4ages",0.00226412175963548,0.039943598851986,0.197247796786417,0.0673692269132479,0,NA,NA,NA,NA,NA,0.01,1.68291021862912,0.992763872798155,25,"hier",5,95
"476","N_total",0.0934145420008571,0,0.170754873715423,0,3.32232308712775e-162,0.0378661071576819,3.32232308712775e-162,0,0,1.94074971719727e-31,0.01,1.59358745607828,0.500000076493016,100,"TAindex",10,96
"477","5yrs20ages",0.719286949073529,0.52743032619192,NA,NA,NA,NA,NA,NA,NA,NA,0.108199879525305,1.13131862221434,0.978339694461012,5,"hier",2,96
"478","10yrs10ages",0.0446498391042934,0.00153988349216443,0.605441524600044,NA,NA,NA,NA,NA,NA,NA,0.01,2.1180145869957,0.983204395521171,10,"hier",3,96
"479","20yrs5ages",0.186868255192744,0.098198205196769,0.549006631462071,0.0958762306030748,NA,NA,NA,NA,NA,NA,0.01,0.747009154172058,0.998453903061745,20,"hier",4,96
"480","25yrs4ages",0.00640494255416214,0.0229793657832809,0.610691106953185,0.0647226333710763,0,NA,NA,NA,NA,NA,0.01,1.32361512026612,0.989855986436065,25,"hier",5,96
"481","N_total",0.0945960045043452,0,0.180533120173075,0,1.72252668775837e-140,0.0288808811552753,1.72252668775837e-140,0,0,1.18938414194603e-26,0.01,1.61530194098013,0.499999826518018,100,"TAindex",10,97
"482","5yrs20ages",0.619976681209504,0.520442067092233,NA,NA,NA,NA,NA,NA,NA,NA,0.14001958034082,1.05940456111227,0.977159943236877,5,"hier",2,97
"483","10yrs10ages",0.0274768682346235,0.00211576756450439,0.819173439905591,NA,NA,NA,NA,NA,NA,NA,0.01,2.12493614540208,0.985414118100099,10,"hier",3,97
"484","20yrs5ages",0.113977027169923,0.0400770690093675,0.361550748291351,0.00253376361378744,NA,NA,NA,NA,NA,NA,0.01,1.50514923278675,0.998692070541439,20,"hier",4,97
"485","25yrs4ages",0.00405666006515882,0.0249757114844872,0.272183256916042,0.0603398012517485,0,NA,NA,NA,NA,NA,0.01,1.69110172386282,0.992255567671959,25,"hier",5,97
"486","N_total",0.092688958608865,0,0.170865487852425,0,1.23592943010033e-205,0.0370039077264551,1.23592943010033e-205,0,0,4.4602441813732e-44,0.01,1.60802530539636,0.500000076493016,100,"TAindex",10,98
"487","5yrs20ages",0.713790034114135,0.533002896369103,NA,NA,NA,NA,NA,NA,NA,NA,0.107582328529986,1.12536691992439,0.978124272843436,5,"hier",2,98
"488","10yrs10ages",0.0426179887272054,0.00179020143411151,0.640006466944116,NA,NA,NA,NA,NA,NA,NA,0.01,2.09416661477479,0.983173684634478,10,"hier",3,98
"489","20yrs5ages",0.235085391454463,0.0928637451881889,0.500320089341183,0.0921024819898444,NA,NA,NA,NA,NA,NA,0.01,0.741037244437972,0.998502684352349,20,"hier",4,98
"490","25yrs4ages",0.00802901295751102,0.0182587288686007,0.616994223711101,0.0627452213675402,0,NA,NA,NA,NA,NA,0.01,1.3149768917997,0.9894782213,25,"hier",5,98
"491","N_total",0.0947103994043755,0,0.180533120173075,0,1.72252668775837e-140,0.0288808811552753,1.72252668775837e-140,0,0,1.18938414194603e-26,0.01,1.6130699679248,0.499999826518018,100,"TAindex",10,99
"492","5yrs20ages",0.604022420077836,0.519838929521229,NA,NA,NA,NA,NA,NA,NA,NA,0.137421402465723,1.06839598045609,0.977744846550248,5,"hier",2,99
"493","10yrs10ages",0.0250778541424058,0.001983832988648,0.691291967222339,NA,NA,NA,NA,NA,NA,NA,0.01,2.40209804015745,0.986493793356186,10,"hier",3,99
"494","20yrs5ages",0.0921588235175057,0.0378141879758433,0.321297866292608,0.000327323132762858,NA,NA,NA,NA,NA,NA,0.01,1.74894907945341,0.998760788622802,20,"hier",4,99
"495","25yrs4ages",0.00288182162903011,0.034828770299495,0.218851019603045,0.0643984233246356,0,NA,NA,NA,NA,NA,0.01,1.68226861981916,0.992651376573851,25,"hier",5,99
"496","N_total",0.0948050469670681,6.47140644105648e-195,0.180477984504624,6.47140644105648e-195,2.3375443734317e-42,0.0301254647120126,2.3375443734317e-42,6.47140644105648e-195,6.47140644105648e-195,2.14671277252129e-09,0.01,1.60147750775446,0.500000076493016,100,"TAindex",10,100
"497","5yrs20ages",0.591282682974676,0.523025997702089,NA,NA,NA,NA,NA,NA,NA,NA,0.132988420532218,1.0801364846997,0.978030370299976,5,"hier",2,100
"498","10yrs10ages",0.024580194178257,0.00176126361168122,0.619309904606842,NA,NA,NA,NA,NA,NA,NA,0.01,2.63899238738563,0.986963235375317,10,"hier",3,100
"499","20yrs5ages",0.0718950694290379,0.0390713319467782,0.313540439431297,0,NA,NA,NA,NA,NA,NA,0.01,1.92645117548193,0.998896093604335,20,"hier",4,100
"500","25yrs4ages",0.000919512540749824,0.0554759410047736,0.145885521837281,0.0725578597324717,0,NA,NA,NA,NA,NA,0.01,1.64472966632339,0.992748569891256,25,"hier",5,100
